product,store,price,category,period_start,period_end
Bare Water Spiked Water,ALDI,7.99,alcohol,2026-05-20,2026-05-26
Belletti Prosecco D. O. C.,ALDI,9.69,alcohol,2026-05-06,2026-05-12
Belletti Prosecco Rosé,ALDI,9.95,alcohol,2026-05-20,2026-05-26
California Heritage Chardonnay,ALDI,4.95,alcohol,2026-05-20,2026-05-26
"Crane Crab, Shell or Hopscotch Splash Pad",ALDI,6.99,alcohol,2026-05-20,2026-05-26
Don't Mind If I Do Pinot Noir,ALDI,7.69,alcohol,2026-05-20,2026-05-26
Don't Mind If I Do Sauvignon Blanc,ALDI,7.79,alcohol,2026-05-20,2026-05-26
Great Gherkins Sweet Heat or Red Wine Vinegar Pickle Chips,ALDI,3.49,alcohol,2026-04-29,2026-05-05
Hinkler Kaleidoscope Coloring,ALDI,7.99,alcohol,2026-07-29,2026-08-04
Hopping Nomad Session IPA,ALDI,7.69,alcohol,2026-05-20,2026-05-26
Lily & Dan/L&D Toddlers' or Children's Outfit Multipack,ALDI,12.99,alcohol,2026-05-20,2026-05-26
Limaveza Lime Lager,ALDI,7.99,alcohol,2026-05-20,2026-05-26
Pacific Fruit Vineyards Sweet Peach Wine,ALDI,3.79,alcohol,2026-05-20,2026-05-26
Simms Multipack Meat Snack Sticks,ALDI,3.89,alcohol,2026-07-22,2026-07-28
Simms Multipack Meat Snack Sticks,ALDI,3.89,alcohol,2026-09-02,2026-09-08
Specially Selected Pinot Grigio,ALDI,9.29,alcohol,2026-05-20,2026-05-26
Specially Selected Touraine Sauvignon Blanc,ALDI,7.99,alcohol,2026-05-20,2026-05-26
Fresh Sweet Bourbon Atlantic Salmon on a Cedar Plank,ALDI,10.99,alcohol,2026-06-10,2026-06-16
Vista Bay Hard Seltzer Punch Variety Pack,ALDI,13.29,alcohol,2026-05-20,2026-05-26
Vista Bay Hard Seltzer Variety Pack,ALDI,13.29,alcohol,2026-05-20,2026-05-26
Wernesgrüner Pilsner,ALDI,7.19,alcohol,2026-05-20,2026-05-26
White Tide Belgian White Ale,ALDI,7.69,alcohol,2026-05-20,2026-05-26
Wicked Grove Hard Cider,ALDI,8.99,alcohol,2026-05-20,2026-05-26
"24 Pack - 12 Oz. Cans Or Bottles Michelob Ultra 24 Pack - 12 Oz. Cans Yuengling Flight, Corona Premier Or Modelo Oro",Food Lion,20.99,alcohol,2026-05-20,2026-05-26
Aleve Caplets,Food Lion,8.99,alcohol,2026-05-20,2026-05-26
André or Rancho La Gloria Margarita Wine,Food Lion,8.99,alcohol,2026-09-02,2026-09-08
Apothic or Clearwater Cove Wine,Food Lion,9.99,alcohol,2026-05-06,2026-05-12
Apothic or Clearwater Cove Wine,Food Lion,7.99,alcohol,2026-07-22,2026-07-28
Artie or Barefoot Wine,Food Lion,5.99,alcohol,2026-06-10,2026-06-16
Artie or Duplin Wine,Food Lion,6.99,alcohol,2026-04-29,2026-05-05
Artie or Duplin Wine,Food Lion,6.99,alcohol,2026-07-01,2026-07-07
Barefoot Wine,Food Lion,10.99,alcohol,2026-05-27,2026-06-02
Barefoot Wine,Food Lion,8.79,alcohol,2026-07-22,2026-07-28
Biltmore or Kim Crawford Wine,Food Lion,10.39,alcohol,2026-05-13,2026-05-19
"Bold Rock, Noda Cheerwine or Red Oak",Food Lion,10.99,alcohol,2026-05-27,2026-06-02
Bota Box Wine,Food Lion,17.99,alcohol,2026-06-03,2026-06-09
Bota Box Wine,Food Lion,17.99,alcohol,2026-09-02,2026-09-08
"Bud Light, Miller Lite, Coors or Yuengling",Food Lion,21.99,alcohol,2026-05-13,2026-05-19
"Bud Family, Miller Family, Coors Family or Yuengling",Food Lion,21.99,alcohol,2026-04-22,2026-04-28
"Bud Family, Miller Family, Coors Family or Yuengling",Food Lion,19.99,alcohol,2026-05-06,2026-05-12
"Bud Family, Miller Family, Coors Family or Yuengling",Food Lion,18.99,alcohol,2026-05-20,2026-05-26
"Bud Family, Miller Family, Coors Family or Yuengling",Food Lion,21.99,alcohol,2026-06-03,2026-06-09
"Bud Family, Miller Family, Coors Family or Yuengling",Food Lion,19.99,alcohol,2026-06-10,2026-06-16
"Bud Family, Miller Family, Coors Family or Yuengling",Food Lion,21.99,alcohol,2026-06-17,2026-06-23
"Bud Family, Miller Family, Coors Family or Yuengling",Food Lion,18.99,alcohol,2026-07-01,2026-07-07
"Bud Family, Miller Family, Coors Family or Yuengling",Food Lion,17.99,alcohol,2026-09-02,2026-09-08
"Bud, Miller Lite, Coors or Yuengling",Food Lion,21.99,alcohol,2026-04-29,2026-05-05
"Bud, Miller, or Coors",Food Lion,11.99,alcohol,2026-07-22,2026-07-28
Cavit Wine,Food Lion,14.99,alcohol,2026-05-27,2026-06-02
Childress or Cook's Wine,Food Lion,8.99,alcohol,2026-05-27,2026-06-02
Childress Or Les Florets Wine,Food Lion,7.99,alcohol,2026-05-06,2026-05-12
CLOS DU BOIS OR CLEARWATER COVE WINE,Food Lion,9.99,alcohol,2026-09-02,2026-09-08
Cook's or Trivento Wine,Food Lion,7.19,alcohol,2026-04-22,2026-04-28
Corona,Food Lion,17.99,alcohol,2026-04-22,2026-04-28
"CORONA, HEINEKEN OR STELLA ARTOIS",Food Lion,17.99,alcohol,2026-06-17,2026-06-23
"Corona, Modelo, Heineken or Peroni",Food Lion,17.99,alcohol,2026-05-13,2026-05-19
"Corona, Modelo or Heineken",Food Lion,14.99,alcohol,2026-05-27,2026-06-02
"Corona, Modelo or Heineken",Food Lion,17.99,alcohol,2026-07-01,2026-07-07
"Corona, Modelo or Pacifico",Food Lion,14.99,alcohol,2026-04-29,2026-05-05
"Corona Non-Alc, Heineken 0.0 or Athletic Brewing",Food Lion,9.99,alcohol,2026-09-02,2026-09-08
CORONA OR HEINEKEN,Food Lion,16.99,alcohol,2026-09-02,2026-09-08
Corona or Modelo,Food Lion,13.99,alcohol,2026-07-22,2026-07-28
"CORONA PREMIER, MODELO ORO OR YUENGLING FLIGHT",Food Lion,20.99,alcohol,2026-06-17,2026-06-23
"CORONA PREMIER, MODELO ORO OR YUENGLING FLIGHT",Food Lion,20.99,alcohol,2026-09-02,2026-09-08
Corona Premier Or Yuengling,Food Lion,22.99,alcohol,2026-05-13,2026-05-19
Corona Premier or Yuengling Flight,Food Lion,22.99,alcohol,2026-06-10,2026-06-16
"Corona Premier, Yuengling Flight or Modelo Oro",Food Lion,21.99,alcohol,2026-06-03,2026-06-09
Curmudgeon or Risata Wine,Food Lion,14.99,alcohol,2026-05-27,2026-06-02
Debonair or Duplin Wine,Food Lion,6.99,alcohol,2026-05-20,2026-05-26
Ecco Domani or Kim Crawford Wine,Food Lion,12.99,alcohol,2026-04-29,2026-05-05
Ecco Domani Or Yes Way Rose Wine,Food Lion,10.39,alcohol,2026-07-22,2026-07-28
Fiorucci Antipasti Variety Pack,Food Lion,5.99,alcohol,2026-05-27,2026-06-02
Franzia Wine,Food Lion,20.99,alcohol,2026-05-20,2026-05-26
Frito Lay Multipack,Food Lion,10.0,alcohol,2026-04-29,2026-05-05
Frito Lay Multipacks,Food Lion,4.99,alcohol,2026-05-27,2026-06-02
Graza Sizzle Extra Virgin Olive Oil,Food Lion,12.99,alcohol,2026-05-27,2026-06-02
Heineken 0.0,Food Lion,15.99,alcohol,2026-05-06,2026-05-12
Heineken 0.0,Food Lion,14.99,alcohol,2026-05-20,2026-05-26
Heineken 0.0,Food Lion,15.99,alcohol,2026-07-22,2026-07-28
HEINEKEN 0.0 OR CORONA NA,Food Lion,15.99,alcohol,2026-06-17,2026-06-23
HEINEKEN 0.0 OR CORONA NA,Food Lion,14.99,alcohol,2026-06-17,2026-06-23
Heineken or Stella Artois,Food Lion,17.99,alcohol,2026-04-22,2026-04-28
Heineken or Stella Artois,Food Lion,17.99,alcohol,2026-05-06,2026-05-12
Hinnant or Artie Wine,Food Lion,5.59,alcohol,2026-05-13,2026-05-19
Josh Cellars Red Wine,Food Lion,13.99,alcohol,2026-06-10,2026-06-16
Kellogg's Multipacks,Food Lion,5.43,alcohol,2026-06-17,2026-06-23
Kellogg's Multipacks,Food Lion,4.99,alcohol,2026-09-02,2026-09-08
Korbel or Oyster Bay Wine,Food Lion,12.99,alcohol,2026-07-01,2026-07-07
LaMarca Wine,Food Lion,15.99,alcohol,2026-05-20,2026-05-26
Mark West or Cotes De Provence Wine,Food Lion,9.59,alcohol,2026-05-13,2026-05-19
Matua or Robert Mondavi Wine,Food Lion,12.99,alcohol,2026-06-17,2026-06-23
Meiomi or Iron Feather Wine,Food Lion,15.99,alcohol,2026-06-10,2026-06-16
"Michelob Ultra, Blue Moon, Corona Premier or Kona",Food Lion,14.99,alcohol,2026-05-27,2026-06-02
"Michelob Ultra, Modelo Oro or Kona",Food Lion,15.99,alcohol,2026-04-29,2026-05-05
Michelob Ultra or Modelo Oro,Food Lion,22.99,alcohol,2026-06-10,2026-06-16
Michelob Ultra Zero or Corona NA,Food Lion,14.99,alcohol,2026-05-06,2026-05-12
Michelob Ultra Zero or Corona NA,Food Lion,14.99,alcohol,2026-05-20,2026-05-26
Michelob Ultra Zero or Corona NA,Food Lion,15.99,alcohol,2026-07-22,2026-07-28
Modelo or Pacifico,Food Lion,17.99,alcohol,2026-05-06,2026-05-12
"Modelo, Stella Artois or Pacifico",Food Lion,17.99,alcohol,2026-05-20,2026-05-26
"Modelo, Stella Artois or Pacifico",Food Lion,17.99,alcohol,2026-06-10,2026-06-16
Novinophobia Wine,Food Lion,9.99,alcohol,2026-06-03,2026-06-09
Pompeian Extra Virgin Olive Oil,Food Lion,5.99,alcohol,2026-04-29,2026-05-05
Risata or Kim Crawford Wine,Food Lion,13.99,alcohol,2026-07-01,2026-07-07
Riunite or Sutter Home Wine,Food Lion,8.79,alcohol,2026-04-22,2026-04-28
SEAGLASS OR RUFFINO WINE,Food Lion,11.99,alcohol,2026-06-17,2026-06-23
Seaglass Or Stella Rosa Wine,Food Lion,10.99,alcohol,2026-09-02,2026-09-08
Seaglass or Vivaro Wine,Food Lion,10.99,alcohol,2026-05-20,2026-05-26
Sol Latino or Andre Wine,Food Lion,7.99,alcohol,2026-05-06,2026-05-12
STELLA ROSA OR MARK WEST WINE,Food Lion,10.99,alcohol,2026-06-17,2026-06-23
Sunrise or Duplin Wine,Food Lion,6.99,alcohol,2026-05-06,2026-05-12
Sutter Home Wine,Food Lion,9.99,alcohol,2026-06-03,2026-06-09
Talenti Gelato Or Gelato Layers,Food Lion,3.99,alcohol,2026-06-10,2026-06-16
"Twisted Tea, Cayman Jack or Simply Spiked",Food Lion,15.99,alcohol,2026-06-03,2026-06-09
"TWISTED TEA, CAYMAN JACK, SIMPLY SPIKED OR BEAST",Food Lion,15.99,alcohol,2026-07-01,2026-07-07
Twisted Tea or Simply Spiked,Food Lion,15.99,alcohol,2026-06-10,2026-06-16
Vallate or Stella Rosa Wine,Food Lion,11.99,alcohol,2026-05-06,2026-05-12
"White Claw, Topo Chico or Happy Dad Seltzer",Food Lion,16.49,alcohol,2026-04-29,2026-05-05
"White Claw, Topo Chico, Ultra Seltzer or Truly",Food Lion,16.99,alcohol,2026-05-20,2026-05-26
"White Claw, Truly or Happy Dad",Food Lion,16.49,alcohol,2026-05-06,2026-05-12
"White Claw, Truly or Happy Dad",Food Lion,16.99,alcohol,2026-07-01,2026-07-07
"White Claw, Truly or Happy Dad",Food Lion,16.99,alcohol,2026-09-02,2026-09-08
"White Claw, Truly or Ultra Seltzer",Food Lion,16.49,alcohol,2026-06-03,2026-06-09
Woodbridge Wine,Food Lion,10.99,alcohol,2026-04-29,2026-05-05
Woodbridge Wine,Food Lion,10.99,alcohol,2026-07-01,2026-07-07
Yellow Tail or Barefoot Wine,Food Lion,4.79,alcohol,2026-04-22,2026-04-28
Yes Way Rosé or Kim Crawford Wine,Food Lion,12.99,alcohol,2026-06-03,2026-06-09
"YUENGLING FLIGHT, CORONA PREMIER OR MODELO ORO",Food Lion,20.99,alcohol,2026-07-01,2026-07-07
Yuengling Flight or Corona Premier,Food Lion,22.99,alcohol,2026-04-22,2026-04-28
Yuengling Flight or Corona Premier,Food Lion,21.99,alcohol,2026-05-06,2026-05-12
14 Hands Cabernet or The Crossings Sauvignon Blanc,Harris Teeter,8.79,alcohol,2026-05-13,2026-05-19
750 ml. Acrobat Pinot Gris or Kim Crawford Sauvignon Blanc,Harris Teeter,11.19,alcohol,2026-05-13,2026-05-19
Alec's A2 Ice Cream Pints or Novelties,Harris Teeter,6.99,alcohol,2026-06-03,2026-06-09
Alexia Fries,Harris Teeter,9.0,alcohol,2026-05-13,2026-05-19
Alexia Fries,Harris Teeter,9.0,alcohol,2026-06-17,2026-06-23
Allegro Tennessee Whiskey Marinade,Harris Teeter,7.0,alcohol,2026-06-17,2026-07-14
"15 pk. Aluminum Pints Bud Family, Miller Family, Coors Family or 18 pk. Yuengling",Harris Teeter,16.99,alcohol,2026-06-03,2026-06-09
Angle's Multipacks,Harris Teeter,4.99,alcohol,2026-07-22,2026-07-28
"Athletic, Corona, Modelo or Victory",Harris Teeter,9.99,alcohol,2026-05-06,2026-05-12
"Athletic, Corona or Modelo",Harris Teeter,9.99,alcohol,2026-06-10,2026-06-16
Bourbon Salmon Portions,Harris Teeter,6.0,alcohol,2026-04-22,2026-04-28
Bourbon Salmon Portions,Harris Teeter,6.0,alcohol,2026-06-03,2026-06-09
Bread & Butter Cabernet or Acrobat Pinot Gris,Harris Teeter,12.99,alcohol,2026-06-10,2026-06-16
"Bud Family, Miller Family, Coors Family or Yuengling",Harris Teeter,24.0,alcohol,2026-04-22,2026-04-28
"Bud Family, Miller Family, Coors Family or Yuengling",Harris Teeter,18.97,alcohol,2026-04-29,2026-05-05
"Bud Family, Miller Family, Coors Family or Yuengling",Harris Teeter,10.97,alcohol,2026-05-06,2026-05-12
"Bud Family, Miller Family, Coors Family or Yuengling",Harris Teeter,16.99,alcohol,2026-05-13,2026-05-19
"Bud Family, Miller Family, Coors Family or Yuengling",Harris Teeter,18.97,alcohol,2026-05-20,2026-05-26
"Bud Family, Miller Family, Coors Family or Yuengling",Harris Teeter,24.0,alcohol,2026-05-27,2026-06-02
"Bud Family, Miller Family, Coors Family or Yuengling",Harris Teeter,18.97,alcohol,2026-06-10,2026-06-16
"Bud Family, Miller Family, Coors Family or Yuengling",Harris Teeter,24.0,alcohol,2026-06-10,2026-06-16
"Bud Family, Miller Family, Coors Family or Yuengling",Harris Teeter,18.97,alcohol,2026-06-17,2026-06-23
"Bud Family, Miller Family, Coors Family or Yuengling",Harris Teeter,17.97,alcohol,2026-07-01,2026-07-07
"Bud Family, Miller Family, Coors Family or Yuengling",Harris Teeter,17.97,alcohol,2026-09-02,2026-09-08
"20 ct. Cape Cod, Kettle or Snyder's Multipacks",Harris Teeter,10.99,alcohol,2026-04-29,2026-05-05
Cape Cod or Kettle Multipack Chips,Harris Teeter,10.99,alcohol,2026-05-27,2026-06-02
Cape Cod or Kettle Multipacks,Harris Teeter,10.99,alcohol,2026-06-10,2026-06-16
Cape Cod or Snyder's Pretzels Multipacks,Harris Teeter,5.99,alcohol,2026-05-06,2026-05-12
Cape Code or Snyder's Multipacks,Harris Teeter,5.99,alcohol,2026-05-13,2026-05-19
Castello del Poggio Prosecco or Dark Horse Buttery Chardonnay,Harris Teeter,8.99,alcohol,2026-07-01,2026-07-07
Celsius or Alani Multipacks,Harris Teeter,19.99,alcohol,2026-07-22,2026-07-28
Cesar Multipacks,Harris Teeter,14.99,alcohol,2026-04-29,2026-05-05
750 ml Chalk Hill Sonoma Chardonnay or Elouan Pinot Noir,Harris Teeter,15.19,alcohol,2026-05-13,2026-05-19
Chloe Pinot Grigio or The Crossings Sauvignon Blanc,Harris Teeter,11.99,alcohol,2026-09-02,2026-09-08
"Organic Chopped Collard Greens, Stemless Tuscan Kale or Stemless Kale",Harris Teeter,4.49,alcohol,2026-06-17,2026-07-14
Clos du Bois Chardonnay or La Vieille Ferme Rose,Harris Teeter,20.0,alcohol,2026-06-17,2026-06-23
Cobram Estate California Extra Virgin Olive Oil,Harris Teeter,13.99,alcohol,2026-06-03,2026-06-09
Cook's Brut or Castello Del Poggio Prosecco,Harris Teeter,8.49,alcohol,2026-05-06,2026-05-12
"Corona, Heineken, Modelo or Stella Artois",Harris Teeter,9.99,alcohol,2026-05-27,2026-06-02
"Corona, Heineken, Modelo or Stella Artois",Harris Teeter,14.99,alcohol,2026-09-02,2026-09-08
"Corona, Heineken, Stella Artois or Modelo",Harris Teeter,14.99,alcohol,2026-05-13,2026-05-19
"Corona, Heineken, Stella Artois or Modelo",Harris Teeter,13.97,alcohol,2026-06-03,2026-06-09
"Corona, Heineken, Stella Artois or Modelo",Harris Teeter,14.99,alcohol,2026-07-01,2026-07-07
"Corona, Modelo, Heineken or Stella Artois",Harris Teeter,14.99,alcohol,2026-06-17,2026-06-23
"Corona, Modelo, Pacifico or Dos Equis",Harris Teeter,13.99,alcohol,2026-04-29,2026-05-05
Corona or Modelo,Harris Teeter,9.99,alcohol,2026-07-22,2026-07-28
18 pk. Corona or Modelo or 24 pk. Michelob Ultra or Yuengling Flight,Harris Teeter,22.99,alcohol,2026-05-20,2026-05-26
"Corona Premier, Modelo Oro, Michelob Ultra or Yuengling Flight",Harris Teeter,22.99,alcohol,2026-07-01,2026-07-07
"18 pk. Corona Premier, Modelo Oro or 24 pk. Michelob Ultra or Yuengling Flight",Harris Teeter,22.99,alcohol,2026-06-10,2026-06-16
18 pk. Corona Premier or Modelo Oro or 24 pk. Michelob Ultra or Yuengling Flight,Harris Teeter,22.99,alcohol,2026-06-17,2026-06-23
"Daou Cabernet, Justin Cabernet or Santa Margherita Pinot Grigio",Harris Teeter,25.99,alcohol,2026-04-22,2026-04-28
Dos Equis,Harris Teeter,14.99,alcohol,2026-06-10,2026-06-16
"Dos Equis, Peroni or Red Stripe",Harris Teeter,15.99,alcohol,2026-05-13,2026-05-19
Ecco Domani Pinot Grigio or Coppola Diamond Prosecco,Harris Teeter,10.39,alcohol,2026-04-29,2026-05-05
Ecco Domani Pinot Grigio or Wish Big Prosecco,Harris Teeter,12.99,alcohol,2026-07-01,2026-07-07
Ecco Domani Pinot Grigio or Wish Big Prosecco,Harris Teeter,10.39,alcohol,2026-07-22,2026-07-28
"Ecco Domani, Ruffino Prosecco or Wish Big Prosecco",Harris Teeter,12.99,alcohol,2026-05-20,2026-05-26
750 ml. Erath Pinot Noir or 1.5 ltr. Cavit Pinot Grigio,Harris Teeter,15.99,alcohol,2026-09-02,2026-09-08
Franciscan Cabernet or Matua Sauvignon Blanc,Harris Teeter,9.59,alcohol,2026-07-22,2026-07-28
Franciscan Cabernet or Starborough Sauvignon Blanc,Harris Teeter,11.99,alcohol,2026-05-27,2026-06-02
Frito Lay Multipack,Harris Teeter,5.99,alcohol,2026-04-22,2026-04-28
Frito Lay Multipack,Harris Teeter,16.0,alcohol,2026-06-03,2026-06-09
Frito Lay Multipacks,Harris Teeter,8.97,alcohol,2026-04-29,2026-05-05
Frito Lay Multipacks,Harris Teeter,16.0,alcohol,2026-07-01,2026-07-07
Frito Lay Multipacks,Harris Teeter,5.99,alcohol,2026-09-02,2026-09-08
Gatorade Sports Drink Multipack,Harris Teeter,9.99,alcohol,2026-07-01,2026-07-07
"Happy Dad, Topo Chico, Truly or White Claw",Harris Teeter,15.99,alcohol,2026-05-20,2026-05-26
"Happy Dad, Topo Chico, Truly or White Claw",Harris Teeter,15.99,alcohol,2026-06-10,2026-06-16
Harris Teeter Ginger Ale,Harris Teeter,5.0,alcohol,2026-04-29,2026-05-05
Harris Teeter Ginger Beer,Harris Teeter,4.99,alcohol,2026-06-17,2026-07-14
Harris Teeter Hay Bale Fire Starters,Harris Teeter,5.99,alcohol,2026-07-15,2026-08-11
"Harris Teeter Light, Classic or Extra Virgin Olive Oil",Harris Teeter,4.99,alcohol,2026-05-27,2026-06-02
Harris Teeter Extra Virgin Olive Oil,Harris Teeter,7.99,alcohol,2026-05-13,2026-05-19
Harris Teeter Extra Virgin Olive Oil,Harris Teeter,7.99,alcohol,2026-06-03,2026-06-09
"Heineken, Bold Rock or Stella Artois",Harris Teeter,9.99,alcohol,2026-04-29,2026-05-05
Holland House Cooking Wine,Harris Teeter,6.0,alcohol,2026-07-15,2026-08-11
HT Traders Extra Virgin Olive Oil Squeeze Bottle,Harris Teeter,10.49,alcohol,2026-07-22,2026-07-28
Josh Prosecco or Mionetto Prosecco,Harris Teeter,11.89,alcohol,2026-05-06,2026-05-12
Juggernaut Cabernet or Chalk Hill Sonoma Chardonnay,Harris Teeter,16.99,alcohol,2026-05-27,2026-06-02
Juggernaut Cabernet Sauvignon,Harris Teeter,16.99,alcohol,2026-04-22,2026-04-28
Kim Crawford Sauvignon Blanc,Harris Teeter,13.99,alcohol,2026-06-10,2026-06-16
Korbel Brut or J Lohr Chardonnay,Harris Teeter,13.99,alcohol,2026-07-01,2026-07-07
"La Crema Monterey Chardonnay, Joel Gott Cabernet or Simi Chardonnay",Harris Teeter,14.99,alcohol,2026-04-22,2026-04-28
La Vieille Ferme Rose or Chateau Ste. Michelle Chardonnay,Harris Teeter,9.34,alcohol,2026-05-06,2026-05-12
"Lagunitas, Simply Spiked, or Leinenkugel's",Harris Teeter,16.99,alcohol,2026-05-27,2026-06-02
Line 39 Cabernet or Murphy Goode,Harris Teeter,8.99,alcohol,2026-06-10,2026-06-16
750 ml. J Lohr Chardonnay or 1.5 ltr. Cavit Pinot Grigio,Harris Teeter,12.74,alcohol,2026-06-03,2026-06-09
J Lohr 7 Oaks Cabernet,Harris Teeter,14.44,alcohol,2026-05-06,2026-05-12
J Lohr Seven Oaks Cabernet or Coppola Claret Cabernet,Harris Teeter,11.99,alcohol,2026-07-22,2026-07-28
"Lone River, Southern Tier | Dale's Pale Ale",Harris Teeter,16.99,alcohol,2026-06-03,2026-06-09
750 ml. Mark West Pinot Noir or William Hill CC Chardonnay,Harris Teeter,10.19,alcohol,2026-06-03,2026-06-09
"Michelob Ultra, Corona Premier, Yuengling Flight or Modelo Oro",Harris Teeter,22.99,alcohol,2026-04-22,2026-04-28
"Michelob Ultra, Corona Premier, Yuengling Flight or Modelo Oro",Harris Teeter,22.99,alcohol,2026-04-29,2026-05-05
"Michelob Ultra, Corona Premier, Yuengling Flight or Modelo Oro",Harris Teeter,22.99,alcohol,2026-05-13,2026-05-19
"Michelob Ultra, Yuengling Flight, Corona Premier or Modelo Oro",Harris Teeter,21.99,alcohol,2026-09-02,2026-09-08
"Mike's Hard, Smirnoff or White Claw",Harris Teeter,9.99,alcohol,2026-06-03,2026-06-09
Mionetto Prosecco or Josh Cellars Prosecco,Harris Teeter,13.99,alcohol,2026-06-10,2026-06-16
"Mionetto, Ruffino, Coppola or Josh Prosecco",Harris Teeter,11.19,alcohol,2026-07-22,2026-07-28
Nabisco Multipack Cookies & Crackers,Harris Teeter,8.99,alcohol,2026-05-20,2026-05-26
Nabisco Multipacks,Harris Teeter,12.0,alcohol,2026-05-20,2026-05-26
Nightingale Ice Cream Sandwiches,Harris Teeter,5.49,alcohol,2026-06-17,2026-07-14
Nobilo Sauvignon Blanc or Mark West Pinot Noir,Harris Teeter,11.99,alcohol,2026-04-22,2026-04-28
Nobilo Sauvignon Blanc or Mark West Pinot Noir,Harris Teeter,11.99,alcohol,2026-06-17,2026-06-23
Olay Super Serum Body Wash,Harris Teeter,5.0,alcohol,2026-04-29,2026-05-05
Oyster Bay Sauvignon Blanc,Harris Teeter,11.99,alcohol,2026-04-29,2026-05-05
Oyster Bay Sauvignon Blanc,Harris Teeter,13.99,alcohol,2026-05-27,2026-06-02
Pepperidge Farm Goldfish Multipacks,Harris Teeter,5.99,alcohol,2026-07-01,2026-07-07
Pepperidge Farm Goldfish Multipacks,Harris Teeter,8.99,alcohol,2026-07-22,2026-07-28
Pompeian Red Wine Vinegar,Harris Teeter,2.49,alcohol,2026-06-03,2026-06-09
Private Selection Avocado Blend Extra Virgin Olive Oil,Harris Teeter,7.99,alcohol,2026-09-02,2026-09-08
ReaLemon or ReaLime Juice,Harris Teeter,4.0,alcohol,2026-05-06,2026-05-12
ReaLemon or ReaLime Juice,Harris Teeter,4.0,alcohol,2026-05-13,2026-05-19
Reveal Wet Cat Food Multipacks,Harris Teeter,14.99,alcohol,2026-07-01,2026-07-07
Riondo Prosecco or Dashwood Sauvignon Blanc,Harris Teeter,11.19,alcohol,2026-05-13,2026-05-19
Riondo Prosecco or Dashwood Sauvignon Blanc,Harris Teeter,11.89,alcohol,2026-06-03,2026-06-09
Robert Mondavi Private Selection or Line 39 Cabernet,Harris Teeter,7.19,alcohol,2026-04-29,2026-05-05
Rombauer Sauvignon Blanc,Harris Teeter,23.19,alcohol,2026-05-13,2026-05-19
Ruffino Prosecco or Ferrari-Carano Fume Blanc,Harris Teeter,13.99,alcohol,2026-06-17,2026-06-23
Ruffino Prosecco or Hahn Pinot Noir,Harris Teeter,12.99,alcohol,2026-04-22,2026-04-28
Santa Margherita Pinot Grigio,Harris Teeter,25.99,alcohol,2026-06-17,2026-06-23
Santa Margherita Pinot Grigio,Harris Teeter,25.99,alcohol,2026-09-02,2026-09-08
Silver Spring Beer Brat Mustard,Harris Teeter,5.0,alcohol,2026-06-17,2026-07-14
"Simi Chardonnay, Erath Pinot Noir or J Vineyards Pinot Gris",Harris Teeter,15.99,alcohol,2026-07-01,2026-07-07
Simi Chardonnay or Coppola Claret,Harris Teeter,15.99,alcohol,2026-05-27,2026-06-02
Simple Truth Organic Extra Virgin Olive Oil,Harris Teeter,7.99,alcohol,2026-07-01,2026-07-07
Simple Truth Organic Extra Virgin Olive Oil,Harris Teeter,7.99,alcohol,2026-07-22,2026-07-28
Sonoma- Cutrer Chardonnay,Harris Teeter,22.09,alcohol,2026-05-06,2026-05-12
Sonoma- Cutrer Chardonnay,Harris Teeter,21.59,alcohol,2026-07-22,2026-07-28
Starborough Sauvignon Blanc or Franciscan Cabernet,Harris Teeter,11.99,alcohol,2026-06-17,2026-06-23
A to Z Pinot Noir or Prati by R. Mondavi Sonoma Cabernet,Harris Teeter,14.44,alcohol,2026-05-06,2026-05-12
Trivento Malbec or Line 39 Cabernet,Harris Teeter,9.99,alcohol,2026-09-02,2026-09-08
J Vineyards Multi App Pinot Noir,Harris Teeter,19.99,alcohol,2026-09-02,2026-09-08
J Vineyards Multi Appelation Pinot Noir,Harris Teeter,16.79,alcohol,2026-05-13,2026-05-19
"J Vineyards Pinot Gris, Hess Select Cabernet or Erath Pinot Noir",Harris Teeter,15.99,alcohol,2026-06-10,2026-06-16
"J Vineyards Pinot Gris, Simi Chardonnay or Erath Pinot Noir",Harris Teeter,12.79,alcohol,2026-04-29,2026-05-05
"White Claw, Athletic, Mike's Hard or Cayman Jack",Harris Teeter,17.99,alcohol,2026-04-29,2026-05-05
"White Claw, Athletic, Mike's Hard or Cayman Jack",Harris Teeter,17.99,alcohol,2026-05-13,2026-05-19
"White Claw, Happy Dad, Topo Chico or Truly Hard Seltzer",Harris Teeter,15.99,alcohol,2026-04-22,2026-04-28
"White Claw, Happy Dad, Topo Chico or Truly Hard Seltzer",Harris Teeter,14.97,alcohol,2026-05-06,2026-05-12
"White Claw, Truly, Happy Dad or Topo Chico Hard Seltzers",Harris Teeter,15.99,alcohol,2026-07-01,2026-07-07
"White Claw, Truly, Topo Chico or Happy Dad Seltzers",Harris Teeter,14.99,alcohol,2026-09-02,2026-09-08
Whitehaven Sauvignon Blanc,Harris Teeter,17.99,alcohol,2026-04-22,2026-04-28
Whitehaven Sauvignon Blanc,Harris Teeter,17.99,alcohol,2026-05-20,2026-05-26
Whitehaven Sauvignon Blanc,Harris Teeter,17.99,alcohol,2026-06-17,2026-06-23
William Hill CC Chardonnay or Wish Big Prosecco,Harris Teeter,12.99,alcohol,2026-09-02,2026-09-08
Bavarian Meats Multipack,Lowes Foods,6.99,alcohol,2026-05-27,2026-06-02
"New Belgium, Corona, Truly or Happy Dad",Lowes Foods,13.88,alcohol,2026-04-22,2026-04-28
"New Belgium, Wicked Weed, Modelo or White Claw",Lowes Foods,13.88,alcohol,2026-06-17,2026-06-23
"Blue Moon, Leinenkugel's or Simply Spiked",Lowes Foods,16.99,alcohol,2026-07-01,2026-07-07
Botticelli Extra Virgin Olive Oil,Lowes Foods,8.99,alcohol,2026-09-02,2026-09-08
"Bud Family, Miller Family, Coors Family or Yuengling",Lowes Foods,21.99,alcohol,2026-05-27,2026-06-02
"Bud Family, Miller Family, Coors Family or Yuengling",Lowes Foods,18.88,alcohol,2026-06-10,2026-06-16
"Bud, Miller or Coors 15 pack 16 oz aluminum bottles Ultra 12 pack 16 oz aluminum bottles",Lowes Foods,16.88,alcohol,2026-04-22,2026-04-28
"Bud, Miller or Coors selected 15 pack 16 oz aluminum bottles Ultra selected 12 pack 16 oz aluminum bottles",Lowes Foods,16.88,alcohol,2026-05-13,2026-05-19
"Bud, Miller or Coors | Ultra",Lowes Foods,16.88,alcohol,2026-06-03,2026-06-09
"Bud, Miller or Coors | Ultra",Lowes Foods,17.76,alcohol,2026-07-22,2026-07-28
Busch or Natural Light selected 24 pack 12 oz bottles or cans Heineken selected 12 pack 12 oz bottles or cans,Lowes Foods,16.88,alcohol,2026-04-29,2026-05-05
Conundrum or Bonanza,Lowes Foods,15.99,alcohol,2026-06-10,2026-06-16
"Corona, Modelo or Pacifico",Lowes Foods,16.99,alcohol,2026-05-06,2026-05-12
"Corona, Modelo, White Claw or Sierra Nevada",Lowes Foods,14.88,alcohol,2026-07-01,2026-07-07
"Corona, Pacifico or Heineken",Lowes Foods,16.99,alcohol,2026-06-17,2026-06-23
"Corona Premier, Modelo Oro or Flight",Lowes Foods,23.99,alcohol,2026-07-01,2026-07-07
"Corona Premier, Modelo Oro or Flight",Lowes Foods,19.99,alcohol,2026-07-22,2026-07-28
"Corona Premier, Modelo Oro or Garage Beer",Lowes Foods,21.99,alcohol,2026-06-17,2026-06-23
"Corona Premier, Modelo Oro or Garage Beer",Lowes Foods,21.99,alcohol,2026-09-02,2026-09-08
"Corona, Truly, SweetWater or Bold Rock",Lowes Foods,13.88,alcohol,2026-07-22,2026-07-28
"Dos Equis, Pacifico or Red Stripe",Lowes Foods,16.99,alcohol,2026-07-01,2026-07-07
"Flight, Modelo Oro, or Corona Premier",Lowes Foods,22.99,alcohol,2026-05-20,2026-05-26
"Freixenet, Conundrum or Chateau Ste. Michelle",Lowes Foods,10.88,alcohol,2026-04-29,2026-05-05
"Guinness, Heineken or Stella",Lowes Foods,17.99,alcohol,2026-05-06,2026-05-12
"Happy Dad, Truly or Simply Spiked",Lowes Foods,16.49,alcohol,2026-06-17,2026-06-23
"Happy Dad, Truly or Vizzy",Lowes Foods,15.88,alcohol,2026-04-29,2026-05-05
I Heart Sparkling Wine,Lowes Foods,9.88,alcohol,2026-05-06,2026-05-12
"Heineken 0.0, Athletic or Corona",Lowes Foods,9.99,alcohol,2026-05-13,2026-05-19
"Heineken, Guinness or Peroni",Lowes Foods,17.99,alcohol,2026-06-10,2026-06-16
"Heineken, Stella Artois or Peroni",Lowes Foods,18.99,alcohol,2026-07-01,2026-07-07
"La Crema Sonoma Cabernet, Whispering Angel, Sonoma Cutrer",Lowes Foods,19.99,alcohol,2026-05-27,2026-06-02
Lowes Foods Jones Gap Falls Trail Mix Multipack,Lowes Foods,13.99,alcohol,2026-07-01,2026-07-07
Lowes Foods Trail Mix Multipack,Lowes Foods,13.99,alcohol,2026-05-27,2026-06-02
"Mike's or Cayman Jack selected 12 pack 12 oz bottles or cans, Founders selected 15 pack 12 oz cans",Lowes Foods,17.99,alcohol,2026-05-27,2026-06-02
"Modelo, Corona, Dos Equis or White Claw",Lowes Foods,14.88,alcohol,2026-04-29,2026-05-05
"Modelo Oro, Corona Premier or Ultra",Lowes Foods,21.99,alcohol,2026-06-10,2026-06-16
"Modelo, Pacifico or Heineken",Lowes Foods,16.99,alcohol,2026-05-20,2026-05-26
"Modelo, Truly, Happy Dad or Blue Moon",Lowes Foods,14.88,alcohol,2026-05-13,2026-05-19
"Pacifico, Dos Equis or Stella Artois",Lowes Foods,16.99,alcohol,2026-06-10,2026-06-16
"Pacifico, Heineken or Stella Artois",Lowes Foods,17.99,alcohol,2026-09-02,2026-09-08
"Peroni, Modelo or Landshark",Lowes Foods,14.88,alcohol,2026-04-22,2026-04-28
Pirate's Booty Multipack,Lowes Foods,6.49,alcohol,2026-04-29,2026-05-05
"Sierra Nevada, Foothills, Corona or Happy Dad",Lowes Foods,14.88,alcohol,2026-06-10,2026-06-16
Simply Done Disinfecting Wipes Multipack,Lowes Foods,7.99,alcohol,2026-06-10,2026-06-16
Simply Done Disinfecting Wipes Multipack,Lowes Foods,10.0,alcohol,2026-07-22,2026-07-28
Simply Spiked or Cayman Jack 12 pack 12 oz cans Sunboy 8 pack 12 oz cans,Lowes Foods,15.99,alcohol,2026-05-06,2026-05-12
Talenti Gelato or Sorbet,Lowes Foods,8.0,alcohol,2026-05-20,2026-05-26
"Talenti Gelato, Sorbetto or Layers",Lowes Foods,8.0,alcohol,2026-06-17,2026-06-23
"Talenti Gelato, Sorbetto or Layers",Lowes Foods,8.0,alcohol,2026-07-01,2026-07-07
"Talenti Gelato, Sorbetto or Layers",Lowes Foods,9.0,alcohol,2026-09-02,2026-09-08
Texas Tamale Pork Tamales,Lowes Foods,9.49,alcohol,2026-07-01,2026-07-07
"Topo Chico, Corona, SweetWater or Ultra",Lowes Foods,14.88,alcohol,2026-06-03,2026-06-09
"Topo Chico, Happy Dad or White Claw",Lowes Foods,17.99,alcohol,2026-09-02,2026-09-08
"Truly, Happy Dad or Twisted Tea",Lowes Foods,17.99,alcohol,2026-07-01,2026-07-07
Truly or Happy Dad or Sunboy,Lowes Foods,17.99,alcohol,2026-05-20,2026-05-26
Truly or Vizzy selected 16 pack 12 oz cans or Sunboy selected 8 pack 12 oz cans,Lowes Foods,15.99,alcohol,2026-06-10,2026-06-16
"Truly, Wicked Weed, Sierra Nevada or Corona",Lowes Foods,14.88,alcohol,2026-09-02,2026-09-08
"Ultra, Bud, Miller, Coors or Yuengling",Lowes Foods,18.88,alcohol,2026-04-29,2026-05-05
"Ultra, Bud, Miller, Coors or Yuengling",Lowes Foods,18.88,alcohol,2026-05-06,2026-05-12
"Ultra, Bud, Miller, Coors or Yuengling",Lowes Foods,17.76,alcohol,2026-05-20,2026-05-26
"Ultra, Bud, Miller, Coors or Yuengling",Lowes Foods,18.88,alcohol,2026-06-17,2026-06-23
"Ultra, Bud, Miller, Coors or Yuengling",Lowes Foods,17.76,alcohol,2026-07-01,2026-07-07
"Ultra, Bud, Miller, Coors or Yuengling",Lowes Foods,17.88,alcohol,2026-09-02,2026-09-08
"Ultra, Flight or Corona Premier",Lowes Foods,19.99,alcohol,2026-05-13,2026-05-19
"Ultra Seltzer, Vizzy or Garage Beer",Lowes Foods,15.99,alcohol,2026-07-22,2026-07-28
"White Claw, Truly or Peroni selected 12 pack 12 oz bottles or cans Founders selected 15 pack 12 oz cans",Lowes Foods,14.88,alcohol,2026-05-06,2026-05-12
Wicked Weed or Victory selected 12 pack 12 oz bottles or cans or Founders selected 15 pack 12 oz cans,Lowes Foods,18.99,alcohol,2026-07-01,2026-07-07
"Wicked Weed, Sierra, Corona, White Claw",Lowes Foods,14.88,alcohol,2026-05-20,2026-05-26
1000 Stories Cabernet Sauvignon Wine,Publix,19.19,alcohol,2026-04-29,2026-05-05
12-Pack Angry Orchard Hard Cider,Publix,18.49,alcohol,2026-05-06,2026-05-12
12-Pack Angry Orchard Hard Cider,Publix,18.49,alcohol,2026-05-20,2026-05-26
12-Pack Angry Orchard Hard Cider,Publix,18.49,alcohol,2026-06-10,2026-06-16
12-Pack Angry Orchard Hard Cider,Publix,18.49,alcohol,2026-07-01,2026-07-07
12-Pack Athletic Brewing Co Non-Alcoholic Beer,Publix,14.99,alcohol,2026-09-02,2026-09-08
12-Pack New Belgium Beer,Publix,18.99,alcohol,2026-05-06,2026-05-12
12-Pack New Belgium Beer,Publix,18.67,alcohol,2026-06-03,2026-06-10
12-Pack New Belgium Beer,Publix,17.99,alcohol,2026-06-17,2026-06-23
12-Pack Bero Non-Alcoholic Beer,Publix,19.99,alcohol,2026-05-27,2026-06-03
12-Pack Bero Non-Alcoholic Beer,Publix,19.99,alcohol,2026-07-01,2026-07-07
12-Pack Blue Moon Beer,Publix,15.99,alcohol,2026-05-13,2026-05-19
12-Pack Blue Moon Beer,Publix,15.99,alcohol,2026-06-17,2026-06-23
12-Pack Blue Moon Beer,Publix,17.49,alcohol,2026-09-02,2026-09-08
12-Pack Bud Light Lime Beer,Publix,14.99,alcohol,2026-07-01,2026-07-07
12-Pack Bud Light Lime Beer,Publix,14.99,alcohol,2026-09-02,2026-09-08
12-Pack Cigar City Brewing Beer,Publix,17.99,alcohol,2026-05-27,2026-06-03
12-Pack Corona Extra Beer,Publix,17.49,alcohol,2026-04-29,2026-05-05
12-Pack Corona Extra Beer,Publix,17.49,alcohol,2026-05-20,2026-05-26
12-Pack Corona Extra Beer,Publix,17.49,alcohol,2026-05-27,2026-06-03
12-Pack Corona Extra Beer,Publix,16.67,alcohol,2026-06-03,2026-06-10
12-Pack Corona Extra Beer,Publix,16.99,alcohol,2026-07-01,2026-07-07
"12-Pack Corona Extra Beer Or Light, 12-oz can or bot.",Publix,15.99,alcohol,2026-09-02,2026-09-08
12-Pack Dos Equis Lager Especial,Publix,15.49,alcohol,2026-04-22,2026-04-28
12-Pack Dos Equis Lager Especial,Publix,15.49,alcohol,2026-04-29,2026-05-05
12-Pack Dos Equis Lager Especial,Publix,15.49,alcohol,2026-05-13,2026-05-19
12-Pack Dos Equis Lager Especial,Publix,16.99,alcohol,2026-07-22,2026-07-28
12-Pack Estrella Jalisco Beer,Publix,16.99,alcohol,2026-04-29,2026-05-05
12-Pack Estrella Jalisco Beer,Publix,16.99,alcohol,2026-06-17,2026-06-23
12-Pack Estrella Jalisco Beer,Publix,16.99,alcohol,2026-09-02,2026-09-08
"12-Pack Estrella Jalisco Beer, 12-oz bot.",Publix,16.99,alcohol,2026-04-22,2026-04-28
12-Pack Heineken Lager,Publix,16.99,alcohol,2026-06-10,2026-06-16
12-Pack Heineken Lager,Publix,16.99,alcohol,2026-06-17,2026-06-23
12-Pack Heineken Lager,Publix,16.99,alcohol,2026-09-02,2026-09-08
12-Pack Heineken Lager Or Heineken 0.0,Publix,16.99,alcohol,2026-05-06,2026-05-12
12-Pack Heineken Lager or Silver Beer,Publix,16.99,alcohol,2026-05-20,2026-05-26
12-Pack Kona Brewing Co. Beer,Publix,16.99,alcohol,2026-05-13,2026-05-19
12-Pack Kona Brewing Co. Beer,Publix,16.99,alcohol,2026-06-10,2026-06-16
12-Pack Kona Brewing Co. Beer or Landshark Island Style Lager,Publix,17.49,alcohol,2026-09-02,2026-09-08
"12-Pack Kona Brewing Co., Landshark, or Golden Road Brewing Beer",Publix,16.99,alcohol,2026-04-22,2026-04-28
12-Pack Landshark Island Style Lager,Publix,16.99,alcohol,2026-05-20,2026-05-26
12-Pack Leinenkugel's Brewing Co. Beer,Publix,15.99,alcohol,2026-05-06,2026-05-12
12-Pack Michelob Ultra Beer,Publix,15.39,alcohol,2026-04-22,2026-04-28
12-Pack Michelob Ultra Beer,Publix,15.39,alcohol,2026-04-29,2026-05-05
12-Pack Michelob Ultra Beer,Publix,15.39,alcohol,2026-05-06,2026-05-12
12-Pack Michelob Ultra Beer,Publix,15.39,alcohol,2026-07-22,2026-07-28
12-Pack Michelob Ultra Pure Gold Light Lager,Publix,16.99,alcohol,2026-06-03,2026-06-10
12-Pack Montucky Cold Snacks Lager,Publix,15.99,alcohol,2026-04-22,2026-04-28
12-Pack Montucky Cold Snacks Lager,Publix,15.99,alcohol,2026-07-01,2026-07-07
12-Pack Montucky Cold Snacks Lager,Publix,13.99,alcohol,2026-09-02,2026-09-08
12-Pack Peroni Nastro Azzurro Beer,Publix,20.99,alcohol,2026-05-06,2026-05-12
12-Pack Peroni Nastro Azzurro Beer,Publix,20.99,alcohol,2026-06-03,2026-06-10
12-Pack Peroni Nastro Azzurro Beer,Publix,20.99,alcohol,2026-07-01,2026-07-07
12-Pack Samuel Adams Beer,Publix,16.99,alcohol,2026-05-20,2026-05-26
12-Pack Samuel Adams Beer,Publix,16.99,alcohol,2026-07-01,2026-07-07
12-Pack Sierra Nevada Brewing Co. Beer,Publix,18.99,alcohol,2026-04-29,2026-05-05
12-Pack Sierra Nevada Brewing Co. Beer,Publix,18.99,alcohol,2026-05-20,2026-05-26
12-Pack Sierra Nevada Brewing Co. Beer,Publix,18.67,alcohol,2026-06-03,2026-06-10
12-Pack Simply Spiked Lemonade,Publix,17.99,alcohol,2026-05-06,2026-05-12
12-Pack Simply Spiked Lemonade,Publix,20.99,alcohol,2026-09-02,2026-09-08
12-Pack Stella Artois Lager,Publix,16.99,alcohol,2026-04-29,2026-05-05
12-Pack Stella Artois Lager,Publix,16.99,alcohol,2026-05-13,2026-05-19
12-Pack Stella Artois Lager,Publix,16.99,alcohol,2026-05-20,2026-05-26
12-Pack Stella Artois Lager,Publix,16.99,alcohol,2026-05-27,2026-06-03
12-Pack Stella Artois Lager,Publix,16.99,alcohol,2026-06-10,2026-06-16
12-Pack Stella Artois Lager,Publix,16.99,alcohol,2026-06-17,2026-06-23
12-Pack Stella Artois Lager,Publix,16.99,alcohol,2026-07-01,2026-07-07
12-Pack Stella Artois Lager,Publix,16.99,alcohol,2026-09-02,2026-09-08
12-Pack Sweetwater Brewing Company Beer,Publix,17.49,alcohol,2026-05-13,2026-05-19
12-Pack Sweetwater Brewing Company Beer,Publix,17.99,alcohol,2026-05-20,2026-05-26
12-Pack Sweetwater Brewing Company Beer,Publix,17.99,alcohol,2026-07-01,2026-07-07
12-Pack Topo Chico Hard Seltzer,Publix,18.99,alcohol,2026-04-29,2026-05-05
12-Pack Topo Chico Hard Seltzer,Publix,18.99,alcohol,2026-07-01,2026-07-07
12-Pack Truly Hard Seltzer,Publix,16.99,alcohol,2026-04-22,2026-04-28
12-Pack Truly Hard Seltzer,Publix,16.99,alcohol,2026-05-20,2026-05-26
12-Pack Truly Hard Seltzer,Publix,16.99,alcohol,2026-06-17,2026-06-23
12-Pack White Claw Hard Seltzer,Publix,16.99,alcohol,2026-05-13,2026-05-19
12-Pack White Claw Hard Seltzer,Publix,16.67,alcohol,2026-06-03,2026-06-10
12-Pack White Claw Hard Seltzer,Publix,16.99,alcohol,2026-07-01,2026-07-07
12-Pack White Claw Hard Seltzer Variety Pack,Publix,16.99,alcohol,2026-05-20,2026-05-26
12-Pack Wicked Weed Brewing Beer,Publix,19.99,alcohol,2026-06-17,2026-06-23
12-Pack Wicked Weed Brewing Beer,Publix,19.99,alcohol,2026-09-02,2026-09-08
12-Pack Yuengling Traditional Lager,Publix,14.49,alcohol,2026-04-22,2026-04-28
12-Pack Yuengling Traditional Lager,Publix,11.99,alcohol,2026-05-27,2026-06-03
12-Pack Yuengling Traditional Lager,Publix,11.99,alcohol,2026-06-03,2026-06-10
13 Rams Cabernet Sauvignon Wine,Publix,14.99,alcohol,2026-05-20,2026-05-26
13 Rams Cabernet Sauvignon Wine,Publix,14.99,alcohol,2026-09-02,2026-09-08
15-Pack Budweiser or Bud Light Beer,Publix,18.99,alcohol,2026-06-10,2026-06-16
15-Pack Miller Lite Beer,Publix,18.99,alcohol,2026-05-13,2026-05-19
18-Pack Michelob Ultra Beer,Publix,19.89,alcohol,2026-06-03,2026-06-10
24-Pack Bud Light Beer,Publix,22.99,alcohol,2026-05-06,2026-05-12
24-Pack Bud Light Beer,Publix,22.99,alcohol,2026-05-13,2026-05-19
"24-Pack Busch, Busch Light, or Natural Light Beer",Publix,18.99,alcohol,2026-05-20,2026-05-26
"24-Pack Busch, Busch Light, or Natural Light Beer",Publix,18.99,alcohol,2026-06-10,2026-06-16
"24-Pack Busch, Busch Light, or Natural Light Beer",Publix,18.99,alcohol,2026-06-17,2026-06-23
"24-Pack Natural Light, Busch, or Busch Light Beer",Publix,18.99,alcohol,2026-07-01,2026-07-07
"24-Pack Natural Light, Busch, or Busch Light Beer",Publix,18.99,alcohol,2026-07-22,2026-07-28
24-Pack Michelob Ultra Beer,Publix,24.49,alcohol,2026-05-13,2026-05-19
24-Pack Michelob Ultra Beer,Publix,24.49,alcohol,2026-05-20,2026-05-26
24-Pack Michelob Ultra Beer,Publix,24.49,alcohol,2026-06-10,2026-06-16
24-Pack Michelob Ultra Beer,Publix,24.49,alcohol,2026-06-17,2026-06-23
24-Pack Michelob Ultra Beer,Publix,24.49,alcohol,2026-07-01,2026-07-07
24-Pack Michelob Ultra Beer,Publix,23.99,alcohol,2026-09-02,2026-09-08
24-Pack Miller Lite Beer,Publix,22.99,alcohol,2026-05-20,2026-05-26
24-Pack Miller Lite Beer,Publix,22.99,alcohol,2026-05-27,2026-06-03
24-Pack Miller Lite Beer,Publix,22.99,alcohol,2026-06-10,2026-06-16
24-Pack Miller Lite Beer,Publix,22.99,alcohol,2026-06-17,2026-06-23
24-Pack Miller Lite Beer,Publix,22.99,alcohol,2026-07-01,2026-07-07
24-Pack Miller Lite Beer,Publix,22.99,alcohol,2026-07-22,2026-07-28
24-Pack Miller Lite Beer,Publix,22.99,alcohol,2026-09-02,2026-09-08
24-Pack Miller Lite or Coors Light Beer,Publix,22.99,alcohol,2026-04-29,2026-05-05
24-Pack Yuengling Traditional Lager,Publix,21.99,alcohol,2026-05-06,2026-05-12
24-Pack Yuengling Traditional Lager,Publix,21.99,alcohol,2026-06-17,2026-06-23
24-Pack Yuengling Traditional Lager,Publix,22.99,alcohol,2026-09-02,2026-09-08
24-Pack Yuengling Traditional Lager Or Light,Publix,22.99,alcohol,2026-05-20,2026-05-26
24-Pack Yuengling Traditional or Light Lager,Publix,22.99,alcohol,2026-07-01,2026-07-07
4-Pack Beatbox Wine Based Flavored Beverage,Publix,13.99,alcohol,2026-05-27,2026-06-03
6-Pack Heineken 0.0 Alcohol Free Beer,Publix,10.99,alcohol,2026-05-20,2026-05-26
6-Pack Lagunitas Brewing Co. Beer,Publix,11.49,alcohol,2026-05-27,2026-06-03
6-Pack Lagunitas Brewing Co. Beer,Publix,10.99,alcohol,2026-07-22,2026-07-28
6-Pack Lagunitas Brewing Co. Beer,Publix,10.99,alcohol,2026-09-02,2026-09-08
6-Pack Red Stripe Jamaican Lager,Publix,9.67,alcohol,2026-06-03,2026-06-10
6-Pack Victory Brewing Co. Beer,Publix,11.99,alcohol,2026-04-22,2026-04-28
6-Pack Victory Brewing Co. Beer,Publix,11.49,alcohol,2026-06-10,2026-06-16
8-Pack Guinness Draught Stout,Publix,19.99,alcohol,2026-05-27,2026-06-03
8-Pack Guinness Draught Stout,Publix,19.99,alcohol,2026-07-22,2026-07-28
Aleve Tablets or Caplets 50-ct. or Bayer 100-120-ct.,Publix,7.99,alcohol,2026-04-18,2026-05-01
Alexia Potatoes or Onion Rings,Publix,9.0,alcohol,2026-06-03,2026-06-10
Art of the Cooper Cabernet Sauvignon Wine,Publix,18.99,alcohol,2026-07-01,2026-07-07
Art of the Cooper Special Selection Wine,Publix,29.99,alcohol,2026-06-03,2026-06-10
Art of the Cooper Special Selection Wine,Publix,29.99,alcohol,2026-07-22,2026-07-28
Ash & Reed Cabernet Sauvignon Wine,Publix,36.99,alcohol,2026-06-10,2026-06-16
Bartenura Moscato D'Asti Wine,Publix,15.49,alcohol,2026-09-02,2026-09-08
Bonanza California Cabernet Sauvignon Wine,Publix,23.49,alcohol,2026-05-20,2026-05-26
Bonterra Chardonnay Wine,Publix,11.19,alcohol,2026-05-20,2026-05-26
Bota Box Pinot Grigio Wine,Publix,16.99,alcohol,2026-05-20,2026-05-26
The Original Bourbon Marinated Salmon,Publix,7.99,alcohol,2026-06-03,2026-06-10
The Original Bourbon Marinated Salmon,Publix,7.99,alcohol,2026-06-17,2026-06-23
Buck Shack Cabernet Sauvignon Wine,Publix,16.99,alcohol,2026-06-17,2026-06-23
Campo Viejo Cava Brut Sparkling Wine,Publix,10.99,alcohol,2026-06-17,2026-06-23
Carapelli Organic Extra Virgin Olive Oil,Publix,9.99,alcohol,2026-05-02,2026-05-15
Casillero del Diablo Cabernet Sauvignon Wine,Publix,9.49,alcohol,2026-05-06,2026-05-12
Cavit Pinot Grigio Wine,Publix,13.49,alcohol,2026-05-27,2026-06-03
Centrum or Centrum Silver 50+,Publix,10.99,alcohol,2026-04-18,2026-05-01
Chateau D'Esclans Whispering Angel Wine,Publix,26.49,alcohol,2026-05-20,2026-05-26
Chateau Ste Michelle Cabernet Sauvignon Wine,Publix,13.99,alcohol,2026-06-17,2026-06-23
Chateau Ste. Michelle Indian Wells Wine,Publix,14.99,alcohol,2026-09-02,2026-09-08
Clay Creek Cabernet Sauvignon Wine,Publix,17.99,alcohol,2026-06-17,2026-06-23
Clay Creek Cabernet Sauvignon Wine,Publix,17.99,alcohol,2026-09-02,2026-09-08
Cloud Watcher Sauvignon Blanc Wine,Publix,8.49,alcohol,2026-05-06,2026-05-12
Coastal Vibes Sauvignon Blanc Wine,Publix,12.0,alcohol,2026-04-22,2026-04-28
Coastal Vibes Sauvignon Blanc Wine,Publix,12.0,alcohol,2026-05-27,2026-06-03
Coastal Vibes Sauvignon Blanc Wine,Publix,12.0,alcohol,2026-07-22,2026-07-28
Cupcake Vineyards Prosecco or Moscato D'Asti Wine,Publix,12.99,alcohol,2026-04-29,2026-05-05
Cupcake Vineyards Prosecco or Moscato D'Asti Wine,Publix,12.59,alcohol,2026-05-13,2026-05-19
Cupcake Vineyards Prosecco or Moscato D'Asti Wine,Publix,11.99,alcohol,2026-09-02,2026-09-08
Cupcake Vineyards Sauvignon Blanc Wine,Publix,8.49,alcohol,2026-04-29,2026-05-05
Cupcake Vineyards Sauvignon Blanc Wine,Publix,8.99,alcohol,2026-05-13,2026-05-19
Cupcake Vineyards Sauvignon Blanc Wine,Publix,7.39,alcohol,2026-09-02,2026-09-08
Del Vento Pinot Grigio Wine,Publix,15.99,alcohol,2026-05-06,2026-05-12
Del Vento Pinot Grigio Wine,Publix,15.99,alcohol,2026-07-01,2026-07-07
Del Vento Pinot Grigio Wine,Publix,15.99,alcohol,2026-07-22,2026-07-28
Del Vento Pinot Grigio Wine,Publix,11.99,alcohol,2026-09-02,2026-09-08
Educated Guess Pinot Noir Wine,Publix,23.69,alcohol,2026-04-22,2026-04-28
Etenia Sauvignon Blanc Wine,Publix,18.49,alcohol,2026-07-01,2026-07-07
Fiorucci Antipasti†,Publix,6.0,alcohol,2026-06-03,2026-06-10
Francis Coppola Diamond Collection Chardonnay,Publix,11.99,alcohol,2026-05-27,2026-06-03
Francis Coppola Diamond Collection Wine,Publix,15.49,alcohol,2026-05-27,2026-06-03
Gerard Bertrand Le Chouchou Light Red Wine,Publix,17.99,alcohol,2026-04-29,2026-05-05
GreenWise Organic Extra Virgin Olive Oil,Publix,10.99,alcohol,2026-05-20,2026-05-26
Hampton Water Bubbly Rosé Wine,Publix,22.99,alcohol,2026-05-06,2026-05-12
Hampton Water Rosé Wine,Publix,16.99,alcohol,2026-05-06,2026-05-12
Hawk Crest Cabernet Sauvignon Wine,Publix,16.99,alcohol,2026-05-13,2026-05-19
Hawk Crest Cabernet Sauvignon Wine,Publix,16.99,alcohol,2026-06-10,2026-06-16
Hi Jinx Cabernet Sauvignon Wine,Publix,17.99,alcohol,2026-05-13,2026-05-19
Hi Jinx Pinot Grigio Wine,Publix,18.49,alcohol,2026-06-17,2026-06-23
Honey Bourbon Salmon Burgers,Publix,7.0,alcohol,2026-05-13,2026-05-19
Invivo X Rosé Wine,Publix,17.99,alcohol,2026-06-10,2026-06-16
Jacks Peak Cabernet Sauvignon Wine,Publix,17.99,alcohol,2026-05-20,2026-05-26
Jacks Peak Cabernet Sauvignon Wine,Publix,13.49,alcohol,2026-06-10,2026-06-16
Jacks Peak Cabernet Sauvignon Wine,Publix,13.49,alcohol,2026-07-01,2026-07-07
Jacks Peak Cabernet Sauvignon Wine,Publix,17.99,alcohol,2026-07-22,2026-07-28
Jaume Serra Cristalino Sparkling Brut Wine,Publix,13.99,alcohol,2026-06-03,2026-06-10
Keynote Cabernet Sauvignon Wine,Publix,17.99,alcohol,2026-05-27,2026-06-03
Kim Crawford Sauvignon Blanc Wine,Publix,12.99,alcohol,2026-05-06,2026-05-12
Kim Crawford Sauvignon Blanc Wine,Publix,12.99,alcohol,2026-09-02,2026-09-08
King Stag Cabernet Sauvignon Wine,Publix,18.99,alcohol,2026-04-22,2026-04-28
King Stag Cabernet Sauvignon Wine,Publix,18.99,alcohol,2026-05-13,2026-05-19
La Marca Prosecco Wine,Publix,14.09,alcohol,2026-05-06,2026-05-12
La Fête Du Rosé Wine,Publix,24.99,alcohol,2026-05-13,2026-05-19
Made by James Chardonnay Wine,Publix,15.99,alcohol,2026-05-06,2026-05-12
Made by James Chardonnay Wine,Publix,20.99,alcohol,2026-09-02,2026-09-08
Madroño Sangria Wine,Publix,7.29,alcohol,2026-04-29,2026-05-05
Maison de Madeleine Brut Wine,Publix,18.99,alcohol,2026-05-20,2026-05-26
Maison de Madeleine Brut Wine,Publix,21.99,alcohol,2026-07-01,2026-07-07
Maison de Madeleine Brut Wine,Publix,18.99,alcohol,2026-07-01,2026-07-07
Maison de Madeleine Brut Wine,Publix,18.99,alcohol,2026-09-02,2026-09-08
Matua Sauvignon Blanc Wine,Publix,12.99,alcohol,2026-06-17,2026-06-23
Meiomi Pinot Noir Wine,Publix,17.49,alcohol,2026-05-06,2026-05-12
Navigator Brut Sparkling Wine,Publix,11.99,alcohol,2026-05-27,2026-06-03
Navigator Brut Sparkling Wine,Publix,11.99,alcohol,2026-06-10,2026-06-16
Navigator Russian River Valley Pinot Noir Wine,Publix,18.99,alcohol,2026-07-01,2026-07-07
Navigator Wine,Publix,22.99,alcohol,2026-06-03,2026-06-10
Oyster Bay Sauvignon Blanc Wine,Publix,12.99,alcohol,2026-07-01,2026-07-07
Periphery Cabernet Sauvignon Wine,Publix,25.99,alcohol,2026-05-27,2026-06-03
Peroni Nastro Azzurro Beer,Publix,20.99,alcohol,2026-09-02,2026-09-08
Publix Antipasto Salad With Ham and Pepperoni,Publix,8.49,alcohol,2026-05-27,2026-06-03
Rodney Strong Cabernet Sauvignon Wine,Publix,17.49,alcohol,2026-04-22,2026-04-28
Roscato Rosso Dolce Wine,Publix,16.29,alcohol,2026-05-06,2026-05-12
Solinda Sauvignon Blanc Wine,Publix,11.0,alcohol,2026-04-22,2026-04-28
Spritz Del Conte Classico Wine,Publix,13.59,alcohol,2026-09-02,2026-09-08
Sunscape Pinot Grigio Wine,Publix,16.99,alcohol,2026-04-29,2026-05-05
Sunscape Pinot Grigio Wine,Publix,9.49,alcohol,2026-05-06,2026-05-12
Sunscape Pinot Grigio Wine,Publix,16.99,alcohol,2026-06-03,2026-06-10
Sunscape Pinot Grigio Wine,Publix,9.49,alcohol,2026-06-10,2026-06-16
Sunscape Pinot Grigio Wine,Publix,9.49,alcohol,2026-07-01,2026-07-07
Sunscape Wine,Publix,8.0,alcohol,2026-04-29,2026-05-05
Sunscape Wine,Publix,8.0,alcohol,2026-06-10,2026-06-16
Sunscape Wine,Publix,16.99,alcohol,2026-07-01,2026-07-07
Sunset Social Pinot Grigio Wine,Publix,13.0,alcohol,2026-05-13,2026-05-19
Sunset Social Pinot Grigio Wine,Publix,14.0,alcohol,2026-07-22,2026-07-28
Tailor Made Cabernet Sauvignon Wine,Publix,17.99,alcohol,2026-05-06,2026-05-12
Urgency Cabernet Sauvignon Wine,Publix,17.99,alcohol,2026-06-03,2026-06-10
Urgency Chardonnay Wine,Publix,12.99,alcohol,2026-04-22,2026-04-28
Urgency Chardonnay Wine,Publix,17.99,alcohol,2026-04-29,2026-05-05
Vandori Sparkling Prosecco Wine,Publix,21.99,alcohol,2026-04-22,2026-04-28
Vandori Sparkling Prosecco Wine,Publix,15.99,alcohol,2026-07-22,2026-07-28
Ventriloquist Cabernet Sauvignon Wine,Publix,27.99,alcohol,2026-05-06,2026-05-12
Ventriloquist Cabernet Sauvignon Wine,Publix,20.99,alcohol,2026-07-22,2026-07-28
Ventriloquist Chardonnay Wine,Publix,14.99,alcohol,2026-07-22,2026-07-28
Veuve Clicquot Brut Champagne,Publix,69.99,alcohol,2026-05-06,2026-05-12
Veuve Clicquot Brut Champagne,Publix,69.99,alcohol,2026-05-20,2026-05-26
Windfinder Cabernet Sauvignon Wine,Publix,22.99,alcohol,2026-05-20,2026-05-26
Windfinder Cabernet Sauvignon Wine,Publix,22.99,alcohol,2026-06-17,2026-06-23
Windfinder Cabernet Sauvignon Wine,Publix,22.99,alcohol,2026-07-01,2026-07-07
Bake Shop Gourmet Cookies,ALDI,3.99,bakery,2026-09-02,2026-09-08
Benton's Chewy Chocolate Chip Cookies,ALDI,2.59,bakery,2026-05-20,2026-05-26
Benton's Mini Dipped Cookies,ALDI,2.99,bakery,2026-04-22,2026-04-28
Benton's Mini Dipped Cookies,ALDI,2.99,bakery,2026-05-13,2026-05-19
Benton's Summer Soft Baked Cookies,ALDI,2.99,bakery,2026-05-13,2026-05-19
Clancy's Bite Size Round Tortilla Chips,ALDI,2.15,bakery,2026-07-22,2026-07-28
Clancy's Restaurant Style Tortilla Chips,ALDI,1.95,bakery,2026-05-20,2026-05-26
Clancy's Strawberries & Cream or Cookies & Cream Covered Pretzels,ALDI,2.99,bakery,2026-04-29,2026-05-05
Crofton Halloween Baking or Cookie Jar,ALDI,9.99,bakery,2026-09-02,2026-09-08
Deutsche Küche Doppelino Cookies,ALDI,3.99,bakery,2026-04-29,2026-05-05
Emporium Selection Bread Cheese,ALDI,3.99,bakery,2026-04-29,2026-05-05
Mama Cozzi's Pizza Kitchen Cheesy Breadsticks,ALDI,4.49,bakery,2026-05-27,2026-06-02
Millville Original Pancake Syrup,ALDI,2.35,bakery,2026-06-03,2026-06-09
Millville Protein Pancake Mix,ALDI,3.49,bakery,2026-05-06,2026-05-12
L'oven Fresh Keto Friendly Bread,ALDI,4.49,bakery,2026-07-22,2026-07-28
L'oven Fresh Keto Friendly Bread,ALDI,4.49,bakery,2026-09-02,2026-09-08
Specially Selected Hawaiian Brioche Buns,ALDI,3.99,bakery,2026-04-22,2026-04-28
L'oven Fresh Pretzel Hamburger Buns,ALDI,2.99,bakery,2026-04-29,2026-05-05
L'oven Fresh Potato Sandwich Rolls,ALDI,1.99,bakery,2026-04-29,2026-05-05
L'oven Fresh Hawaiian or Maple French Toast Bagels,ALDI,1.99,bakery,2026-05-06,2026-05-12
Bake Shop Mini or Large Croissants,ALDI,2.79,bakery,2026-05-06,2026-05-12
Barissimo Coconut Crème or Cinnamon Roll Coffee Creamer,ALDI,2.75,bakery,2026-05-06,2026-05-12
L'oven Fresh Kaiser Buns,ALDI,2.99,bakery,2026-05-13,2026-05-19
Benton's Coconut Rolls,ALDI,3.49,bakery,2026-05-13,2026-05-19
L'oven Fresh Hamburger Buns,ALDI,1.39,bakery,2026-05-20,2026-05-26
Specially Selected Brioche Hot Dog Buns,ALDI,3.39,bakery,2026-05-20,2026-05-26
Igloo Rolling Cooler,ALDI,29.99,bakery,2026-06-10,2026-06-16
L'oven Fresh Pretzel Hamburger Buns,ALDI,2.99,bakery,2026-06-03,2026-06-09
Specially Selected 6-Count Brioche Buns,ALDI,3.99,bakery,2026-06-10,2026-06-16
Crane Muscle Hook or 360 Roller,ALDI,6.99,bakery,2026-06-17,2026-06-23
"Adventuridge Clothesline, Water Canister, Gear Line or Bungee Cords",ALDI,6.99,bakery,2026-06-17,2026-06-23
Specially Selected Sesame Seed Brioche Buns,ALDI,3.99,bakery,2026-06-17,2026-06-23
Specially Selected Seeded Brioche Burger Buns,ALDI,3.99,bakery,2026-07-22,2026-07-28
Barissimo Coconut Crème or Cinnamon Roll Creamer,ALDI,2.69,bakery,2026-07-22,2026-07-28
Specially Selected Brioche Burger Buns,ALDI,3.99,bakery,2026-07-22,2026-07-28
Specially Selected Sliced Sourdough Round,ALDI,3.49,bakery,2026-07-22,2026-07-28
L'oven Fresh Potato Sandwich Rolls,ALDI,1.99,bakery,2026-07-22,2026-07-28
Specially Selected Everything Sourdough,ALDI,3.49,bakery,2026-07-22,2026-07-28
Specially Selected Brioche Hot Dog Rolls,ALDI,3.29,bakery,2026-09-02,2026-09-08
Specially Selected Brioche Burger Buns,ALDI,3.99,bakery,2026-09-02,2026-09-08
Barissimo Coconut Crème or Cinnamon Roll Creamer,ALDI,2.69,bakery,2026-09-02,2026-09-08
Specially Selected Sliced Sourdough Round,ALDI,3.49,bakery,2026-09-02,2026-09-08
Specially Selected Everything Sourdough,ALDI,3.49,bakery,2026-09-02,2026-09-08
Specially Selected Seeded Brioche Burger Buns,ALDI,3.99,bakery,2026-09-02,2026-09-08
Betty Crocker Brownie Mix,Food Lion,6.0,bakery,2026-04-29,2026-05-05
Betty Crocker Super Moist Cake Mix,Food Lion,3.0,bakery,2026-04-22,2026-04-28
Blanket Pancake Mix,Food Lion,4.99,bakery,2026-04-29,2026-05-05
Boulder Canyon Kettle or Tortilla Chips,Food Lion,6.0,bakery,2026-05-06,2026-05-12
Boulder Canyon Kettle or Tortilla Chips,Food Lion,3.49,bakery,2026-07-01,2026-07-07
Boulder Canyon Kettle or Tortilla Chips,Food Lion,6.0,bakery,2026-09-02,2026-09-08
CHEENIES BREAD,Food Lion,5.49,bakery,2026-06-17,2026-06-23
Cheesecake Slices,Food Lion,5.99,bakery,2026-05-06,2026-05-12
Chocolate Chip Cookies,Food Lion,9.99,bakery,2026-05-13,2026-05-19
Cookies,Food Lion,3.99,bakery,2026-05-20,2026-05-26
Cooper Street Twice Baked Cookies,Food Lion,5.0,bakery,2026-06-03,2026-06-09
Creme Cake,Food Lion,4.99,bakery,2026-05-27,2026-06-02
Cupcakes,Food Lion,8.99,bakery,2026-05-06,2026-05-12
Cupcakes,Food Lion,8.99,bakery,2026-05-13,2026-05-19
Cupcakes,Food Lion,8.99,bakery,2026-05-20,2026-05-26
Cupcakes,Food Lion,4.99,bakery,2026-07-01,2026-07-07
Dave's Killer Bread Organic Snack or Breakfast Bars,Food Lion,8.0,bakery,2026-07-01,2026-07-07
Dave's Killer Bread Thin Sliced,Food Lion,4.99,bakery,2026-04-22,2026-04-28
Doritos Tortilla Chips,Food Lion,2.5,bakery,2026-07-01,2026-07-07
Doritos Tortilla or Miss Vickie's Kettle Chips,Food Lion,6.0,bakery,2026-05-27,2026-06-02
Duncan Hines Cake Mix,Food Lion,3.0,bakery,2026-05-20,2026-05-26
Famous Amos Bite-Size Cookies,Food Lion,3.49,bakery,2026-05-13,2026-05-19
Food Lion Jumbo Biscuits,Food Lion,4.0,bakery,2026-04-29,2026-05-05
Food Lion Breaded Chicken,Food Lion,4.99,bakery,2026-06-10,2026-06-16
Food Lion Chocolate Chip Cookies,Food Lion,2.99,bakery,2026-05-13,2026-05-19
Food Lion Creme Cookies,Food Lion,2.99,bakery,2026-05-06,2026-05-12
Food Lion Fudge Cookies,Food Lion,4.0,bakery,2026-06-03,2026-06-09
Food Lion Fudge Cookies,Food Lion,4.0,bakery,2026-07-01,2026-07-07
FOOD LION FUDGE COOKIES OR VANILLA WAFERS,Food Lion,4.0,bakery,2026-09-02,2026-09-08
FOOD LION HOMESTYLE GLAZED DONUTS,Food Lion,5.99,bakery,2026-09-02,2026-09-08
Food Lion Instant Pudding & Pie Filling,Food Lion,0.89,bakery,2026-05-06,2026-05-12
Food Lion Mini Muffins,Food Lion,3.99,bakery,2026-05-06,2026-05-12
Food Lion Pie Filling,Food Lion,2.29,bakery,2026-04-29,2026-05-05
Food Lion Sandwich Cookies,Food Lion,5.0,bakery,2026-05-13,2026-05-19
FOOD LION SANDWICH CRÉME COOKIES,Food Lion,5.0,bakery,2026-05-27,2026-06-02
Food Lion Two-Bite Cupcakes,Food Lion,4.49,bakery,2026-05-13,2026-05-19
Gamesa Animalitos Cookies,Food Lion,3.0,bakery,2026-07-22,2026-07-28
Gourmet Cookies,Food Lion,4.49,bakery,2026-05-06,2026-05-12
Gourmet Cookies,Food Lion,2.99,bakery,2026-09-02,2026-09-08
Happy Tot Organic Cookies or Bars,Food Lion,6.0,bakery,2026-06-03,2026-06-09
Happy Tot Organic Multi-Grain Cookies,Food Lion,6.0,bakery,2026-05-20,2026-05-26
Happy Tot Organic Multi-Grain Cookies,Food Lion,6.0,bakery,2026-05-27,2026-06-02
House Autry Breader,Food Lion,5.99,bakery,2026-04-22,2026-04-28
House Autry Breader,Food Lion,5.99,bakery,2026-07-22,2026-07-28
House Autry Breader Mix,Food Lion,2.99,bakery,2026-06-03,2026-06-09
Hungry Jack Pancake Mix,Food Lion,3.0,bakery,2026-06-10,2026-06-16
Iced Brownies,Food Lion,4.99,bakery,2026-05-06,2026-05-12
Iced Brownies,Food Lion,4.99,bakery,2026-05-13,2026-05-19
Iced Brownies,Food Lion,4.99,bakery,2026-06-10,2026-06-16
D'ITALIANO BREAD,Food Lion,3.19,bakery,2026-09-02,2026-09-08
Keebler Family Size Cookies and Sandwich Cookies,Food Lion,3.99,bakery,2026-07-22,2026-07-28
Kettle Brand or Late July Tortilla Chips,Food Lion,6.0,bakery,2026-06-03,2026-06-09
KEURIG DONUT SHOP OR GREEN MOUNTAIN,Food Lion,20.99,bakery,2026-09-02,2026-09-08
Krusteaz Pancake Mix,Food Lion,2.99,bakery,2026-04-22,2026-04-28
Krusteaz Pancake Mix,Food Lion,2.99,bakery,2026-06-17,2026-06-23
LA BANDERITA CARB COUNTER ZERO NET CARBS TORTILLAS,Food Lion,4.49,bakery,2026-06-17,2026-06-23
La Banderita Soft Taco Tortilla,Food Lion,2.5,bakery,2026-07-01,2026-07-07
Lenny & Larry's Cookie,Food Lion,1.99,bakery,2026-05-13,2026-05-19
Little Debbie Bagged Mini Donuts,Food Lion,2.79,bakery,2026-07-01,2026-07-07
LITTLE DEBBIE FALL CAKES,Food Lion,6.0,bakery,2026-09-02,2026-09-08
Little Debbie Mini Muffins,Food Lion,5.0,bakery,2026-04-22,2026-04-28
Little Debbie Mini Muffins,Food Lion,5.0,bakery,2026-06-03,2026-06-09
"Little Debbie Red, White & Blue Cakes",Food Lion,6.0,bakery,2026-05-20,2026-05-26
Little Debbie Snack Cakes,Food Lion,6.0,bakery,2026-07-22,2026-07-28
Lofthouse Cookies,Food Lion,4.99,bakery,2026-04-29,2026-05-05
Meurer Brothers Mini Danish,Food Lion,5.49,bakery,2026-04-22,2026-04-28
Mission Carb Balance or Tortilla Wraps,Food Lion,4.49,bakery,2026-06-03,2026-06-09
Mission Carb Balance Tortilla Shell,Food Lion,3.99,bakery,2026-04-22,2026-04-28
Mission Zero Net Carb Tortillas,Food Lion,3.49,bakery,2026-04-29,2026-05-05
Nabisco Party Size Oreo or Chips Ahoy! Cookies,Food Lion,5.99,bakery,2026-06-10,2026-06-16
Nabisco Family Size Oreo Cookies,Food Lion,3.49,bakery,2026-09-02,2026-09-08
Nestlé Toll House Cookies,Food Lion,3.79,bakery,2026-07-22,2026-07-28
On The Border Tortilla Chips,Food Lion,2.5,bakery,2026-07-01,2026-07-07
Oroweat Honey Oat Protein Bread,Food Lion,5.99,bakery,2026-07-22,2026-07-28
Oroweat Protein Bread,Food Lion,5.99,bakery,2026-06-17,2026-06-23
Oroweat Protein And Fiber Bread,Food Lion,4.99,bakery,2026-06-03,2026-06-09
Panera Bread Bowls,Food Lion,5.0,bakery,2026-07-22,2026-07-28
Partake Gluten Free Cookies,Food Lion,4.99,bakery,2026-05-13,2026-05-19
PEPPERIDGE FARM BREAKFAST SWIRL BREAD,Food Lion,2.99,bakery,2026-09-02,2026-09-08
Pepperidge Farm Cookies,Food Lion,7.0,bakery,2026-05-06,2026-05-12
PEPPERIDGE FARM FARMHOUSE BREAD,Food Lion,3.49,bakery,2026-09-02,2026-09-08
Pepperidge Farm Layer Cakes,Food Lion,3.59,bakery,2026-04-29,2026-05-05
Pillsbury Cookie Mix,Food Lion,5.0,bakery,2026-06-03,2026-06-09
PILLSBURY FLAKY BISCUITS,Food Lion,4.0,bakery,2026-06-17,2026-06-23
Pillsbury Grands! Biscuits,Food Lion,5.0,bakery,2026-05-27,2026-06-02
Pillsbury Grands! Biscuits,Food Lion,2.99,bakery,2026-07-01,2026-07-07
Pillsbury Ready to Bake Cookies,Food Lion,3.99,bakery,2026-05-06,2026-05-12
Pillsbury Ready to Bake Cookies,Food Lion,3.99,bakery,2026-05-27,2026-06-02
Reynolds Wrap Aluminum Foil,Food Lion,4.99,bakery,2026-05-20,2026-05-26
Sara Lee Artesano Bread,Food Lion,3.03,bakery,2026-04-22,2026-04-28
Sheila G's Brownie Brittle,Food Lion,5.0,bakery,2026-05-06,2026-05-12
Sheila G's Brownie Brittle,Food Lion,5.0,bakery,2026-06-17,2026-06-23
Simple Mills Gluten-free Cookies Or Crackers,Food Lion,4.49,bakery,2026-07-22,2026-07-28
Sliced Loaf Cakes,Food Lion,4.99,bakery,2026-05-13,2026-05-19
Sliced Loaf Cakes,Food Lion,4.99,bakery,2026-07-22,2026-07-28
Sweet Loren's Cookies,Food Lion,4.99,bakery,2026-05-20,2026-05-26
Sweet Loren's Cookies,Food Lion,4.99,bakery,2026-09-02,2026-09-08
TASTE OF INSPIRATIONS DESSERT CAKES,Food Lion,17.99,bakery,2026-06-17,2026-06-23
Tate's Bake Shop Cookies,Food Lion,4.99,bakery,2026-05-13,2026-05-19
Tate's Bake Shop Cookies,Food Lion,4.99,bakery,2026-05-20,2026-05-26
Three Dog Bakery Or Rush Ultra Chewy Dog Treats,Food Lion,6.99,bakery,2026-07-01,2026-07-07
Tostitos Cantina Tortilla Chips,Food Lion,2.99,bakery,2026-05-13,2026-05-19
TOSTITOS TORTILLA CHIPS,Food Lion,3.99,bakery,2026-06-17,2026-06-23
VOORTMAN COOKIES OR WAFERS,Food Lion,5.0,bakery,2026-05-27,2026-06-02
Voortman Wafers or Cookies,Food Lion,5.0,bakery,2026-04-22,2026-04-28
Sara Lee Honey Wheat Bread,Food Lion,3.19,bakery,2026-05-06,2026-05-12
Nature's Own Butterbread Or Honey Wheat Bread,Food Lion,5.0,bakery,2026-05-27,2026-06-02
Sara Lee Honey Wheat Bread,Food Lion,2.99,bakery,2026-07-01,2026-07-07
Nature's Own Honey Wheat or 100% Wheat Bread,Food Lion,6.0,bakery,2026-07-22,2026-07-28
Sara Lee Whole Grain Bread,Food Lion,2.99,bakery,2026-07-22,2026-07-28
Nature's Own Whitewheat or 100% Whole Wheat Bread,Food Lion,5.0,bakery,2026-09-02,2026-09-08
Pillsbury Grands! Biscuits or Frozen Cinnamon Rolls,Food Lion,4.99,bakery,2026-04-22,2026-04-28
Wonder Classic Hot Dog or Hamburger Buns,Food Lion,5.0,bakery,2026-04-22,2026-04-28
Hoagies or Kaiser Rolls,Food Lion,4.49,bakery,2026-04-22,2026-04-28
Bolillo Rolls,Food Lion,3.99,bakery,2026-04-29,2026-05-05
Totino's Pizza Rolls,Food Lion,3.99,bakery,2026-04-29,2026-05-05
Thomas' English Muffins,Food Lion,3.79,bakery,2026-04-29,2026-05-05
Post Pebbles or Honey Bunches of Oats Cereal,Food Lion,4.0,bakery,2026-04-29,2026-05-05
Bagel Bites,Food Lion,5.0,bakery,2026-04-29,2026-05-05
BOUNTY 4 Double Rolls,Food Lion,6.99,bakery,2026-04-29,2026-05-05
Pillsbury Crescents or Cinnamon Rolls,Food Lion,4.0,bakery,2026-04-29,2026-05-05
Sara Lee Artesano Rolls or Bread,Food Lion,3.79,bakery,2026-05-06,2026-05-12
Iced Bundt Cakes,Food Lion,13.99,bakery,2026-05-06,2026-05-12
All Butter Croissants,Food Lion,4.49,bakery,2026-05-06,2026-05-12
Frollies,Food Lion,3.99,bakery,2026-05-06,2026-05-12
Food Lion Hot Dog Or Hamburger Buns,Food Lion,4.0,bakery,2026-05-06,2026-05-12
Ball Park Hot Dog or Hamburger Buns,Food Lion,2.63,bakery,2026-05-06,2026-05-12
Pepperidge Farm Hot Dog Or Hamburger Buns,Food Lion,3.49,bakery,2026-05-13,2026-05-19
Blue Bunny Novelties,Food Lion,6.0,bakery,2026-05-13,2026-05-19
Canyon Bakehouse Gluten Free Bread or Buns,Food Lion,6.99,bakery,2026-05-13,2026-05-19
Taste of Inspirations Brioche Hamburger Buns,Food Lion,3.99,bakery,2026-05-13,2026-05-19
Ball Park Golden Hot Dog or Hamburger Buns,Food Lion,3.69,bakery,2026-05-13,2026-05-19
8 Mega Rolls ANGEL SOFT 4 Double Rolls SPARKLE,Food Lion,4.99,bakery,2026-05-20,2026-05-26
Pepperidge Farm Hot Dog Or Hamburger Buns,Food Lion,3.49,bakery,2026-05-20,2026-05-26
Scott Bath Tissue 20 Rolls Cottonelle 18 Mega Rolls,Food Lion,15.99,bakery,2026-05-20,2026-05-26
Totino's Pizza Rolls,Food Lion,8.99,bakery,2026-05-20,2026-05-26
Wonder Classic Hot Dog or Hamburger Buns,Food Lion,5.0,bakery,2026-05-20,2026-05-26
Sara Lee Artesano Rolls or Bread,Food Lion,3.79,bakery,2026-05-20,2026-05-26
Taste of Inspirations Brioche Hot Dog Buns,Food Lion,3.99,bakery,2026-05-20,2026-05-26
NATURE'S OWN BRIOCHE BUNS,Food Lion,3.49,bakery,2026-05-27,2026-06-02
Post Pebbles or Honey Bunches of Oats Cereal,Food Lion,4.0,bakery,2026-05-27,2026-06-02
Ball Park Hot Dog or Hamburger Buns,Food Lion,6.0,bakery,2026-05-27,2026-06-02
Totino's Pizza Rolls,Food Lion,4.99,bakery,2026-06-03,2026-06-09
Blue Bunny Novelties,Food Lion,4.0,bakery,2026-06-03,2026-06-09
Trolli Gummi Pops,Food Lion,4.0,bakery,2026-06-03,2026-06-09
Rustic Sandwich Buns,Food Lion,2.99,bakery,2026-06-03,2026-06-09
Bagel Bites,Food Lion,2.0,bakery,2026-06-03,2026-06-09
Pepperidge Farm Farmhouse Buns,Food Lion,3.99,bakery,2026-06-03,2026-06-09
Pillsbury Crescents or Cinnamon Rolls,Food Lion,5.0,bakery,2026-06-03,2026-06-09
Kodiak Instant Oatmeal or Rolled Oats,Food Lion,4.99,bakery,2026-06-03,2026-06-09
Biofreeze Roll On or Gel,Food Lion,9.99,bakery,2026-06-03,2026-06-09
Nerds Gummy Clusters or Trolli Peachie O's,Food Lion,1.99,bakery,2026-06-03,2026-06-09
Wonder Hot Dog or Hamburger Buns,Food Lion,3.49,bakery,2026-06-03,2026-06-09
King's Hawaiian Original Sweet Rolls,Food Lion,1.99,bakery,2026-06-10,2026-06-16
PEPPERIDGE FARM HOT DOG OR HAMBURGER BUNS,Food Lion,3.0,bakery,2026-06-10,2026-06-16
Wonder Classic Hot Dog Or Hamburger Buns,Food Lion,5.0,bakery,2026-06-10,2026-06-16
Ball Park Golden Hot Dog or Hamburger Buns,Food Lion,3.69,bakery,2026-06-10,2026-06-16
Jimmy Dean Sausage Roll or Bacon,Food Lion,4.79,bakery,2026-06-17,2026-06-23
1675 oz Dave's Killer Bread Organic Bagels or 13 oz English Muffins,Food Lion,4.99,bakery,2026-06-17,2026-06-23
BAGEL BITES,Food Lion,5.0,bakery,2026-06-17,2026-06-23
Nature's Own Brioche Buns,Food Lion,3.49,bakery,2026-06-17,2026-06-23
KING'S HAWAIIAN ROLLS,Food Lion,7.99,bakery,2026-07-01,2026-07-07
King's Hawaiian Original Mini Sub Rolls,Food Lion,2.5,bakery,2026-07-01,2026-07-07
King's Hawaiian Slider Buns,Food Lion,2.5,bakery,2026-07-01,2026-07-07
Food Lion Cinnamon Roll Donuts,Food Lion,2.5,bakery,2026-07-01,2026-07-07
Food Lion Crescent or Cinnamon Rolls,Food Lion,4.0,bakery,2026-07-01,2026-07-07
BALL PARK GOLDEN HOT DOG OR HAMBURGER BUNS,Food Lion,3.69,bakery,2026-07-01,2026-07-07
Totino's Original or Ultimate Pizza Rolls,Food Lion,4.99,bakery,2026-07-01,2026-07-07
Wonder Classic Hot Dog or Hamburger Buns,Food Lion,2.5,bakery,2026-07-01,2026-07-07
Nature's Own Brioche or Butter Buns,Food Lion,3.19,bakery,2026-07-22,2026-07-28
Post Pebbles or Honey Bunches of Oats Cereal,Food Lion,4.0,bakery,2026-07-22,2026-07-28
Totino's Pizza Rolls,Food Lion,8.99,bakery,2026-07-22,2026-07-28
Bagel Bites,Food Lion,5.0,bakery,2026-07-22,2026-07-28
Jimmy Dean Sausage Roll,Food Lion,3.99,bakery,2026-07-22,2026-07-28
Wonder Classic Hot Dog or Hamburger Buns,Food Lion,4.0,bakery,2026-07-22,2026-07-28
Wonder Classic Hot Dog or Hamburger Buns,Food Lion,4.0,bakery,2026-09-02,2026-09-08
TOI Everything Bagel Spice Smoked Atlantic Salmon,Food Lion,4.99,bakery,2026-09-02,2026-09-08
Totino's Pizza Rolls,Food Lion,8.99,bakery,2026-09-02,2026-09-08
Artesano Rolls,Food Lion,3.89,bakery,2026-09-02,2026-09-08
King's Hawaiian Rolls,Food Lion,7.99,bakery,2026-09-02,2026-09-08
Pillsbury Crescents or Cinnamon Rolls,Food Lion,5.0,bakery,2026-09-02,2026-09-08
Rustik Bread or Bagels,Food Lion,3.99,bakery,2026-09-02,2026-09-08
16.4 - 17.9 oz. Betty Crocker Cookie Mix or 13.9 - 16.9 oz. Muffin Mix,Harris Teeter,5.0,bakery,2026-06-10,2026-06-16
28 - 32 oz. Harris Teeter Pancake Mix or 24 oz. Syrup,Harris Teeter,5.0,bakery,2026-07-01,2026-07-07
28 - 32 oz. Harris Teeter Pancake Mix or 24 oz. Syrups,Harris Teeter,5.0,bakery,2026-05-27,2026-06-02
4C Panko Bread Crumbs,Harris Teeter,4.0,bakery,2026-05-06,2026-05-12
3.5-13.7 oz. Nabisco Ritz or Snack Crackers or 10.1-15.25 oz. Oreo Cookies,Harris Teeter,7.0,bakery,2026-06-10,2026-06-16
Back To Nature Cookies,Harris Teeter,4.99,bakery,2026-06-17,2026-07-14
Fresh Baked Large French Bread,Harris Teeter,2.99,bakery,2026-06-03,2026-06-09
Bakery Fresh Angel Food Cake,Harris Teeter,5.49,bakery,2026-05-20,2026-05-26
Bakery Fresh Muffins,Harris Teeter,5.0,bakery,2026-07-22,2026-07-28
Belvita Breakfast Cookies,Harris Teeter,7.0,bakery,2026-06-10,2026-06-16
Better Batch Cookies,Harris Teeter,5.99,bakery,2026-04-29,2026-05-05
Betty Crocker Favorites Cake Mix,Harris Teeter,3.0,bakery,2026-05-20,2026-05-26
Birch Benders Pancake Mix,Harris Teeter,8.0,bakery,2026-04-22,2026-04-28
Buddy Biscuits Dog Treats,Harris Teeter,9.0,bakery,2026-04-29,2026-05-05
Burton's Biscuits,Harris Teeter,6.0,bakery,2026-06-17,2026-07-14
CakeBites United States of America 250th CakeBites,Harris Teeter,6.99,bakery,2026-06-17,2026-07-14
Calidad Tortilla Chips,Harris Teeter,1.99,bakery,2026-06-10,2026-06-16
Dave's Killer Bread Organic Breakfast Bars,Harris Teeter,4.99,bakery,2026-07-15,2026-08-11
Dave's Killer Bread Organic Wide Pan Bread,Harris Teeter,6.49,bakery,2026-07-22,2026-07-28
Dave's Killer Bread Widepan,Harris Teeter,6.49,bakery,2026-05-06,2026-05-12
Decorated Cupcakes,Harris Teeter,5.99,bakery,2026-05-27,2026-06-02
Dewey's Bakery Thin Cookies,Harris Teeter,8.0,bakery,2026-07-15,2026-08-11
Doritos Snacking Tortillas,Harris Teeter,2.97,bakery,2026-05-20,2026-05-26
Doritos Snacking Tortillas,Harris Teeter,8.0,bakery,2026-05-27,2026-06-02
Drizzilicious Birthday Cake Bites,Harris Teeter,7.0,bakery,2026-05-20,2026-06-16
15.25 oz Duncan Hines Cake Mix or 18 - 18.3 oz Brownie Mix,Harris Teeter,3.0,bakery,2026-05-13,2026-05-19
Fresh Food Market Dessert Cake Slices,Harris Teeter,7.0,bakery,2026-06-10,2026-06-16
Fresh Foods Market 8-inch Fresh Baked Cheesecake,Harris Teeter,14.99,bakery,2026-06-17,2026-06-23
Fresh Foods Market Baguettes,Harris Teeter,2.99,bakery,2026-06-17,2026-06-23
Fresh Foods Market Fresh Baked Cheesecake,Harris Teeter,14.99,bakery,2026-05-06,2026-05-12
Fresh Foods Market Fresh Baked Cookies,Harris Teeter,9.0,bakery,2026-04-22,2026-04-28
Fresh Foods Market Fresh Baked Cookies,Harris Teeter,3.0,bakery,2026-06-03,2026-06-09
Fresh Foods Market Fresh Baked Cookies,Harris Teeter,3.0,bakery,2026-07-01,2026-07-07
Fresh Foods Market Bulk Donuts,Harris Teeter,0.5,bakery,2026-04-29,2026-05-05
Fresh Foods Market Bulk Donuts,Harris Teeter,0.99,bakery,2026-05-27,2026-06-02
Fresh Foods Market Cake Slices,Harris Teeter,7.0,bakery,2026-05-13,2026-05-19
Fresh Foods Market Cookies,Harris Teeter,3.0,bakery,2026-07-22,2026-07-28
Fresh Foods Market Cookies,Harris Teeter,3.0,bakery,2026-09-02,2026-09-08
Fresh Foods Market Cupcakes,Harris Teeter,5.99,bakery,2026-06-10,2026-06-16
Fresh Foods Market Decorated Cupcakes,Harris Teeter,5.99,bakery,2026-04-22,2026-04-28
Fresh Foods Market Decorated Cupcakes,Harris Teeter,10.49,bakery,2026-04-29,2026-05-05
Fresh Foods Market Decorated Cupcakes,Harris Teeter,5.99,bakery,2026-05-06,2026-05-12
Fresh Foods Market Decorated Cupcakes,Harris Teeter,5.99,bakery,2026-05-13,2026-05-19
Fresh Foods Market Decorated Cupcakes,Harris Teeter,5.99,bakery,2026-06-03,2026-06-09
Fresh Foods Market Decorated Cupcakes,Harris Teeter,5.99,bakery,2026-06-17,2026-06-23
Fresh Foods Market Decorated Cupcakes,Harris Teeter,5.0,bakery,2026-09-02,2026-09-08
Fresh Foods Market Dessert Half Cakes,Harris Teeter,9.99,bakery,2026-04-29,2026-05-05
Fresh Foods Market French Bread,Harris Teeter,2.99,bakery,2026-05-13,2026-05-19
Fresh Foods Market Glazed Donuts,Harris Teeter,5.0,bakery,2026-07-22,2026-07-28
Fresh Foods Market Half Cakes,Harris Teeter,11.99,bakery,2026-04-22,2026-04-28
Fresh Foods Market Half Cakes,Harris Teeter,9.99,bakery,2026-05-20,2026-05-26
Fresh Foods Market Half Cakes,Harris Teeter,11.99,bakery,2026-06-03,2026-06-09
Fresh Foods Market Half Dessert Cakes,Harris Teeter,9.99,bakery,2026-07-22,2026-07-28
Fresh Foods Market Half Dessert Cakes,Harris Teeter,9.0,bakery,2026-09-02,2026-09-08
Fresh Foods Market Heart Cheesecake for 2,Harris Teeter,4.99,bakery,2026-05-06,2026-05-12
Fresh Foods Market 8 inch Dessert Cakes,Harris Teeter,19.99,bakery,2026-05-06,2026-05-12
Fresh Foods Market 5 inch Patti Cake,Harris Teeter,10.99,bakery,2026-04-29,2026-05-05
Fresh Foods Market 5 inch Patti Cake,Harris Teeter,9.99,bakery,2026-05-06,2026-05-12
Fresh Foods Market 5 inch Patti Cake,Harris Teeter,9.99,bakery,2026-05-13,2026-05-19
Fresh Foods Market 5 inch Patti Cake,Harris Teeter,9.99,bakery,2026-05-27,2026-06-02
Fresh Foods Market 5 inch Patti Cake,Harris Teeter,9.99,bakery,2026-06-03,2026-06-09
Fresh Foods Market 5 inch Patti Cake,Harris Teeter,9.99,bakery,2026-06-10,2026-06-16
Fresh Foods Market Muffins,Harris Teeter,5.0,bakery,2026-04-29,2026-05-05
Fresh Foods Market Muffins,Harris Teeter,5.0,bakery,2026-05-27,2026-06-02
Fresh Foods Market Muffins,Harris Teeter,5.0,bakery,2026-06-17,2026-06-23
Fresh Foods Market Perfect Pair Cake,Harris Teeter,19.99,bakery,2026-05-27,2026-06-02
Fresh Foods Market Perfect Pair Cake,Harris Teeter,19.99,bakery,2026-06-03,2026-06-09
Fresh Foods Market Perfect Pair Cake,Harris Teeter,19.99,bakery,2026-06-10,2026-06-16
Fresh Foods Market Triple Chocolate Cookies,Harris Teeter,4.99,bakery,2026-06-03,2026-06-09
French Bread,Harris Teeter,3.0,bakery,2026-07-22,2026-07-28
General Mills Birthday Cake Cheerios,Harris Teeter,6.0,bakery,2026-06-10,2026-06-16
Ghirardelli or Fudge Iced Brownies,Harris Teeter,8.99,bakery,2026-06-17,2026-06-23
Harris Teeter Bread Crumbs,Harris Teeter,1.79,bakery,2026-06-10,2026-06-16
Harris Teeter Graham Cracker Pie Crust,Harris Teeter,1.79,bakery,2026-05-27,2026-06-02
24 oz. Harris Teeter Maple Syrup 28 - 32 0Z. Pancake Mix,Harris Teeter,5.0,bakery,2026-06-10,2026-06-16
Harris Teeter Old Fashioned Bread,Harris Teeter,4.0,bakery,2026-06-10,2026-06-16
Harris Teeter Tortilla Chips,Harris Teeter,5.0,bakery,2026-05-27,2026-06-02
Harris Teeter Tortilla Chips or 15.5 oz. Thick & Chunky Salsa,Harris Teeter,5.0,bakery,2026-04-29,2026-05-05
HT Traders Cakes,Harris Teeter,19.99,bakery,2026-05-06,2026-05-12
HT Traders Cakes,Harris Teeter,20.99,bakery,2026-06-17,2026-06-23
HT Traders Dessert Cakes & Pies,Harris Teeter,4.49,bakery,2026-09-02,2026-09-08
HT Traders Focaccia,Harris Teeter,5.49,bakery,2026-07-22,2026-07-28
HT Traders Focaccia or Tear & Share,Harris Teeter,5.49,bakery,2026-05-20,2026-05-26
HT Traders Square Cakes,Harris Teeter,19.99,bakery,2026-04-29,2026-05-05
HT Traders Square Cakes,Harris Teeter,19.99,bakery,2026-05-13,2026-05-19
HT Traders Triple Chocolate Chip Cookies,Harris Teeter,8.0,bakery,2026-06-10,2026-06-16
Jimmy Dean Breakfast Muffins,Harris Teeter,12.79,bakery,2026-09-02,2026-09-08
Junior's Little Fella Cheesecake,Harris Teeter,9.0,bakery,2026-05-13,2026-05-19
Killer Brownies,Harris Teeter,6.49,bakery,2026-05-20,2026-05-26
Killer Brownies,Harris Teeter,6.49,bakery,2026-06-10,2026-06-16
Killer Brownies,Harris Teeter,6.49,bakery,2026-07-01,2026-07-07
King Arthur Pancake Mix,Harris Teeter,7.0,bakery,2026-06-10,2026-06-16
Kodiak Brownie or Muffin Mix,Harris Teeter,4.99,bakery,2026-06-03,2026-06-09
Kodiak Pancake Mix,Harris Teeter,4.99,bakery,2026-05-06,2026-05-12
Krusteaz Pancake Mix,Harris Teeter,6.0,bakery,2026-06-17,2026-06-23
Lucky Leaf Premium Pie Filling,Harris Teeter,3.99,bakery,2026-07-01,2026-07-07
Made Good Soft Baked Cookies,Harris Teeter,7.99,bakery,2026-05-20,2026-06-16
Made Good Organic Soft Baked Mini Cookies,Harris Teeter,7.0,bakery,2026-06-17,2026-07-14
Maria's Cookies,Harris Teeter,7.0,bakery,2026-09-02,2026-09-08
Masa Tortilla Chips,Harris Teeter,9.99,bakery,2026-07-15,2026-08-11
Mi Nina Tortilla Chips,Harris Teeter,8.0,bakery,2026-05-20,2026-06-16
Mission Tortilla Chips,Harris Teeter,6.0,bakery,2026-04-29,2026-05-05
Nabisco Family Size Chips Ahoy! or Oreo Cookies,Harris Teeter,2.99,bakery,2026-06-03,2026-06-09
"Old El Paso Dinner Kits, Shells, Tortillas or Mexican Sauce",Harris Teeter,6.0,bakery,2026-06-10,2026-06-16
On The Border Tortilla Chips,Harris Teeter,7.0,bakery,2026-07-01,2026-07-07
Patriotic Decorated Cupcakes,Harris Teeter,5.99,bakery,2026-05-20,2026-05-26
Patriotic Decorated Cupcakes,Harris Teeter,5.99,bakery,2026-07-01,2026-07-07
Patriotic Frosted Cookies,Harris Teeter,5.49,bakery,2026-05-20,2026-05-26
Patriotic Mini Cupcakes,Harris Teeter,4.99,bakery,2026-05-20,2026-05-26
Pearl Milling Co. Pancake Mix,Harris Teeter,7.0,bakery,2026-09-02,2026-09-08
Pearl Milling Co. Pancake Syrup,Harris Teeter,6.0,bakery,2026-09-02,2026-09-08
Pearl Milling Company Pancake Mix,Harris Teeter,6.0,bakery,2026-05-20,2026-05-26
Pearl Milling Company Pancake Mix,Harris Teeter,7.0,bakery,2026-07-01,2026-07-07
Pearl Milling Company Pancake Syrup,Harris Teeter,10.0,bakery,2026-04-29,2026-05-05
Pearl Milling Company Pancake Syrup,Harris Teeter,6.0,bakery,2026-05-20,2026-05-26
Pedigree Small Bread Dry Dog Food,Harris Teeter,6.99,bakery,2026-04-22,2026-04-28
Pepperidge Farm Cookies,Harris Teeter,9.0,bakery,2026-04-29,2026-05-05
Pepperidge Farm Cookies,Harris Teeter,9.0,bakery,2026-05-13,2026-05-19
Pepperidge Farm Cookies,Harris Teeter,9.0,bakery,2026-05-20,2026-05-26
Pepperidge Farm Cookies,Harris Teeter,6.0,bakery,2026-05-27,2026-06-02
Pepperidge Farm Cookies,Harris Teeter,9.0,bakery,2026-06-10,2026-06-16
Pepperidge Farm Cookies,Harris Teeter,9.0,bakery,2026-09-02,2026-09-08
Pillsbury Pie Crusts,Harris Teeter,6.0,bakery,2026-05-06,2026-05-12
Pillsbury Ready to Bake Cookie Dough,Harris Teeter,7.0,bakery,2026-05-06,2026-05-12
Private Selection Cookie Dough,Harris Teeter,3.79,bakery,2026-05-06,2026-05-12
Private Selection Cookie Dough,Harris Teeter,3.79,bakery,2026-06-17,2026-06-23
Private Selection Cookie Dough,Harris Teeter,3.79,bakery,2026-07-01,2026-07-07
Quest Protein Cookies,Harris Teeter,5.0,bakery,2026-05-20,2026-05-26
Sara Lee Artesano Bread,Harris Teeter,7.0,bakery,2026-04-29,2026-05-05
Siete Cookies,Harris Teeter,4.49,bakery,2026-05-13,2026-05-19
Siete Tortilla Chips,Harris Teeter,4.99,bakery,2026-04-29,2026-05-05
Simple Mills Cookies,Harris Teeter,9.0,bakery,2026-05-20,2026-06-16
Simple Mills Sandwich Cookies,Harris Teeter,5.99,bakery,2026-05-20,2026-06-16
Simple Truth Organic Breakfast Cookies,Harris Teeter,6.0,bakery,2026-06-17,2026-06-23
Simple Truth Gluten Free Cookie Dough,Harris Teeter,4.29,bakery,2026-04-29,2026-05-05
Simple Truth Lightly Breaded Chicken,Harris Teeter,8.99,bakery,2026-05-06,2026-05-12
Simple Truth Lightly Breaded Chicken,Harris Teeter,8.99,bakery,2026-05-27,2026-06-02
Simple Truth Muffin Mix,Harris Teeter,4.49,bakery,2026-06-17,2026-06-23
Simple Truth Protein Biscuits,Harris Teeter,5.99,bakery,2026-07-01,2026-07-07
Simple Truth Protein Brownie Mix,Harris Teeter,5.39,bakery,2026-04-22,2026-04-28
Simple Truth Protein Mini Pancakes,Harris Teeter,5.49,bakery,2026-06-17,2026-07-14
Simple Truth Protein Pancake Mix,Harris Teeter,3.99,bakery,2026-05-06,2026-05-12
Simple Truth Protein Tortilla Chips,Harris Teeter,9.0,bakery,2026-04-22,2026-04-28
Simple Truth Protein Tortilla Chips,Harris Teeter,9.0,bakery,2026-07-22,2026-07-28
Simple Truth Organic Tortilla Chips,Harris Teeter,4.0,bakery,2026-05-06,2026-05-12
Simple Truth Organic Tortilla Chips,Harris Teeter,5.0,bakery,2026-05-13,2026-05-19
Simple Truth Organic Tortilla Chips,Harris Teeter,2.49,bakery,2026-09-02,2026-09-08
Supreme Source Grain-Free Dog Biscuits,Harris Teeter,4.99,bakery,2026-06-10,2026-06-16
Tate's Bake Shop Cookies,Harris Teeter,4.99,bakery,2026-05-27,2026-06-02
Tate's Bake Shop Cookies,Harris Teeter,4.99,bakery,2026-07-22,2026-07-28
Three Dog Bakery Dog Treats,Harris Teeter,4.99,bakery,2026-04-29,2026-05-05
Voortman Cookies,Harris Teeter,6.0,bakery,2026-05-13,2026-05-19
Walker's Shortbread Cookies,Harris Teeter,8.0,bakery,2026-07-15,2026-08-11
Wasa Crispbread,Harris Teeter,3.99,bakery,2026-05-20,2026-06-16
Simple Truth Organic Whole Wheat Penne Pasta,Harris Teeter,3.0,bakery,2026-05-06,2026-05-12
Thomas' Bagels or English Muffins,Harris Teeter,8.0,bakery,2026-04-22,2026-04-28
8 Mega Roll Angel Soft Bath Tissue or 6 Double Roll Sparkle Paper Towels,Harris Teeter,6.99,bakery,2026-04-22,2026-04-28
Simple Truth Organic Bunched Broccoli,Harris Teeter,7.0,bakery,2026-04-22,2026-04-28
12 Double Roll Harris Teeter Soft & Strong Bath Tissue or 2 Triple Roll Ultra Paper Towels,Harris Teeter,10.0,bakery,2026-04-22,2026-04-28
Sara Lee Artesano Buns,Harris Teeter,3.99,bakery,2026-04-22,2026-04-28
Harris Teeter Hamburger or Hot Dog Buns,Harris Teeter,4.0,bakery,2026-04-22,2026-04-28
Beautiful Pom Bunches,Harris Teeter,5.0,bakery,2026-04-22,2026-04-28
Organic Hot House Bunch Tomatoes,Harris Teeter,2.79,bakery,2026-04-22,2026-05-19
Quaker Protein Old Fashioned Rolled Oats,Harris Teeter,8.0,bakery,2026-04-29,2026-05-05
Asiatic Lily Bunches,Harris Teeter,8.99,bakery,2026-04-29,2026-05-05
La Brea Sourdough Loaf,Harris Teeter,4.99,bakery,2026-04-29,2026-05-05
Pantene Abundant & Strong Shampoo or Conditioner,Harris Teeter,6.0,bakery,2026-04-29,2026-05-05
Farmers Market Bunch Cilantro,Harris Teeter,4.0,bakery,2026-04-29,2026-05-05
"Pillsbury Grands! Biscuits, Cinnamon Rolls, Crescents or Grands! Crescents",Harris Teeter,5.0,bakery,2026-05-06,2026-05-12
Totino's Pizza Rolls,Harris Teeter,9.0,bakery,2026-05-06,2026-05-12
Fresh Foods Market Bundt Cakes,Harris Teeter,18.99,bakery,2026-05-06,2026-05-12
12 Mega Roll Charmin Bath Tissue or 6 Double Plus Roll Bounty Paper Towels,Harris Teeter,13.97,bakery,2026-05-06,2026-05-12
Private Selection Proof & Bake Croissants,Harris Teeter,5.49,bakery,2026-05-06,2026-05-12
Wonder Buns,Harris Teeter,2.99,bakery,2026-05-06,2026-05-12
RoRo's Rolls,Harris Teeter,4.99,bakery,2026-05-06,2026-05-12
Bakery Fresh Mini Cinnamon Rolls,Harris Teeter,5.99,bakery,2026-05-06,2026-05-12
Bagel Bites Frozen Appetizers,Harris Teeter,4.0,bakery,2026-05-06,2026-05-12
5 Stem Sunflower Bunch,Harris Teeter,9.0,bakery,2026-05-13,2026-05-19
Harris Teeter Cinnamon Rolls,Harris Teeter,4.49,bakery,2026-05-13,2026-05-19
Stacy's Pita Chips,Harris Teeter,1.99,bakery,2026-05-13,2026-05-19
Sara Lee Artesano Buns,Harris Teeter,3.99,bakery,2026-05-13,2026-05-19
Ball Park Hamburger or Hot Dog Buns,Harris Teeter,6.0,bakery,2026-05-13,2026-05-19
Harris Teeter Hot Roll Sausage,Harris Teeter,8.0,bakery,2026-05-13,2026-05-19
Zack's Mighty Rolled Tortilla Chips,Harris Teeter,3.99,bakery,2026-05-20,2026-06-16
Organic Hot House Bunch Tomatoes,Harris Teeter,2.99,bakery,2026-05-20,2026-06-16
Farmers Market Bunch Hot House Tomatoes,Harris Teeter,1.69,bakery,2026-05-20,2026-05-26
King's Hawaiian Rolls,Harris Teeter,4.99,bakery,2026-05-20,2026-05-26
Bagel Bites Pizza Snacks!,Harris Teeter,2.99,bakery,2026-05-20,2026-05-26
Nature's Own Perfectly Crafted Buns,Harris Teeter,3.49,bakery,2026-05-20,2026-05-26
6 Double Roll or 4 Triple Roll Bounty Paper Towels or 6 Mega XL Roll Charmin Bath Tissue,Harris Teeter,12.99,bakery,2026-05-20,2026-05-26
Ball Park Buns,Harris Teeter,6.0,bakery,2026-05-20,2026-05-26
Private Selection Brioche Hamburger or Hot Dog Buns,Harris Teeter,3.99,bakery,2026-05-20,2026-05-26
TGI Fridays Appetizers or Bagel Bites,Harris Teeter,8.99,bakery,2026-05-20,2026-05-26
Fresh Foods Market All Butter Croissants,Harris Teeter,5.0,bakery,2026-05-27,2026-06-02
Farmers Market Bunch Kale or Collard Greens,Harris Teeter,4.0,bakery,2026-05-27,2026-06-02
La Brea Sourdough Loaf,Harris Teeter,4.99,bakery,2026-05-27,2026-06-02
Pepperidge Farm Swirl Bread or 21 oz. Bagels,Harris Teeter,7.0,bakery,2026-05-27,2026-06-02
Pantene Abundant & Strong Shampoo or Conditioner,Harris Teeter,3.0,bakery,2026-05-27,2026-06-02
Carnation Bunch,Harris Teeter,6.0,bakery,2026-05-27,2026-06-02
"Pillsbury Cinnamon Rolls, Crescents or Biscuits",Harris Teeter,1.97,bakery,2026-05-27,2026-06-02
Nervive Pain Relieving Cream or Liquid Roll-On,Harris Teeter,2.0,bakery,2026-05-27,2026-06-02
Fresh Foods Market Bundt Cake Slices,Harris Teeter,4.0,bakery,2026-06-03,2026-06-09
Ball Park Buns,Harris Teeter,6.0,bakery,2026-06-03,2026-06-09
6 Double Plus Roll Bounty Paper Towels or 12 Mega Roll Charmin Bath Tissue,Harris Teeter,15.99,bakery,2026-06-03,2026-06-09
Farmers Market Red Hothouse Bunch Tomatoes,Harris Teeter,1.69,bakery,2026-06-03,2026-06-09
Alstroemeria Bunches,Harris Teeter,6.0,bakery,2026-06-03,2026-06-09
Post Honey Bunches of Oats,Harris Teeter,6.0,bakery,2026-06-03,2026-06-09
Bay's English Muffins,Harris Teeter,6.0,bakery,2026-06-03,2026-06-09
Pepperidge Farm Buns or Rolls,Harris Teeter,7.0,bakery,2026-06-10,2026-06-16
Pom Bunches,Harris Teeter,6.0,bakery,2026-06-10,2026-06-16
ACME Everything Bagel Smoked Nova Salmon,Harris Teeter,4.99,bakery,2026-06-10,2026-06-16
Farmers Market Bunch Hot House Tomatoes,Harris Teeter,1.69,bakery,2026-06-10,2026-06-16
King's Hawaiian Rolls,Harris Teeter,9.49,bakery,2026-06-10,2026-06-16
Farmers Market Organic Hothouse Bunch Tomatoes,Harris Teeter,2.99,bakery,2026-06-10,2026-06-16
Nerds Gummy Clusters or Trolli Gummies,Harris Teeter,3.99,bakery,2026-06-10,2026-06-16
16 Mega Roll Angel Soft Bath Tissue or 6 Double Roll Brawny Paper Towels,Harris Teeter,9.97,bakery,2026-06-10,2026-06-16
Private Selection Brioche Hamburger or Hot Dog Buns,Harris Teeter,3.99,bakery,2026-06-10,2026-06-16
"Pillsbury Grands! Biscuits, Cinnamon Rolls, Crescents or Grands! Crescent",Harris Teeter,5.0,bakery,2026-06-10,2026-06-16
Capital City Mambo Sauce,Harris Teeter,6.99,bakery,2026-06-17,2026-07-14
Organic Hot House Bunch Tomatoes,Harris Teeter,2.99,bakery,2026-06-17,2026-07-14
Zack's Mighty Rolled Tortilla Chips,Harris Teeter,3.99,bakery,2026-06-17,2026-07-14
Pitaya Foods Organic Frozen,Harris Teeter,10.99,bakery,2026-06-17,2026-07-14
Harris Teeter Cinnamon Rolls With Cream Cheese Frosting,Harris Teeter,3.39,bakery,2026-06-17,2026-07-14
TGI Fridays Appetizers or Bagel Bites,Harris Teeter,8.99,bakery,2026-06-17,2026-06-23
Fresh Foods Market Multigrain Sourdough,Harris Teeter,4.99,bakery,2026-06-17,2026-06-23
Private Selection Proof & Bake Croissants,Harris Teeter,5.49,bakery,2026-06-17,2026-06-23
Bounty Paper Towels 6 Double Roll or Charmin Bath Tissue 6 Mega XL Roll,Harris Teeter,14.99,bakery,2026-06-17,2026-06-23
1675 oz Dave's Killer Bread Organic Bagels or 13 oz English Muffins,Harris Teeter,5.49,bakery,2026-06-17,2026-06-23
Pepperidge Farm Farmhouse Rolls,Harris Teeter,3.99,bakery,2026-06-17,2026-06-23
HT Traders Ultimate Chocolate Bundt Cake,Harris Teeter,18.99,bakery,2026-06-17,2026-06-23
King's Hawaiian Rolls,Harris Teeter,4.99,bakery,2026-06-17,2026-06-23
21 oz. Pepperidge Farm Bagels or 14 - 16 oz. Swirl Bread,Harris Teeter,7.0,bakery,2026-07-01,2026-07-07
"Pillsbury Biscuits, Crescents or Cinnamon Rolls",Harris Teeter,6.0,bakery,2026-07-01,2026-07-07
Pepperidge Farm Buns,Harris Teeter,6.0,bakery,2026-07-01,2026-07-07
HT Traders Warm Vanilla Bundt Cake,Harris Teeter,18.99,bakery,2026-07-01,2026-07-07
Nature's Own Perfectly Crafted Buns,Harris Teeter,2.99,bakery,2026-07-01,2026-07-07
Farmers Market Bunch Hot House Tomatoes,Harris Teeter,1.69,bakery,2026-07-01,2026-07-07
6 Triple Roll Bounty Paper Towels or 12 Mega XL Charmin Bath Tissue,Harris Teeter,19.99,bakery,2026-07-01,2026-07-07
Jimmy Dean Roll Sausage,Harris Teeter,10.0,bakery,2026-07-01,2026-07-07
Jimmy Dean Breakfast Biscuits or Croissants,Harris Teeter,9.99,bakery,2026-07-01,2026-07-07
Ball Park Buns,Harris Teeter,6.0,bakery,2026-07-01,2026-07-07
Harris Teeter English Muffins,Harris Teeter,6.0,bakery,2026-07-01,2026-07-07
TGI Fridays Appetizers or Bagel Bites,Harris Teeter,8.0,bakery,2026-07-01,2026-07-07
Private Selection Brioche Hot Dog or Hamburger Buns,Harris Teeter,8.0,bakery,2026-07-01,2026-07-07
Zack's Mighty Rolled Tortilla Chips,Harris Teeter,3.99,bakery,2026-07-15,2026-08-11
Bagels,Harris Teeter,6.99,bakery,2026-07-15,2026-08-11
Organic Hot House Bunch Tomatoes,Harris Teeter,2.99,bakery,2026-07-15,2026-08-11
Ball Park Hamburger or Hot Dog Buns,Harris Teeter,7.0,bakery,2026-07-22,2026-07-28
21 oz. Pepperidge Farm Bagels or 14 - 16 oz Swirl Bread,Harris Teeter,3.99,bakery,2026-07-22,2026-07-28
Pepperidge Farm Buns or Rolls,Harris Teeter,7.0,bakery,2026-07-22,2026-07-28
La Brea Sourdough Loaf,Harris Teeter,4.99,bakery,2026-09-02,2026-09-08
TGI Fridays Appetizers or Bagel Bites,Harris Teeter,8.99,bakery,2026-09-02,2026-09-08
5 Stem Sunflower Bunches,Harris Teeter,10.0,bakery,2026-09-02,2026-09-08
Ball Park Hamburger or Hot Dog Buns,Harris Teeter,6.0,bakery,2026-09-02,2026-09-08
King's Hawaiian Rolls,Harris Teeter,8.0,bakery,2026-09-02,2026-09-08
Pepperidge Farm Buns or Rolls,Harris Teeter,5.0,bakery,2026-09-02,2026-09-08
Dave's Killer Bread Organic Bagels,Harris Teeter,5.49,bakery,2026-09-02,2026-09-08
Organic Hot House Bunch Tomatoes,Harris Teeter,2.99,bakery,2026-08-12,2026-09-08
Wonder Classic Bread,Harris Teeter,0.99,bakery,2026-05-13,2026-05-19
Wonder Classic Bread,Harris Teeter,2.99,bakery,2026-05-20,2026-05-26
Xochitl American Style Tortilla Chips,Harris Teeter,8.0,bakery,2026-05-20,2026-06-16
Xochitl Patriotic Tortilla Chips,Harris Teeter,8.0,bakery,2026-06-17,2026-07-14
"Xochitl Red, White and Blue Tortilla Chips",Harris Teeter,8.0,bakery,2026-07-15,2026-08-11
4C Gluten Free Bread Crumbs,Lowes Foods,3.99,bakery,2026-05-13,2026-05-19
4C Gluten Free Bread Crumbs,Lowes Foods,3.99,bakery,2026-09-02,2026-09-08
Angel Food Cake,Lowes Foods,7.99,bakery,2026-04-22,2026-04-28
Angel Food Cake,Lowes Foods,7.99,bakery,2026-04-29,2026-05-05
Angel Food Cake,Lowes Foods,7.99,bakery,2026-05-06,2026-05-12
Angel Food Cake,Lowes Foods,7.99,bakery,2026-05-13,2026-05-19
Archway Cookies,Lowes Foods,7.0,bakery,2026-05-13,2026-05-19
Artisan Bread,Lowes Foods,3.99,bakery,2026-05-13,2026-05-19
Artisan Bread Rustic Italian or Sesame Semolina,Lowes Foods,3.99,bakery,2026-06-17,2026-06-23
Baguette,Lowes Foods,2.0,bakery,2026-05-06,2026-05-12
Baguette,Lowes Foods,2.0,bakery,2026-05-20,2026-05-26
Baguette,Lowes Foods,2.0,bakery,2026-07-01,2026-07-07
Baguette,Lowes Foods,2.0,bakery,2026-09-02,2026-09-08
Fresh Baked Cookies,Lowes Foods,5.0,bakery,2026-09-02,2026-09-08
Berries'n Cream with White Chocolate Mousse Cake,Lowes Foods,14.99,bakery,2026-05-13,2026-05-19
Betty Crocker Brownie or Muffin Mix,Lowes Foods,6.0,bakery,2026-07-01,2026-07-07
The Cakery Patriotic Cakes,Lowes Foods,13.99,bakery,2026-05-20,2026-05-26
Chips Ahoy! Cookies,Lowes Foods,2.99,bakery,2026-06-10,2026-06-16
"Clos Du Bois, I Heart or Cupcake selected 750 ml, Barefoot selected 1.5 liter",Lowes Foods,8.88,bakery,2026-06-03,2026-06-09
Traditional Cookie or Brownie Tray,Lowes Foods,11.99,bakery,2026-05-20,2026-05-26
Traditional Cookie or Brownie Tray,Lowes Foods,11.99,bakery,2026-07-01,2026-07-07
Cookies,Lowes Foods,6.49,bakery,2026-05-13,2026-05-19
Cookies,Lowes Foods,6.49,bakery,2026-06-10,2026-06-16
Crav'n Cookies,Lowes Foods,5.0,bakery,2026-04-22,2026-04-28
Crav'n Cookies,Lowes Foods,5.0,bakery,2026-05-06,2026-05-12
Crav'n Cookies,Lowes Foods,5.0,bakery,2026-05-20,2026-05-26
Crav'n Cookies,Lowes Foods,5.0,bakery,2026-06-03,2026-06-09
Crav'n Cookies,Lowes Foods,5.0,bakery,2026-06-17,2026-06-23
Crav'n Cookies,Lowes Foods,5.0,bakery,2026-07-01,2026-07-07
Crav'n Fudge Cookies,Lowes Foods,4.0,bakery,2026-04-29,2026-05-05
Crav'n Fudge Cookies,Lowes Foods,5.0,bakery,2026-05-13,2026-05-19
Crav'n Fudge Cookies,Lowes Foods,5.0,bakery,2026-05-27,2026-06-02
Crav'n Fudge Cookies,Lowes Foods,5.0,bakery,2026-06-10,2026-06-16
Crav'n Fudge Cookies,Lowes Foods,5.0,bakery,2026-07-22,2026-07-28
Crav'n Fudge Cookies,Lowes Foods,5.0,bakery,2026-09-02,2026-09-08
Crumb Cake,Lowes Foods,6.99,bakery,2026-05-13,2026-05-19
Crumb Cake,Lowes Foods,6.99,bakery,2026-06-03,2026-06-09
Crumb Cake selected 4 ct FROM OUR BAKERY,Lowes Foods,6.99,bakery,2026-09-02,2026-09-08
Cupcake or Benvolio,Lowes Foods,7.99,bakery,2026-05-27,2026-06-02
"Cupcake, Robert Mondavi or Dark Horse",Lowes Foods,7.88,bakery,2026-04-22,2026-04-28
Cupcakes,Lowes Foods,6.99,bakery,2026-05-20,2026-05-26
Cupcakes,Lowes Foods,6.99,bakery,2026-09-02,2026-09-08
Dave's Killer Organic Bread,Lowes Foods,6.99,bakery,2026-05-20,2026-05-26
Dave's Killer Organic Bread,Lowes Foods,6.99,bakery,2026-06-10,2026-06-16
Dave's Killer Organic Bread,Lowes Foods,6.99,bakery,2026-09-02,2026-09-08
Duncan Hines Cake Mix,Lowes Foods,1.69,bakery,2026-05-06,2026-05-12
Duncan Hines Cake Mix,Lowes Foods,1.69,bakery,2026-06-17,2026-06-23
Duncan Hines Cake Mix,Lowes Foods,1.69,bakery,2026-07-01,2026-07-07
Duncan Hines Cake Mix,Lowes Foods,1.69,bakery,2026-09-02,2026-09-08
Duplin or Cupcake,Lowes Foods,5.99,bakery,2026-05-13,2026-05-19
Duplin or Cupcake,Lowes Foods,6.39,bakery,2026-06-10,2026-06-16
FATHER'S DAY CAKES FROM OUR BAKERY,Lowes Foods,13.99,bakery,2026-06-17,2026-06-23
Focaccia Bread,Lowes Foods,4.99,bakery,2026-04-29,2026-05-05
Focaccia Bread,Lowes Foods,4.49,bakery,2026-07-22,2026-07-28
Glazed Donuts,Lowes Foods,5.0,bakery,2026-06-03,2026-06-09
In-Store Made Cupcakes,Lowes Foods,6.99,bakery,2026-07-01,2026-07-07
Kodiak Pancake Sandwich,Lowes Foods,5.49,bakery,2026-05-27,2026-06-02
Kodiak Pancake Sandwich,Lowes Foods,5.49,bakery,2026-06-03,2026-06-09
Late July Tortilla Chips,Lowes Foods,8.0,bakery,2026-05-06,2026-05-12
Late July Tortilla Chips,Lowes Foods,7.0,bakery,2026-09-02,2026-09-08
"Lawry's, Old Bay or Stubb's Breadings",Lowes Foods,5.0,bakery,2026-09-02,2026-09-08
Loaf Cakes,Lowes Foods,5.99,bakery,2026-04-29,2026-05-05
Loaf Cakes,Lowes Foods,5.99,bakery,2026-05-27,2026-06-02
Lowes Foods Pancake Mix,Lowes Foods,1.99,bakery,2026-04-29,2026-05-05
Lowes Foods Pancake Mix,Lowes Foods,1.99,bakery,2026-05-20,2026-05-26
Lowes Foods Pancake Mix,Lowes Foods,4.0,bakery,2026-06-10,2026-06-16
Lowes Foods Tortilla Chips,Lowes Foods,5.0,bakery,2026-04-22,2026-04-28
Lowes Foods Tortilla Chips,Lowes Foods,6.0,bakery,2026-05-06,2026-05-12
Lowes Foods Tortilla Chips,Lowes Foods,6.0,bakery,2026-05-20,2026-05-26
Lowes Foods Tortilla Chips,Lowes Foods,6.0,bakery,2026-06-03,2026-06-09
Lowes Foods Tortilla Chips,Lowes Foods,7.0,bakery,2026-06-17,2026-06-23
Lowes Foods Tortilla Chips,Lowes Foods,6.0,bakery,2026-07-01,2026-07-07
Mini Assorted Danish,Lowes Foods,5.99,bakery,2026-04-22,2026-04-28
Mini Assorted Danish,Lowes Foods,5.99,bakery,2026-05-13,2026-05-19
Mini Cookies,Lowes Foods,5.99,bakery,2026-05-27,2026-06-02
Mini Cookies,Lowes Foods,5.99,bakery,2026-07-22,2026-07-28
Mini Filled Donuts,Lowes Foods,5.99,bakery,2026-05-20,2026-05-26
Mini Filled Donuts,Lowes Foods,5.99,bakery,2026-06-10,2026-06-16
Mini Filled Donuts,Lowes Foods,5.99,bakery,2026-07-01,2026-07-07
Mission Carb Balance Tortillas,Lowes Foods,4.49,bakery,2026-05-27,2026-06-02
Mission Super Soft Tortillas,Lowes Foods,6.0,bakery,2026-06-17,2026-06-23
Mission Tortilla Chips,Lowes Foods,4.0,bakery,2026-04-29,2026-05-05
Monster Muffins,Lowes Foods,2.5,bakery,2026-05-06,2026-05-12
Monster Muffins,Lowes Foods,2.5,bakery,2026-05-27,2026-06-02
Monster Muffins,Lowes Foods,2.5,bakery,2026-06-10,2026-06-16
"6"" Mother's Day Cakes",Lowes Foods,13.99,bakery,2026-05-06,2026-05-12
Nabisco BelVita Biscuits,Lowes Foods,8.0,bakery,2026-05-13,2026-05-19
Nabisco BelVita Biscuits,Lowes Foods,8.0,bakery,2026-06-17,2026-06-23
Nabisco Chips Ahoy! Cookies,Lowes Foods,2.99,bakery,2026-07-01,2026-07-07
Nabisco Chips Ahoy! Cookies Family Size,Lowes Foods,3.99,bakery,2026-04-29,2026-05-05
Nabisco Oreo Cookies,Lowes Foods,1.99,bakery,2026-04-22,2026-04-28
Nature's Bakery Bars,Lowes Foods,3.99,bakery,2026-04-29,2026-05-05
Nature's Bakery Bars,Lowes Foods,3.99,bakery,2026-06-03,2026-06-09
PATRIOTIC CAKES,Lowes Foods,12.99,bakery,2026-07-01,2026-07-07
Philadelphia Cheesecake,Lowes Foods,9.99,bakery,2026-05-06,2026-05-12
Philadelphia Cheesecake,Lowes Foods,9.99,bakery,2026-07-01,2026-07-07
Philadelphia Cheesecake,Lowes Foods,9.99,bakery,2026-09-02,2026-09-08
Pillsbury Cake Mix,Lowes Foods,3.0,bakery,2026-05-20,2026-05-26
Pillsbury Ready to Bake Cookie Dough,Lowes Foods,8.0,bakery,2026-06-10,2026-06-16
"Plain, Caraway or Marble Rye Breads",Lowes Foods,2.5,bakery,2026-05-27,2026-06-02
Round Danish,Lowes Foods,6.49,bakery,2026-06-17,2026-06-23
Sliced Pound or Crème Cake,Lowes Foods,6.99,bakery,2026-04-22,2026-04-28
Stonefire Naan Dippers,Lowes Foods,4.99,bakery,2026-05-13,2026-05-19
Tate's Bake Shop Cookies,Lowes Foods,4.99,bakery,2026-04-22,2026-04-28
Tate's Bake Shop Cookies,Lowes Foods,4.99,bakery,2026-05-27,2026-06-02
Tate's Bake Shop Cookies,Lowes Foods,4.89,bakery,2026-06-03,2026-06-09
Tate's Bake Shop Cookies,Lowes Foods,4.89,bakery,2026-06-10,2026-06-16
Tate's Bake Shop Cookies,Lowes Foods,10.0,bakery,2026-07-01,2026-07-07
Tres Leches Cake,Lowes Foods,14.99,bakery,2026-04-29,2026-05-05
Two Bite Cupcakes,Lowes Foods,5.99,bakery,2026-06-03,2026-06-09
Very Berry Artisan Bread,Lowes Foods,4.99,bakery,2026-05-06,2026-05-12
Very Berry Artisan Bread,Lowes Foods,4.99,bakery,2026-07-01,2026-07-07
The Village Pie Maker Pies,Lowes Foods,14.99,bakery,2026-04-29,2026-05-05
Voortman Perfectly Sweet Cookies,Lowes Foods,2.99,bakery,2026-04-29,2026-05-05
Voortman Perfectly Sweet Cookies,Lowes Foods,2.99,bakery,2026-06-03,2026-06-09
"Nature's Own Whole Wheat, Honey Wheat or Butter Bread",Lowes Foods,3.99,bakery,2026-06-10,2026-06-16
"Nature's Own Whole Grain, Whole Wheat, Honey Wheat or Butter Bread",Lowes Foods,3.99,bakery,2026-09-02,2026-09-08
New York Bagel Chips,Lowes Foods,4.49,bakery,2026-04-22,2026-04-28
Bolillo or Telera Rolls,Lowes Foods,3.49,bakery,2026-04-29,2026-05-05
Authentic Brioche Hamburger or Hot Dog Buns,Lowes Foods,6.49,bakery,2026-04-29,2026-05-05
Cinnamon Rolls,Lowes Foods,4.99,bakery,2026-04-29,2026-05-05
Crav'n Pita Chips,Lowes Foods,3.99,bakery,2026-04-29,2026-05-05
Charmin Bath Tissue selected 16 mega rolls Bounty Paper Towels selected 8 double rolls,Lowes Foods,14.99,bakery,2026-04-29,2026-05-05
Fresh Baked Hamburger Buns,Lowes Foods,3.49,bakery,2026-05-06,2026-05-12
All Butter Croissants,Lowes Foods,4.99,bakery,2026-05-06,2026-05-12
Authentic Brioche,Lowes Foods,6.99,bakery,2026-05-06,2026-05-12
Bagel Bites,Lowes Foods,5.0,bakery,2026-05-06,2026-05-12
King's Hawaiian Dinner Rolls,Lowes Foods,4.99,bakery,2026-05-06,2026-05-12
Bounty Paper Towel selected 4 triple rolls or 6 double rolls Charmin Ultra Soft Bath Tissue selected 6-9 mega rolls,Lowes Foods,20.0,bakery,2026-05-06,2026-05-12
Trolli Gummy Candy,Lowes Foods,1.79,bakery,2026-05-06,2026-05-12
Stacy's Pita Chips,Lowes Foods,8.0,bakery,2026-05-13,2026-05-19
Quilted Northern 6 mega rolls Brawny 4 double rolls,Lowes Foods,14.0,bakery,2026-05-13,2026-05-19
Authentic Brioche Hamburger or Hot Dog Buns,Lowes Foods,6.49,bakery,2026-05-13,2026-05-19
Crav'n Pita Chips,Lowes Foods,3.99,bakery,2026-05-13,2026-05-19
Mini Croissants 100% Butter,Lowes Foods,4.99,bakery,2026-05-13,2026-05-19
Fresh Baked Hamburger Buns,Lowes Foods,3.0,bakery,2026-05-20,2026-05-26
New York Style Bagel Crisps,Lowes Foods,4.49,bakery,2026-05-20,2026-05-26
Salumi Italiani Rolls,Lowes Foods,7.99,bakery,2026-05-20,2026-05-26
King's Hawaiian Dinner Rolls,Lowes Foods,4.99,bakery,2026-05-20,2026-05-26
King's Hawaiian Pretzel Hamburger or Slider Buns,Lowes Foods,4.99,bakery,2026-05-20,2026-05-26
Oscar Mayer Regular or Bunsize Franks,Lowes Foods,4.99,bakery,2026-05-27,2026-06-02
Post Honey Bunches of Oats Cereal,Lowes Foods,6.0,bakery,2026-05-27,2026-06-02
Crav'n Pita Chips,Lowes Foods,3.99,bakery,2026-05-27,2026-06-02
Wow Bao Buns,Lowes Foods,5.99,bakery,2026-05-27,2026-06-02
Cinnamon Rolls,Lowes Foods,4.99,bakery,2026-06-03,2026-06-09
Bagel Bites,Lowes Foods,5.0,bakery,2026-06-03,2026-06-09
Sara Lee Artesano Bread & Buns,Lowes Foods,6.0,bakery,2026-06-03,2026-06-09
Blue Bunny Soft Ice Cream,Lowes Foods,3.99,bakery,2026-06-03,2026-06-09
"Quilted Northern Bath Tissue selected 12 mega ultra rolls, Brawny Paper Towel selected 8 double rolls",Lowes Foods,14.99,bakery,2026-06-03,2026-06-09
Bounty Paper Towels selected 6 ct double plus rolls / Charmin Bath Tissue selected 8 - 12 ct mega rolls,Lowes Foods,14.99,bakery,2026-06-03,2026-06-09
Blue Bunny Novelties,Lowes Foods,3.99,bakery,2026-06-10,2026-06-16
"Pepperidge Farm Sandwich, Hamburger or Hot Dog Buns",Lowes Foods,6.0,bakery,2026-06-10,2026-06-16
"Beretta Roll & Go Prosciutto, Salame or Soppressata",Lowes Foods,4.99,bakery,2026-06-10,2026-06-16
Crav'n Pita Chips,Lowes Foods,3.99,bakery,2026-06-10,2026-06-16
"Charmin Bath Tissue, selected 8 - 12 ct mega rolls or Bounty Paper Towels, selected 6 ct double plus rolls",Lowes Foods,14.99,bakery,2026-06-10,2026-06-16
"Dave's Killer Bread Thin Sliced, Bagels or English Muffins",Lowes Foods,5.99,bakery,2026-06-10,2026-06-16
Annie's Organic Cinnamon Rolls,Lowes Foods,11.0,bakery,2026-06-10,2026-06-16
Mini Bagels,Lowes Foods,4.49,bakery,2026-06-10,2026-06-16
"Breakfast Sausage Links, Patties or Rolls",Lowes Foods,4.49,bakery,2026-06-10,2026-06-16
"Fresh Baked Hamburger Buns, Onion Brat Buns",Lowes Foods,3.0,bakery,2026-06-17,2026-06-23
"Pepperidge Farm Sandwich, Hamburger or Hot Dog Buns",Lowes Foods,6.0,bakery,2026-06-17,2026-06-23
Mini Croissants,Lowes Foods,5.0,bakery,2026-06-17,2026-06-23
King's Hawaiian Dinner Rolls,Lowes Foods,4.99,bakery,2026-06-17,2026-06-23
"Pillsbury Crescents, Cinnamon Rolls or Grands! Biscuits",Lowes Foods,2.99,bakery,2026-06-17,2026-06-23
Brioche Hamburger or Hot Dog Buns,Lowes Foods,6.49,bakery,2026-07-01,2026-07-07
Ball Park Regular or Bunsize Meat Franks,Lowes Foods,5.0,bakery,2026-07-01,2026-07-07
"Pepperidge Farm Sandwich, Hamburger or Hot Dog Buns",Lowes Foods,6.0,bakery,2026-07-01,2026-07-07
"Charmin Bath Tissue selected 16 mega rolls, Bounty Paper Towels selected 8 double rolls",Lowes Foods,17.99,bakery,2026-07-01,2026-07-07
Thomas Bagels or Mini Bagels,Lowes Foods,4.99,bakery,2026-07-22,2026-07-28
Bagels,Lowes Foods,3.0,bakery,2026-07-22,2026-07-28
Crav'n Pita Chips,Lowes Foods,3.99,bakery,2026-07-22,2026-07-28
Tootsie Roll or Blow Pops,Lowes Foods,7.0,bakery,2026-07-22,2026-07-28
Quilted Northern Mega Roll Bath Tissue,Lowes Foods,18.99,bakery,2026-07-22,2026-07-28
"Bounty Paper Towel 4 double rolls, Charmin Ultra Soft 6 mega rolls",Lowes Foods,11.79,bakery,2026-07-22,2026-07-28
Stacy's Pita Chips,Lowes Foods,8.0,bakery,2026-07-22,2026-07-28
Blue Bunny Novelties,Lowes Foods,8.0,bakery,2026-09-02,2026-09-08
"Charmin Ultra Soft 6 - 9 ct mega rolls, Bounty Paper Towel 4 triple or 6 double rolls",Lowes Foods,9.99,bakery,2026-09-02,2026-09-08
King's Hawaiian Dinner Rolls,Lowes Foods,4.99,bakery,2026-09-02,2026-09-08
Totino's Pizza Rolls,Lowes Foods,9.99,bakery,2026-09-02,2026-09-08
"FRESH BAKED HAMBURGER BUNS, 8 CT ONION BRAT BUNS",Lowes Foods,3.0,bakery,2026-09-02,2026-09-08
"Dave's Killer Bread English Muffins, Bagels or Thin Sliced",Lowes Foods,5.99,bakery,2026-09-02,2026-09-08
Wonder Classic Hot Dog or Hamburger Buns,Lowes Foods,6.0,bakery,2026-09-02,2026-09-08
"PILLSBURY CRESCENTS, CINNAMON ROLLS OR GRANDS! BISCUITS",Lowes Foods,5.0,bakery,2026-09-02,2026-09-08
Crav'n Pita Chips,Lowes Foods,3.99,bakery,2026-09-02,2026-09-08
YELLOW OR CHOCOLATE CUPCAKES,Lowes Foods,6.99,bakery,2026-06-17,2026-06-23
Arnott's Tim Tam Cookies,Publix,8.0,bakery,2026-05-02,2026-05-15
"Assorted Cupcakes, 6-Count",Publix,10.0,bakery,2026-05-06,2026-05-12
"Assorted Cupcakes, 6-Count",Publix,10.0,bakery,2026-05-20,2026-05-26
"Assorted Cupcakes, 6-Count",Publix,4.99,bakery,2026-09-02,2026-09-08
Assorted Holiday Cupcakes,Publix,4.99,bakery,2026-07-01,2026-07-07
Bar Cakes,Publix,6.99,bakery,2026-05-13,2026-05-19
Belvita Breakfast Biscuits,Publix,8.0,bakery,2026-06-03,2026-06-10
Belvita Breakfast Biscuits,Publix,8.0,bakery,2026-09-02,2026-09-08
Blue Dog Bakery Healthy Treats for Dogs,Publix,7.0,bakery,2026-05-16,2026-05-29
Brownie Bite Platter,Publix,13.99,bakery,2026-06-17,2026-06-23
Brownie Pie†,Publix,7.99,bakery,2026-05-13,2026-05-19
Brownie Pie†,Publix,8.49,bakery,2026-07-01,2026-07-07
Brownie Rounds,Publix,3.99,bakery,2026-06-10,2026-06-16
Cake Donuts,Publix,3.49,bakery,2026-06-10,2026-06-16
Cake Donuts,Publix,3.49,bakery,2026-09-02,2026-09-08
"Cannoli, 2-Count",Publix,6.0,bakery,2026-04-22,2026-04-28
Caramel Pecan Crunch Decadent Cake,Publix,22.99,bakery,2026-06-03,2026-06-10
Carvel Family Size Sheet Cake,Publix,29.99,bakery,2026-04-29,2026-05-05
Chantilly Berry Tres Leches Cake,Publix,12.99,bakery,2026-04-29,2026-05-05
Chantilly Berry Tres Leches Cake,Publix,12.99,bakery,2026-05-13,2026-05-19
Chantilly Berry Vanilla Cupcakes,Publix,5.99,bakery,2026-05-13,2026-05-19
Chantilly Cake,Publix,23.99,bakery,2026-05-06,2026-05-12
Chantilly Cake,Publix,23.99,bakery,2026-05-13,2026-05-19
Chantilly Cake Slices,Publix,4.99,bakery,2026-06-17,2026-06-23
Chocolate and Almond Bretzel Pastry,Publix,3.99,bakery,2026-05-13,2026-05-19
Chocolate Chip Cookie Cake,Publix,11.99,bakery,2026-05-06,2026-05-12
Chocolate Chip Cookie Cake,Publix,12.99,bakery,2026-05-20,2026-05-26
Chocolate Chip Cookie Cake,Publix,11.99,bakery,2026-06-10,2026-06-16
Chocolate Chip Cookie Cake,Publix,11.99,bakery,2026-06-17,2026-06-23
Chocolate Chip Cookie Cake,Publix,11.99,bakery,2026-09-02,2026-09-08
Chocolate Chip Cookie Crumble Cheesecake,Publix,19.99,bakery,2026-06-17,2026-06-23
Chocolate & Cream Supreme Cake,Publix,21.99,bakery,2026-06-17,2026-06-23
Cookie Bites,Publix,4.59,bakery,2026-07-01,2026-07-07
"Decadent S'mores Cookies, 2-Count",Publix,5.99,bakery,2026-05-27,2026-06-03
Donuts,Publix,3.99,bakery,2026-04-29,2026-05-05
"Donuts, 6-Count",Publix,3.99,bakery,2026-05-27,2026-06-03
Effie's Homemade Biscuits†,Publix,7.49,bakery,2026-04-22,2026-04-28
French Bread,Publix,2.69,bakery,2026-05-06,2026-05-12
French Bread,Publix,2.49,bakery,2026-06-17,2026-06-23
Gefen Cake,Publix,5.49,bakery,2026-09-02,2026-09-08
GreenWise Breads,Publix,4.79,bakery,2026-04-22,2026-04-28
GreenWise Cheesecake Bites,Publix,3.5,bakery,2026-05-20,2026-05-26
GreenWise Organic Cookies,Publix,7.0,bakery,2026-09-02,2026-09-08
GreenWise Dessert Cakes,Publix,6.29,bakery,2026-06-10,2026-06-16
GreenWise Mini Muffins,Publix,5.99,bakery,2026-04-22,2026-04-28
GreenWise Organic Tortilla Chips,Publix,7.0,bakery,2026-05-20,2026-05-26
GreenWise Organic Tortilla Chips,Publix,7.0,bakery,2026-06-17,2026-06-23
GreenWise Organic Tortilla Chips,Publix,7.0,bakery,2026-07-01,2026-07-07
GreenWise New York Style Cheesecake,Publix,9.99,bakery,2026-07-01,2026-07-07
Holiday Brownie Bite Platter,Publix,11.99,bakery,2026-05-20,2026-05-26
Homestyle Cornbread,Publix,4.49,bakery,2026-06-17,2026-06-23
Homestyle Cornbread,Publix,4.99,bakery,2026-07-22,2026-07-28
Iced Cinnamon Swirl Cake,Publix,5.49,bakery,2026-04-22,2026-04-28
Just Bare Breaded Chicken,Publix,9.99,bakery,2026-05-06,2026-05-12
Just Bare Breaded Chicken,Publix,11.99,bakery,2026-06-03,2026-06-10
Lenny & Larry's The Complete Cookie,Publix,3.0,bakery,2026-06-17,2026-06-23
Mini Berry Cake With Cheesecake Filling,Publix,12.99,bakery,2026-06-10,2026-06-16
Mini Black & White Cookies,Publix,4.49,bakery,2026-07-01,2026-07-07
Mini Father's Day Banner Cake,Publix,12.99,bakery,2026-06-17,2026-06-23
Mini Flower Pot Cake,Publix,13.99,bakery,2026-05-06,2026-05-12
Mini Patriotic Hat Cake,Publix,12.99,bakery,2026-05-20,2026-05-26
S'mores Brownies,Publix,5.99,bakery,2026-06-03,2026-06-10
Nabisco Cookies Crackers,Publix,9.0,bakery,2026-07-22,2026-07-28
Nabisco Cookies or Crackers,Publix,7.99,bakery,2026-04-29,2026-05-05
"Nabisco Oreo Cookies, Grahams, Honey Maid Grahams, Nilla Wafers, Oreo Cakesters, or Chips Ahoy! Bites",Publix,8.0,bakery,2026-04-22,2026-04-28
Nabisco Party Size Cookies Crackers,Publix,11.0,bakery,2026-05-13,2026-05-19
Nabisco Party Size Cookies Crackers,Publix,11.0,bakery,2026-06-17,2026-06-23
Nabisco Family Size Oreo Cookies,Publix,9.0,bakery,2026-04-29,2026-05-05
Nabisco Family Size Oreo Cookies,Publix,9.0,bakery,2026-07-01,2026-07-07
Nestlé Toll House Cookie Dough,Publix,8.0,bakery,2026-07-22,2026-07-28
Panera Bread Soup,Publix,8.99,bakery,2026-04-22,2026-04-28
Panera Bread Soup,Publix,5.99,bakery,2026-07-22,2026-07-28
Perdue Breaded Chicken,Publix,8.99,bakery,2026-05-27,2026-06-03
Publix Chocolate Chip Cannoli Dip,Publix,10.0,bakery,2026-07-01,2026-07-07
Quest Tortilla Style Protein Chips,Publix,4.0,bakery,2026-04-29,2026-05-05
Reynolds Wrap Aluminum Foil,Publix,4.79,bakery,2026-05-13,2026-05-19
Reynolds Wrap Aluminum Foil,Publix,4.79,bakery,2026-05-20,2026-05-26
Savannah Classics Casserole or Cornbread Dressing,Publix,5.99,bakery,2026-05-27,2026-06-03
Savannah Classics Casseroles or Cornbread Dressing,Publix,5.99,bakery,2026-09-02,2026-09-08
"Scones, 8-Count",Publix,3.49,bakery,2026-05-06,2026-05-12
Siete Cookies,Publix,7.0,bakery,2026-06-27,2026-07-10
Smucker's Uncrustables Soft Bread Sandwiches,Publix,12.49,bakery,2026-07-01,2026-07-07
Sports Decorated Cupcakes,Publix,5.99,bakery,2026-09-02,2026-09-08
Sweet Loren's Cookie Dough,Publix,8.99,bakery,2026-09-02,2026-09-08
Tate's Bake Shop Cookies,Publix,10.0,bakery,2026-05-20,2026-05-26
Two Dozen Cookies,Publix,4.99,bakery,2026-04-22,2026-04-28
Two Dozen Cookies,Publix,4.99,bakery,2026-05-20,2026-05-26
Utz Party Size 12.5-13-oz or Boulder Canyon Tortilla Chips 8-oz,Publix,10.0,bakery,2026-06-27,2026-07-10
Nathan's Famous Coney Island Beef Bagel or Pretzel Dogs,Publix,6.99,bakery,2026-04-18,2026-05-01
Sola Bagels,Publix,6.99,bakery,2026-04-18,2026-05-01
"Smithfield Breakfast Sausage, Links, Patties or Rolls",Publix,8.0,bakery,2026-04-18,2026-05-01
Stacy's Sharing Size Pita Chips,Publix,11.0,bakery,2026-04-22,2026-04-28
Large Croissants,Publix,2.99,bakery,2026-04-22,2026-04-28
Sourdough French Bread,Publix,3.29,bakery,2026-04-22,2026-04-28
French Hamburger Buns,Publix,4.19,bakery,2026-04-29,2026-05-05
Vanilla Swirl Brioche,Publix,4.99,bakery,2026-04-29,2026-05-05
Green Scallion Onions bunch,Publix,5.0,bakery,2026-04-29,2026-05-05
Rolled Italian Pizza Dough,Publix,3.99,bakery,2026-04-29,2026-05-05
GreenWise Sourdough Breads,Publix,4.99,bakery,2026-04-29,2026-05-05
"Charmin Bathroom Tissue, Mega XXL Rolls, 9-roll or Mega XL Rolls, 12-roll pkg.",Publix,19.99,bakery,2026-04-29,2026-05-05
Publix Pork Sausage Roll†,Publix,3.39,bakery,2026-05-06,2026-05-12
"Brioche Donuts, 4-Count",Publix,5.49,bakery,2026-05-06,2026-05-12
Mini Croissants,Publix,6.29,bakery,2026-05-06,2026-05-12
"Beets, each bunch",Publix,2.99,bakery,2026-05-13,2026-05-19
"Scott Bathroom Tissue 1000 Sheets, 12 - roll or Comfort Plus Mega Rolls, 18 - roll pkg.",Publix,9.99,bakery,2026-05-13,2026-05-19
Brioche Dinner Rolls†,Publix,4.69,bakery,2026-05-13,2026-05-19
Sourdough Round Bread,Publix,4.19,bakery,2026-05-13,2026-05-19
GreenWise English Muffins,Publix,1.99,bakery,2026-05-20,2026-05-26
Churro Flavored Petite Bundt Cakes,Publix,5.0,bakery,2026-05-20,2026-05-26
French Hamburger Buns†,Publix,3.99,bakery,2026-05-20,2026-05-26
King's Hawaiian Rolls,Publix,9.0,bakery,2026-05-16,2026-05-29
Bays English Muffins,Publix,5.0,bakery,2026-05-16,2026-05-29
GreenWise Sourdough Bread,Publix,4.99,bakery,2026-05-27,2026-06-03
GreenWise 7 Grains & Seeds Sourdough Bread,Publix,4.99,bakery,2026-05-27,2026-06-03
GreenWise Everything Sourdough Bread,Publix,4.99,bakery,2026-05-27,2026-06-03
Hero Classic Bagels,Publix,9.99,bakery,2026-05-27,2026-06-03
"Canyon Bakehouse Bread, Bagels or Rolls",Publix,6.49,bakery,2026-05-30,2026-06-12
Petite Bundt Cakes,Publix,5.0,bakery,2026-06-03,2026-06-10
"Brioche Donuts, 4-Count",Publix,5.49,bakery,2026-06-03,2026-06-10
Hamburger Buns,Publix,3.49,bakery,2026-06-03,2026-06-10
"Beets, each bunch",Publix,2.99,bakery,2026-06-03,2026-06-10
Hoagie Rolls,Publix,3.99,bakery,2026-06-10,2026-06-16
Peony Bunch,Publix,14.99,bakery,2026-06-10,2026-06-16
Chicago Italian Bread,Publix,2.99,bakery,2026-06-10,2026-06-16
Brioche Hamburger Buns†,Publix,3.49,bakery,2026-06-10,2026-06-16
GreenWise Bagels,Publix,1.99,bakery,2026-06-17,2026-06-23
King's Hawaiian Rolls,Publix,8.49,bakery,2026-06-13,2026-06-26
Bays English Muffins,Publix,5.0,bakery,2026-06-13,2026-06-26
Hot Dog Buns†,Publix,3.49,bakery,2026-07-01,2026-07-07
Italian Bread,Publix,2.99,bakery,2026-07-01,2026-07-07
"Filled Croissants, 2-Count",Publix,4.49,bakery,2026-07-01,2026-07-07
Hamburger Buns†,Publix,3.49,bakery,2026-07-01,2026-07-07
Dinner Rolls†,Publix,3.49,bakery,2026-07-01,2026-07-07
Publix Volcano Roll Dip,Publix,10.0,bakery,2026-07-01,2026-07-07
Peony Bunch,Publix,13.99,bakery,2026-07-01,2026-07-07
King's Hawaiian Rolls,Publix,7.99,bakery,2026-07-15,2026-07-28
Bays English Muffins,Publix,5.0,bakery,2026-07-15,2026-07-28
"Almond Croissants, 2-Count",Publix,4.49,bakery,2026-07-22,2026-07-28
Onion Rolls†,Publix,3.49,bakery,2026-07-22,2026-07-28
King's Hawaiian Rolls,Publix,3.99,bakery,2026-07-22,2026-07-28
Brioche Hamburger Buns†,Publix,3.49,bakery,2026-09-02,2026-09-08
GreenWise English Muffins,Publix,1.99,bakery,2026-09-02,2026-09-08
Brioche Dinner Rolls,Publix,4.49,bakery,2026-09-02,2026-09-08
Brioche Hot Dog Buns†,Publix,4.49,bakery,2026-09-02,2026-09-08
French Hamburger Buns†,Publix,4.69,bakery,2026-09-02,2026-09-08
Icy Hot No-Mess Roll On with Lidocaine 2.5-oz or Patch with Lidocaine 5-ct.,Publix,9.99,bakery,2026-08-26,2026-09-08
White Mountain Bread,Publix,2.99,bakery,2026-06-03,2026-06-10
White Mountain Bread,Publix,2.99,bakery,2026-07-22,2026-07-28
Banzai 3-in-1 Splash Park or Water Park,ALDI,29.99,beverages,2026-05-20,2026-05-26
Banzai Water Sprinkler,ALDI,9.99,beverages,2026-06-10,2026-06-16
Benton's Chocolate or Chocolate Chip 100 Calorie Packs,ALDI,2.99,beverages,2026-07-01,2026-07-07
Choeur Chocolate Assortment,ALDI,1.99,beverages,2026-07-22,2026-07-28
Choeur Chocolate Assortment,ALDI,1.99,beverages,2026-09-02,2026-09-08
Choeur Dark Chocolate Assortment,ALDI,1.99,beverages,2026-07-22,2026-07-28
Choeur Dark Chocolate Assortment,ALDI,1.99,beverages,2026-09-02,2026-09-08
Barissimo Fair Trade Single Origin Ground Coffee,ALDI,7.09,beverages,2026-05-06,2026-05-12
Barissimo Medium Roast Iced Coffee,ALDI,4.79,beverages,2026-05-06,2026-05-12
Crofton Cold Brew Coffee or Tea Maker,ALDI,9.99,beverages,2026-06-17,2026-06-23
Barissimo Flavored Iced Coffee,ALDI,3.89,beverages,2026-07-22,2026-07-28
Barissimo Zero Sugar Coffee Creamer,ALDI,2.69,beverages,2026-07-22,2026-07-28
Simply Nature Fair Trade Organic Whole Bean Coffee,ALDI,7.99,beverages,2026-07-22,2026-07-28
Simply Nature Fair Trade Organic Whole Bean Coffee,ALDI,7.99,beverages,2026-09-02,2026-09-08
Barissimo Zero Sugar Coffee Creamer,ALDI,2.69,beverages,2026-09-02,2026-09-08
Barissimo Flavored Iced Coffee,ALDI,3.89,beverages,2026-09-02,2026-09-08
Crofton 3-Pack Nesting Bowls or Colander Bowl Set,ALDI,9.99,beverages,2026-05-20,2026-05-26
Crofton 6-Pack Glass Juice Bottles,ALDI,6.99,beverages,2026-05-20,2026-05-26
Crofton 7-Piece Colander Set or Rotary Grater,ALDI,14.99,beverages,2026-05-06,2026-05-12
Crofton Extendable Sink Colander,ALDI,9.99,beverages,2026-05-20,2026-05-26
Disney Water Bottle Sling,ALDI,14.99,beverages,2026-04-29,2026-05-05
H2OGO! Water Hammock,ALDI,4.99,beverages,2026-06-17,2026-06-23
Heart to Tail Water Pedal Dog Toy,ALDI,12.99,beverages,2026-05-27,2026-06-02
Licensed Toddlers' Character Water Shoes,ALDI,6.99,beverages,2026-05-13,2026-05-19
Lily & Dan Toddlers' Water Shoes,ALDI,4.99,beverages,2026-06-03,2026-06-09
Melii Double-Walled Water Bottle,ALDI,4.99,beverages,2026-06-03,2026-06-09
Moser Roth Assorted Inclusion Chocolate Bars,ALDI,2.99,beverages,2026-06-03,2026-06-09
PurAqua Italian Mineral Water,ALDI,4.69,beverages,2026-07-22,2026-07-28
PurAqua Italian Mineral Water,ALDI,4.69,beverages,2026-09-02,2026-09-08
PurAqua Purified Water 24-Pack,ALDI,3.75,beverages,2026-06-03,2026-06-09
PureAqua Natural Spring Water,ALDI,3.99,beverages,2026-09-02,2026-09-08
Ryl Tea Single,ALDI,1.75,beverages,2026-09-02,2026-09-08
Summit Cola 12-Pack,ALDI,4.49,beverages,2026-06-17,2026-06-23
Summit Craft Soda 4-Pack,ALDI,3.49,beverages,2026-05-20,2026-05-26
VitaLife Organic Kombucha,ALDI,1.99,beverages,2026-07-01,2026-07-07
VitaLife Organic Kombucha,ALDI,1.99,beverages,2026-09-02,2026-09-08
VitaLife Living Energy Drink,ALDI,1.99,beverages,2026-07-22,2026-07-28
Bloom or Poppi Prebiotic Soda,Food Lion,5.0,beverages,2026-05-20,2026-05-26
Bubbl'r Sparkling Water,Food Lion,5.99,beverages,2026-04-22,2026-04-28
Campbell's V8 Juice,Food Lion,3.99,beverages,2026-05-13,2026-05-19
Capri Sun Juice Drinks,Food Lion,8.99,beverages,2026-07-22,2026-07-28
Capri Sun Summer Blast or Fruit Punch,Food Lion,6.0,beverages,2026-05-20,2026-05-26
Black Rifle Coffee,Food Lion,8.79,beverages,2026-04-22,2026-04-28
Dunkin' Coffee,Food Lion,7.99,beverages,2026-04-22,2026-04-28
Eight O' Clock Coffee,Food Lion,6.99,beverages,2026-04-22,2026-04-28
Too Good Coffee Creamer,Food Lion,5.29,beverages,2026-04-22,2026-04-28
Stok Cold Brew Iced Coffee,Food Lion,5.99,beverages,2026-04-22,2026-04-28
Food Lion Ground Coffee,Food Lion,5.99,beverages,2026-04-29,2026-05-05
Nestlé Coffee mate Creamer or Cold Foam,Food Lion,6.0,beverages,2026-04-29,2026-05-05
Keurig Coffee Collective,Food Lion,5.99,beverages,2026-04-29,2026-05-05
Folgers Coffee,Food Lion,6.99,beverages,2026-04-29,2026-05-05
Food Lion Ground Coffee,Food Lion,5.99,beverages,2026-05-06,2026-05-12
Keurig Coffee Collective,Food Lion,5.99,beverages,2026-05-06,2026-05-12
Food Lion Coffee Creamer,Food Lion,2.79,beverages,2026-05-06,2026-05-12
Black Rifle Coffee or Bang Energy,Food Lion,5.0,beverages,2026-05-06,2026-05-12
Folgers Coffee,Food Lion,6.99,beverages,2026-05-13,2026-05-19
Nestle Coffee Mate Creamer,Food Lion,5.0,beverages,2026-05-13,2026-05-19
Food Lion Coffee,Food Lion,4.79,beverages,2026-05-13,2026-05-19
Dunkin' Coffee,Food Lion,8.99,beverages,2026-05-20,2026-05-26
Café Bustelo K-Cups,Food Lion,6.99,beverages,2026-05-20,2026-05-26
321 Coffee,Food Lion,13.99,beverages,2026-05-27,2026-06-02
Nestlé Coffee mate Cold Foam or Creamer,Food Lion,3.99,beverages,2026-05-27,2026-06-02
Too Good Coffee Creamer,Food Lion,6.0,beverages,2026-05-27,2026-06-02
Maxwell House Coffee,Food Lion,14.99,beverages,2026-05-27,2026-06-02
Black Rifle Coffee,Food Lion,9.99,beverages,2026-05-27,2026-06-02
Dunkin' Coffee,Food Lion,8.99,beverages,2026-05-27,2026-06-02
International Delight Iced Coffee,Food Lion,4.49,beverages,2026-06-03,2026-06-09
Starbucks Coffee,Food Lion,8.99,beverages,2026-06-03,2026-06-09
Stok Cold Brew Iced Coffee,Food Lion,5.99,beverages,2026-06-03,2026-06-09
Maxwell House Coffee,Food Lion,14.99,beverages,2026-06-10,2026-06-16
Café Bustelo Coffee,Food Lion,5.99,beverages,2026-06-10,2026-06-16
INTERNATIONAL DELIGHT ICED COFFEE,Food Lion,4.49,beverages,2026-06-10,2026-06-16
Starbucks Coffee,Food Lion,8.99,beverages,2026-06-10,2026-06-16
NESTLÉ COFFEE MATE COLD FOAM OR CREAMER,Food Lion,7.0,beverages,2026-06-17,2026-06-23
STARBUCKS ICED COFFEE,Food Lion,5.99,beverages,2026-06-17,2026-06-23
STOK COLD BREW ICED COFFEE,Food Lion,5.99,beverages,2026-06-17,2026-06-23
Eight O'Clock Coffee,Food Lion,6.99,beverages,2026-06-17,2026-06-23
Nestlé Coffee Mate Creamer,Food Lion,2.99,beverages,2026-07-01,2026-07-07
Dunkin' Coffee,Food Lion,7.99,beverages,2026-07-01,2026-07-07
Folgers Coffee,Food Lion,9.99,beverages,2026-07-01,2026-07-07
LAVAZZA COFFEE,Food Lion,8.99,beverages,2026-07-01,2026-07-07
Stok Cold Brew Iced Coffee,Food Lion,5.99,beverages,2026-07-01,2026-07-07
Maxwell House Coffee,Food Lion,5.99,beverages,2026-07-22,2026-07-28
Starbucks Coffee & Protein or Super Coffee Protein+,Food Lion,6.0,beverages,2026-07-22,2026-07-28
Dunkin' Coffee,Food Lion,7.99,beverages,2026-07-22,2026-07-28
Stok Cold Brew Iced Coffee,Food Lion,5.99,beverages,2026-07-22,2026-07-28
STARBUCKS ICED COFFEE,Food Lion,5.49,beverages,2026-09-02,2026-09-08
Starbucks Coffee,Food Lion,8.99,beverages,2026-09-02,2026-09-08
Maxwell House Coffee,Food Lion,12.99,beverages,2026-09-02,2026-09-08
Coppertone Water Babies Spray or Lotion,Food Lion,7.99,beverages,2026-05-13,2026-05-19
Deer Park Spring Water,Food Lion,3.99,beverages,2026-04-29,2026-05-05
Deer Park Spring Water,Food Lion,4.99,beverages,2026-05-20,2026-05-26
Deer Park Spring Water,Food Lion,5.0,beverages,2026-07-01,2026-07-07
Ferrero Rocher Chocolate Squares,Food Lion,4.49,beverages,2026-04-29,2026-05-05
Food Lion Cranberry Juice,Food Lion,5.0,beverages,2026-06-17,2026-06-23
Food Lion Cranberry or Honeycrisp Juice,Food Lion,5.0,beverages,2026-05-13,2026-05-19
Food Lion Soda,Food Lion,1.0,beverages,2026-04-22,2026-04-28
Food Lion Soda,Food Lion,1.0,beverages,2026-05-06,2026-05-12
Food Lion Soda,Food Lion,0.79,beverages,2026-06-17,2026-06-23
Food Lion Soda or Club Soda,Food Lion,1.29,beverages,2026-05-13,2026-05-19
Food Lion Soda or Club Soda,Food Lion,1.29,beverages,2026-05-20,2026-05-26
Frostie Soda,Food Lion,5.0,beverages,2026-05-13,2026-05-19
Gatorade,Food Lion,10.0,beverages,2026-04-29,2026-05-05
Gatorade,Food Lion,3.99,beverages,2026-05-27,2026-06-02
Gatorade,Food Lion,10.0,beverages,2026-06-10,2026-06-16
Gatorade,Food Lion,1.0,beverages,2026-07-01,2026-07-07
Gatorade,Food Lion,5.99,beverages,2026-07-22,2026-07-28
Gatorade,Food Lion,1.0,beverages,2026-09-02,2026-09-08
Gatorade Bar,Food Lion,2.0,beverages,2026-06-10,2026-06-16
GATORADE OR PROPEL ZERO DRINK MIX,Food Lion,4.49,beverages,2026-09-02,2026-09-08
Ghirardelli Chocolate Squares,Food Lion,5.99,beverages,2026-05-06,2026-05-12
Gold Peak Iced Tea,Food Lion,5.0,beverages,2026-05-06,2026-05-12
Gold Peak Iced Tea,Food Lion,4.0,beverages,2026-05-20,2026-05-26
Gold Peak Iced Tea,Food Lion,4.0,beverages,2026-05-27,2026-06-02
Gold Peak Iced Tea,Food Lion,5.0,beverages,2026-06-03,2026-06-09
Gold Peak Iced Tea,Food Lion,4.0,beverages,2026-09-02,2026-09-08
Hershey's Frozen Chocolate Covered Fruit,Food Lion,5.99,beverages,2026-05-27,2026-06-02
Jarritos Soda,Food Lion,1.0,beverages,2026-05-20,2026-05-26
Jarritos Soda,Food Lion,1.0,beverages,2026-06-03,2026-06-09
Jarritos Soda,Food Lion,5.0,beverages,2026-06-17,2026-06-23
Jocko Molk Protein Shakes,Food Lion,8.99,beverages,2026-05-06,2026-05-12
Jocko Molk Protein Shakes,Food Lion,8.99,beverages,2026-07-01,2026-07-07
Juicy Juice,Food Lion,6.0,beverages,2026-04-29,2026-05-05
Juicy Juice,Food Lion,6.0,beverages,2026-05-06,2026-05-12
Juicy Juice,Food Lion,6.0,beverages,2026-06-10,2026-06-16
Juicy Juice,Food Lion,6.0,beverages,2026-06-17,2026-06-23
Juicy Juice,Food Lion,5.0,beverages,2026-09-02,2026-09-08
Lacroix Sparkling Water,Food Lion,3.99,beverages,2026-05-06,2026-05-12
Lacroix Sparkling Water,Food Lion,3.99,beverages,2026-05-13,2026-05-19
Lacroix Sparkling Water,Food Lion,12.0,beverages,2026-06-17,2026-06-23
Luzianne Tea Bags,Food Lion,4.0,beverages,2026-05-20,2026-05-26
Luzianne Tea Bags,Food Lion,5.0,beverages,2026-06-10,2026-06-16
Luzianne Tea Bags,Food Lion,5.0,beverages,2026-06-17,2026-06-23
MiO Water Enhancer,Food Lion,3.0,beverages,2026-07-01,2026-07-07
MiO Water Enhancer,Food Lion,3.0,beverages,2026-09-02,2026-09-08
Monster Energy,Food Lion,7.99,beverages,2026-07-01,2026-07-07
Monster Energy,Food Lion,7.99,beverages,2026-07-22,2026-07-28
Monster Energy,Food Lion,6.99,beverages,2026-09-02,2026-09-08
MONSTER ENERGY ORIGINAL OR ZERO ULTRA,Food Lion,5.0,beverages,2026-06-17,2026-06-23
Mott's Juice,Food Lion,7.0,beverages,2026-07-22,2026-07-28
Nature's Promise Organic Kombucha,Food Lion,2.49,beverages,2026-09-02,2026-09-08
Nature's Promise Sparkling Water,Food Lion,3.99,beverages,2026-05-20,2026-05-26
Oikos Protein Shakes,Food Lion,8.99,beverages,2026-04-29,2026-05-05
Olipop Prebiotic Soda,Food Lion,8.99,beverages,2026-07-01,2026-07-07
Olipop Prebiotic Soda,Food Lion,4.0,beverages,2026-09-02,2026-09-08
PEPSI PRODUCTS,Food Lion,10.0,beverages,2026-04-22,2026-04-28
PEPSI PRODUCTS,Food Lion,12.0,beverages,2026-05-06,2026-05-12
PEPSI PRODUCTS,Food Lion,5.0,beverages,2026-05-06,2026-05-12
PEPSI PRODUCTS,Food Lion,4.0,beverages,2026-05-13,2026-05-19
PEPSI PRODUCTS,Food Lion,9.99,beverages,2026-05-20,2026-05-26
PEPSI PRODUCTS,Food Lion,15.0,beverages,2026-05-20,2026-05-26
PEPSI PRODUCTS,Food Lion,10.0,beverages,2026-06-10,2026-06-16
PEPSI PRODUCTS,Food Lion,4.0,beverages,2026-06-17,2026-06-23
PEPSI PRODUCTS,Food Lion,10.0,beverages,2026-06-17,2026-06-23
PEPSI PRODUCTS,Food Lion,10.0,beverages,2026-07-01,2026-07-07
PEPSI PRODUCTS,Food Lion,12.0,beverages,2026-09-02,2026-09-08
PEPSI PRODUCTS,Food Lion,5.0,beverages,2026-09-02,2026-09-08
Polar Seltzer,Food Lion,3.99,beverages,2026-09-02,2026-09-08
Poppi Or Bloom Pop Prebiotic Soda,Food Lion,4.0,beverages,2026-07-01,2026-07-07
Poppi Prebiotic Soda,Food Lion,5.0,beverages,2026-05-27,2026-06-02
Poppi Prebiotic Soda,Food Lion,6.99,beverages,2026-06-10,2026-06-16
Power Water or Body Armor,Food Lion,1.0,beverages,2026-06-10,2026-06-16
Power Water or Dasani,Food Lion,3.99,beverages,2026-07-01,2026-07-07
Power Water or Propel Water,Food Lion,4.99,beverages,2026-05-20,2026-05-26
Powerade,Food Lion,1.0,beverages,2026-05-27,2026-06-02
Powerade,Food Lion,4.99,beverages,2026-06-03,2026-06-09
Powerade,Food Lion,4.99,beverages,2026-06-17,2026-06-23
Premier Protein Shakes,Food Lion,9.99,beverages,2026-06-17,2026-06-23
Red Bull,Food Lion,6.79,beverages,2026-04-22,2026-04-28
Red Bull,Food Lion,6.99,beverages,2026-05-27,2026-06-02
Red Bull,Food Lion,9.99,beverages,2026-06-17,2026-06-23
Red Bull Energy Drink,Food Lion,0.99,beverages,2026-06-10,2026-06-16
SMUCKER'S MAGIC SHELL CHOCOLATE TOPPING,Food Lion,5.0,beverages,2026-06-17,2026-06-23
SMUCKER'S MAGIC SHELL CHOCOLATE TOPPING,Food Lion,2.5,beverages,2026-07-01,2026-07-07
Taste of Inspirations Swiss Chocolate Bar,Food Lion,5.0,beverages,2026-04-22,2026-04-28
"Twisted Tea, Cayman Jack or Mike's",Food Lion,15.99,beverages,2026-05-27,2026-06-02
Twisted Tea or Cayman Jack,Food Lion,16.99,beverages,2026-09-02,2026-09-08
V8 Fusion or Vegetable Juice Blend,Food Lion,7.0,beverages,2026-04-22,2026-04-28
V8 Fusion or Vegetable Juice Blend,Food Lion,7.0,beverages,2026-04-29,2026-05-05
V8 Fusion or Vegetable Juice Blend,Food Lion,7.0,beverages,2026-06-03,2026-06-09
V8 Fusion or Vegetable Juice Blend,Food Lion,7.0,beverages,2026-06-10,2026-06-16
V8 V-Fusion +Energy or Vegetable Juice,Food Lion,4.79,beverages,2026-04-22,2026-04-28
V8 V-Fusion +Energy or Vegetable Juice,Food Lion,4.99,beverages,2026-09-02,2026-09-08
Waterloo Sparkling Water,Food Lion,3.99,beverages,2026-04-22,2026-04-28
Waterloo Sparkling Water,Food Lion,3.99,beverages,2026-04-29,2026-05-05
Waterloo Sparkling Water,Food Lion,3.99,beverages,2026-05-20,2026-05-26
Welch's Juice,Food Lion,2.99,beverages,2026-07-22,2026-07-28
Welch's Juice,Food Lion,6.0,beverages,2026-07-22,2026-07-28
1.36 - 3.2 oz MiO or Crystal Light Liquid Water Enhancers or 10 - 12 qt. Crystal Light Powdered,Harris Teeter,6.0,beverages,2026-09-02,2026-09-08
12 oz. Alani Nu Energy Drink or 12 oz. Celsius Sparkling Energy Drinks,Harris Teeter,1.97,beverages,2026-05-06,2026-05-12
Antioxidant Solutions Juice,Harris Teeter,4.99,beverages,2026-06-10,2026-06-16
Arizona Green Tea,Harris Teeter,6.0,beverages,2026-04-29,2026-05-05
Arizona Iced Tea,Harris Teeter,10.0,beverages,2026-09-02,2026-09-08
Blender Bombs Superfood Smoothie Boost,Harris Teeter,11.99,beverages,2026-06-17,2026-07-14
6 pk. 16 oz. BodyArmor Fitness Water or 6 pk. .5 ltr. Powerade Powerwater,Harris Teeter,5.99,beverages,2026-09-02,2026-09-08
Brookside Chocolate Covered Fruit,Harris Teeter,5.99,beverages,2026-07-22,2026-07-28
Capri Sun Aseptic Juice,Harris Teeter,7.0,beverages,2026-07-01,2026-07-07
Capri Sun Juice Bottle,Harris Teeter,3.0,beverages,2026-05-06,2026-05-12
Capri Sun Juice Pouches,Harris Teeter,7.0,beverages,2026-06-03,2026-06-09
Clearly Canadian Sparkling Water,Harris Teeter,12.0,beverages,2026-04-22,2026-04-28
Clearly Canadian Sparkling Water,Harris Teeter,6.99,beverages,2026-05-06,2026-05-12
12 ct. Harris TeeteK-Cupr Coffee or 10 oz. Brick Espresso,Harris Teeter,8.0,beverages,2026-04-22,2026-04-28
32 oz. Coffeemate Coffee Creamer or 14 oz Cold Foam,Harris Teeter,6.0,beverages,2026-04-22,2026-04-28
Charleston Coffee Roasters,Harris Teeter,9.99,beverages,2026-04-22,2026-04-28
24 oz. Chobani Coffee Creamer or 48 oz. La Colombe Cold Brew,Harris Teeter,9.0,beverages,2026-04-22,2026-04-28
Harris Teeter House Blend Decaf Coffee K-Cups,Harris Teeter,9.0,beverages,2026-04-22,2026-05-19
HT Traders Bag Coffee,Harris Teeter,7.99,beverages,2026-04-29,2026-05-05
Peet's Bag Coffee,Harris Teeter,8.99,beverages,2026-04-29,2026-05-05
Peet's K-Cup Coffee,Harris Teeter,7.99,beverages,2026-04-29,2026-05-05
San Francisco Bay Whole Bean Coffee,Harris Teeter,17.99,beverages,2026-04-29,2026-05-05
Nestlé 32 oz. Coffeemate Coffee Creamer or 14 oz. Cold Foam,Harris Teeter,6.0,beverages,2026-04-29,2026-05-05
Kauai K-Cup Coffee,Harris Teeter,5.99,beverages,2026-05-06,2026-05-12
Chobani Coffee Creamers,Harris Teeter,9.0,beverages,2026-05-06,2026-05-12
Fever Tree Espresso Martin,Harris Teeter,5.49,beverages,2026-05-06,2026-05-12
Maxwell House Coffee,Harris Teeter,10.99,beverages,2026-05-06,2026-05-12
Dunkin' K-Cup Coffee,Harris Teeter,7.99,beverages,2026-05-06,2026-05-12
La Colombe Cold Brew Coffee,Harris Teeter,9.0,beverages,2026-05-06,2026-05-12
Starbucks Coffee Creamer,Harris Teeter,9.0,beverages,2026-05-13,2026-05-19
Starbucks Coffee 12 oz Bag or 10 ct K-Cups,Harris Teeter,9.99,beverages,2026-05-13,2026-05-19
Too Good Coffee Creamer,Harris Teeter,3.99,beverages,2026-05-13,2026-05-19
Natural Bliss Coffee Creamer,Harris Teeter,8.0,beverages,2026-05-13,2026-05-19
SToK Cold Brew Coffee,Harris Teeter,4.99,beverages,2026-05-13,2026-05-19
11 oz Simple Truth Organic Bag Coffee or 2.12 oz Mushroom Coffee,Harris Teeter,7.99,beverages,2026-05-13,2026-05-19
Super Coffee Creamer,Harris Teeter,5.49,beverages,2026-05-20,2026-06-16
Pure Intentions Coffee Whole Bean or Ground Coffee,Harris Teeter,9.99,beverages,2026-05-20,2026-06-16
12 ct. Simple Truth Organic K-Cup Coffee or 24 oz. HT Traders Raw Honey,Harris Teeter,6.99,beverages,2026-05-20,2026-05-26
12 ct. Harris Teeter K-Cup Coffee or 10 oz. Brick Espresso Coffee,Harris Teeter,8.0,beverages,2026-05-20,2026-05-26
Coffeemate Coffee Creamer,Harris Teeter,7.0,beverages,2026-05-20,2026-05-26
Maxwell House Coffee,Harris Teeter,12.99,beverages,2026-05-20,2026-05-26
Kicking Horse Bagged Coffee,Harris Teeter,10.99,beverages,2026-05-27,2026-06-02
Starbucks Iced Coffee,Harris Teeter,10.0,beverages,2026-05-27,2026-06-02
Natural Bliss Coffee Creamer,Harris Teeter,9.0,beverages,2026-05-27,2026-06-02
Coffemate Coffee Creamer or 14 oz. Cold Foam,Harris Teeter,2.97,beverages,2026-05-27,2026-06-02
Cameron's Coffee,Harris Teeter,7.99,beverages,2026-06-03,2026-06-09
Dunkin' Bag Coffee,Harris Teeter,9.99,beverages,2026-06-03,2026-06-09
Starbucks Coffee Creamer,Harris Teeter,8.0,beverages,2026-06-03,2026-06-09
International Delight Coffee Creamer,Harris Teeter,7.0,beverages,2026-06-03,2026-06-09
La Colombe Multiserve Cold Brew Coffee,Harris Teeter,9.0,beverages,2026-06-10,2026-06-16
Slate High Protein Iced Coffee,Harris Teeter,6.0,beverages,2026-06-10,2026-06-16
La Colombe Single Serve Cold Brew Coffee,Harris Teeter,6.0,beverages,2026-06-10,2026-06-16
Chobani Coffee Creamer,Harris Teeter,9.0,beverages,2026-06-10,2026-06-16
11 oz. Bag Simple Truth Organic Ground Coffee or 2.12 oz. Mushroom Coffee,Harris Teeter,7.49,beverages,2026-06-10,2026-06-16
Starbucks Coffee,Harris Teeter,8.97,beverages,2026-06-10,2026-06-16
Starbucks Coffee Creamer,Harris Teeter,8.0,beverages,2026-06-10,2026-06-16
Starbucks Iced Coffee,Harris Teeter,10.0,beverages,2026-06-10,2026-06-16
Harris Teeter Coffee,Harris Teeter,6.99,beverages,2026-06-10,2026-06-16
Coffee Mate Coffee Creamer,Harris Teeter,8.0,beverages,2026-06-10,2026-06-16
San Francisco Bay Coffee,Harris Teeter,7.99,beverages,2026-06-10,2026-06-16
Starbucks Coffee,Harris Teeter,10.0,beverages,2026-06-17,2026-06-23
Maxwell House Coffee,Harris Teeter,12.99,beverages,2026-06-17,2026-06-23
Harris Teeter K-Cup Coffee 12 ct. or Espresso Brick Coffee 10 oz.,Harris Teeter,3.99,beverages,2026-06-17,2026-06-23
Simple Truth Organic K-cup Coffee,Harris Teeter,6.99,beverages,2026-06-17,2026-06-23
Coffeemate Creamer or Cold Foam,Harris Teeter,6.0,beverages,2026-06-17,2026-06-23
Charleston Coffee Roasters,Harris Teeter,8.99,beverages,2026-06-17,2026-06-23
San Francisco Bay Coffee,Harris Teeter,7.99,beverages,2026-07-01,2026-07-07
International Delight Coffee Creamer,Harris Teeter,3.47,beverages,2026-07-01,2026-07-07
Dunkin' Bag Coffee,Harris Teeter,9.99,beverages,2026-07-01,2026-07-07
STOK COLD BREW COFFEE,Harris Teeter,4.99,beverages,2026-07-01,2026-07-07
Too Good Coffee Creamer,Harris Teeter,7.0,beverages,2026-07-01,2026-07-07
Everyday Dose Coffee,Harris Teeter,13.99,beverages,2026-07-15,2026-08-11
Dunkin' Double Espresso Coffee Drinks,Harris Teeter,6.0,beverages,2026-07-22,2026-07-28
Peet's K-Cup Coffee,Harris Teeter,7.99,beverages,2026-07-22,2026-07-28
Califia Farms Cold Brew or Refreshers,Harris Teeter,3.99,beverages,2026-07-22,2026-07-28
Starbucks Coffee,Harris Teeter,9.99,beverages,2026-09-02,2026-09-08
Private Selection Coffee Capsules,Harris Teeter,6.99,beverages,2026-09-02,2026-09-08
11 OZ. Simple Truth Organic Bag Coffee or 2.12 oz. Jar Mushroom Coffee,Harris Teeter,7.99,beverages,2026-09-02,2026-09-08
11 oz Harris Teeter Bag Coffee or 24 oz. HT Traders Raw Honey,Harris Teeter,6.99,beverages,2026-09-02,2026-09-08
24 oz. Chobani Coffee Creamer or 48 oz. LaColombe Cold Brew Coffee,Harris Teeter,9.0,beverages,2026-09-02,2026-09-08
Private Selection Vanilla Flavored Coffee Syrup,Harris Teeter,3.49,beverages,2026-09-02,2026-09-08
Maxwell House Coffee,Harris Teeter,12.99,beverages,2026-09-02,2026-09-08
Crystal Geyser Spring Water,Harris Teeter,3.0,beverages,2026-07-01,2026-07-07
Crystal Geyser Spring Water,Harris Teeter,4.0,beverages,2026-09-02,2026-09-08
Crystal Light On the Go Powdered Water Enhancers,Harris Teeter,6.0,beverages,2026-06-17,2026-06-23
Crystal Light Water Enhancer,Harris Teeter,6.0,beverages,2026-05-13,2026-05-19
Danimals Smoothies,Harris Teeter,6.0,beverages,2026-06-10,2026-06-16
Deer Park Water Occasion Packs,Harris Teeter,5.0,beverages,2026-05-20,2026-05-26
Dove Chocolate,Harris Teeter,5.99,beverages,2026-05-13,2026-05-19
Eternal Naturally Alkaline Eternal Spring Water,Harris Teeter,4.0,beverages,2026-07-15,2026-08-11
Farmers Market Chocolate Almonds or Pecans,Harris Teeter,5.99,beverages,2026-05-06,2026-05-12
Farmers Market Chocolate Covered Strawberries,Harris Teeter,8.99,beverages,2026-05-06,2026-05-12
Farmers Market Chocolate Covered Strawberries,Harris Teeter,19.99,beverages,2026-05-06,2026-05-12
Fentimans Soda or Tonic Water,Harris Teeter,4.0,beverages,2026-07-15,2026-08-11
Fever Tree Tonic Water & Club Soda,Harris Teeter,5.49,beverages,2026-05-06,2026-05-12
FLRT Energy Drinks,Harris Teeter,5.0,beverages,2026-06-17,2026-06-23
Gatorade,Harris Teeter,0.79,beverages,2026-06-10,2026-06-16
Ghirardelli Chocolate Bars,Harris Teeter,4.49,beverages,2026-06-03,2026-06-09
Ghirardelli Chocolate Bars,Harris Teeter,4.49,beverages,2026-06-17,2026-06-23
Ghirardelli Chocolate Squares,Harris Teeter,5.79,beverages,2026-05-06,2026-05-12
Ghirardelli Chocolate Squares,Harris Teeter,15.99,beverages,2026-06-03,2026-06-09
Ghost Energy Drink,Harris Teeter,5.0,beverages,2026-07-01,2026-07-07
Gold Peak Bottled Tea or Vitaminwater Flavored Water,Harris Teeter,12.0,beverages,2026-04-29,2026-05-05
"18.5 oz. Gold Peak Tea, 700 ml. Smartwater or 20 oz. Vitaminwater",Harris Teeter,5.0,beverages,2026-05-06,2026-05-12
Goodpop 100% Juice Fruit Pops With Electrolytes,Harris Teeter,6.99,beverages,2026-05-20,2026-06-16
Goodpop 100% Juice Fruit Pops With Electrolytes,Harris Teeter,6.99,beverages,2026-06-17,2026-07-14
Goodpop 100% Juice Fruit Pops With Electrolytes,Harris Teeter,6.99,beverages,2026-07-15,2026-08-11
Gorgie Sparkling Energy Drink,Harris Teeter,5.0,beverages,2026-04-29,2026-05-05
Gorgie Sparkling Energy Drink,Harris Teeter,4.0,beverages,2026-06-17,2026-07-14
Harris Teeter Cranberry Juice Cocktail,Harris Teeter,3.29,beverages,2026-04-22,2026-04-28
Harris Teeter Cranberry Juice Cocktail,Harris Teeter,3.29,beverages,2026-09-02,2026-09-08
Harris Teeter Decaffeinated Family Size Tea Bags,Harris Teeter,6.0,beverages,2026-07-22,2026-07-28
Harris Teeter Frozen Fruit 48 oz. Select Varieties or Simple Truth Organic Smoothie Blends 32 oz.,Harris Teeter,7.99,beverages,2026-06-17,2026-06-23
Harris Teeter Mixers or Seltzers,Harris Teeter,4.29,beverages,2026-04-29,2026-05-05
Harris Teeter Mixers or Seltzers,Harris Teeter,3.99,beverages,2026-06-10,2026-06-16
Harris Teeter Mixers or Seltzers,Harris Teeter,3.99,beverages,2026-07-22,2026-07-28
Harris Teeter Mixers and Seltzers,Harris Teeter,5.0,beverages,2026-05-06,2026-05-12
Harris Teeter Mixers and Seltzers,Harris Teeter,3.99,beverages,2026-06-17,2026-06-23
Harris Teeter Family Size Tea Bags,Harris Teeter,4.0,beverages,2026-04-29,2026-05-05
Harris Teeter Spring Water,Harris Teeter,8.0,beverages,2026-04-22,2026-04-28
Harris Teeter Spring Water,Harris Teeter,6.0,beverages,2026-05-27,2026-06-02
Health•Ade Kombucha,Harris Teeter,5.0,beverages,2026-05-13,2026-05-19
HT Traders Chocolate Bar,Harris Teeter,3.99,beverages,2026-04-22,2026-04-28
HT Traders Chocolate Bars,Harris Teeter,3.99,beverages,2026-05-27,2026-06-02
HT Traders Chocolate Bars,Harris Teeter,3.99,beverages,2026-06-10,2026-06-16
HT Traders Sparkling Water,Harris Teeter,4.29,beverages,2026-04-22,2026-04-28
HT Traders Sparkling Water,Harris Teeter,3.99,beverages,2026-05-27,2026-06-02
HT Traders Sparkling Water,Harris Teeter,3.99,beverages,2026-07-01,2026-07-07
HT Traders Sparkling Water,Harris Teeter,3.99,beverages,2026-07-22,2026-07-28
Juicy Juice,Harris Teeter,6.0,beverages,2026-05-20,2026-05-26
Juicy Juice,Harris Teeter,5.0,beverages,2026-09-02,2026-09-08
Koia Elite Protein Shakes,Harris Teeter,7.0,beverages,2026-05-13,2026-05-19
Lakewood Organic Juice,Harris Teeter,6.99,beverages,2026-04-22,2026-04-28
Lakewood Pure Cranberry Juice,Harris Teeter,8.99,beverages,2026-07-15,2026-08-11
Lenny Boy Organic Kombucha,Harris Teeter,6.0,beverages,2026-05-20,2026-06-16
Lenny Boy Organic Kombucha,Harris Teeter,6.0,beverages,2026-06-10,2026-06-16
Lenny Boy Organic Kombucha,Harris Teeter,6.0,beverages,2026-06-17,2026-07-14
Lenny Boy Organic Kombucha,Harris Teeter,6.0,beverages,2026-07-15,2026-08-11
6 pk. 5 ltr. Powerade Power Water,Harris Teeter,9.0,beverages,2026-05-06,2026-05-12
12 pk. .5 ltr. Pure Leaf Tea or 6 pk. 12 oz. Alani Nu Energy Drink,Harris Teeter,9.99,beverages,2026-06-17,2026-06-23
Mio Liquid Water Enhancer,Harris Teeter,5.99,beverages,2026-05-20,2026-05-26
Monster Energy,Harris Teeter,5.0,beverages,2026-06-10,2026-06-16
Monster Energy Drink,Harris Teeter,5.0,beverages,2026-05-13,2026-05-19
4 pk. 12 oz. Monster Energy or 6 pk. .5 ltr. Powerade Power Water,Harris Teeter,5.99,beverages,2026-05-27,2026-06-02
Naked Juice Smoothies,Harris Teeter,6.0,beverages,2026-05-13,2026-05-19
Natalie's Juice,Harris Teeter,5.0,beverages,2026-05-06,2026-05-12
Natalie's Juices,Harris Teeter,5.0,beverages,2026-06-17,2026-06-23
Nixie Organic Sparkling Water,Harris Teeter,5.99,beverages,2026-06-17,2026-07-14
Oikos Protein Shakes,Harris Teeter,6.0,beverages,2026-05-06,2026-05-12
Oikos Protein Shakes,Harris Teeter,6.0,beverages,2026-05-20,2026-05-26
Olipop Prebiotic Soda,Harris Teeter,4.0,beverages,2026-06-17,2026-07-14
Olipop Prebiotic Soda,Harris Teeter,4.0,beverages,2026-07-15,2026-08-11
Pathwater Purified Alkaline Water,Harris Teeter,6.0,beverages,2026-05-20,2026-06-16
Pepsi Mini Cans,Harris Teeter,12.0,beverages,2026-05-13,2026-05-19
PEPSI PRODUCTS,Harris Teeter,0.99,beverages,2026-05-13,2026-05-19
Polar Seltzer,Harris Teeter,1.0,beverages,2026-05-20,2026-05-26
Polar Seltzer,Harris Teeter,1.0,beverages,2026-06-17,2026-07-14
Polar Seltzer,Harris Teeter,1.0,beverages,2026-07-01,2026-07-07
POLAR Summer Seltzer,Harris Teeter,6.99,beverages,2026-06-17,2026-07-14
10 ct. Powder Crystal Light or 1.62 oz. Mio or Crystal Light Liquid Water Enhancer,Harris Teeter,6.0,beverages,2026-04-29,2026-05-05
Powerade Power Water,Harris Teeter,5.99,beverages,2026-07-22,2026-07-28
28 oz Powerade. 20 oz. Power Water Body Armor,Harris Teeter,5.0,beverages,2026-07-22,2026-07-28
"28 oz. Powerade, 20 oz. Powerwater or 16 oz. Body Armor",Harris Teeter,5.0,beverages,2026-05-20,2026-05-26
Powerade Sports Drink,Harris Teeter,6.99,beverages,2026-04-22,2026-04-28
Powerade Sports Drink,Harris Teeter,5.0,beverages,2026-07-22,2026-07-28
Premier Protein Shakes,Harris Teeter,6.0,beverages,2026-05-27,2026-06-02
Recess Infused Sparkling Water,Harris Teeter,5.0,beverages,2026-06-17,2026-07-14
Red Bull Energy Drink,Harris Teeter,6.0,beverages,2026-04-22,2026-04-28
Red Bull Energy Drink,Harris Teeter,9.99,beverages,2026-04-22,2026-04-28
Red Bull Energy Drink,Harris Teeter,8.0,beverages,2026-04-29,2026-05-05
Red Bull Energy Drink,Harris Teeter,9.99,beverages,2026-04-29,2026-05-05
Red Bull Energy Drink,Harris Teeter,8.0,beverages,2026-05-20,2026-05-26
Red Bull Energy Drink,Harris Teeter,6.0,beverages,2026-06-03,2026-06-09
Republic Tea Tea Bags,Harris Teeter,9.99,beverages,2026-04-22,2026-04-28
San Pellegrino Sparkling Water,Harris Teeter,11.0,beverages,2026-05-13,2026-05-19
San Pellegrino Sparkling Water,Harris Teeter,10.99,beverages,2026-07-01,2026-07-07
Saratoga Sparkling Water,Harris Teeter,5.0,beverages,2026-04-29,2026-05-05
Shamrock Farms Rockin' Protein 50G Protein Shakes,Harris Teeter,7.0,beverages,2026-06-17,2026-06-23
Shamrock Farms Rockin' Protein Shake,Harris Teeter,5.0,beverages,2026-07-01,2026-07-07
Shamrock Farms Rockin' Protein Shakes,Harris Teeter,8.99,beverages,2026-06-10,2026-06-16
Simple Truth Organic 100% Juice,Harris Teeter,4.99,beverages,2026-05-27,2026-06-02
Simple Truth Organic Herbal Tea Bags,Harris Teeter,6.0,beverages,2026-05-06,2026-05-12
Simple Truth Juice Boxes,Harris Teeter,7.0,beverages,2026-04-29,2026-05-05
Simple Truth Organic Juices,Harris Teeter,3.49,beverages,2026-06-10,2026-06-16
Simple Truth Organic Juices,Harris Teeter,3.49,beverages,2026-07-01,2026-07-07
Simple Truth Organic Smoothie Blend,Harris Teeter,7.49,beverages,2026-04-22,2026-04-28
6 pk. 16.9 oz. Smartwater or 6 pk. 16.9 oz. Vitaminwater,Harris Teeter,12.0,beverages,2026-06-17,2026-06-23
6 pk. 16.9 oz Smartwater or Vitaminwater or 6 pk. 16.9 oz Gold Peak Tea,Harris Teeter,12.0,beverages,2026-05-20,2026-05-26
Smartwater Vitaminwater or Gold Peak Tea,Harris Teeter,12.0,beverages,2026-04-22,2026-04-28
Smartwater Vitaminwater or Gold Peak Tea,Harris Teeter,12.0,beverages,2026-05-27,2026-06-02
Smartwater Vitaminwater or Gold Peak Tea,Harris Teeter,5.0,beverages,2026-06-03,2026-06-09
Smartwater Vitaminwater or Gold Peak Tea,Harris Teeter,12.0,beverages,2026-07-22,2026-07-28
Sparkling ICE Sparkling Water,Harris Teeter,11.99,beverages,2026-04-22,2026-04-28
Sparkling ICE Sparkling Water,Harris Teeter,5.0,beverages,2026-07-01,2026-07-07
Stonyfield Organic Probiotic Smoothies,Harris Teeter,5.99,beverages,2026-06-17,2026-06-23
Organic Suja Juice Drink,Harris Teeter,7.0,beverages,2026-08-12,2026-09-08
Tost Tea Beverage,Harris Teeter,7.99,beverages,2026-05-06,2026-05-12
Twisted Tea Hard Iced Tea,Harris Teeter,15.99,beverages,2026-09-02,2026-09-08
"Twisted Tea, Pacifico or Kona",Harris Teeter,16.99,beverages,2026-04-22,2026-04-28
"Twisted Tea, Pacifico or Kona",Harris Teeter,16.99,beverages,2026-05-06,2026-05-12
UNREAL Chocolate Covered Snacks,Harris Teeter,9.0,beverages,2026-05-20,2026-06-16
Waterloo Sparkling Water,Harris Teeter,11.0,beverages,2026-06-17,2026-06-23
Watkins Sprinkles Rainbow or Chocolate,Harris Teeter,4.99,beverages,2026-05-20,2026-06-16
Zevia Specialty Soda,Harris Teeter,4.99,beverages,2026-05-13,2026-05-19
Atkins Protein Shakes,Lowes Foods,6.99,beverages,2026-05-27,2026-06-02
Baker's Baking Chocolate,Lowes Foods,8.0,beverages,2026-07-01,2026-07-07
BODY ARMOR SPORTS DRINK,Lowes Foods,10.0,beverages,2026-07-22,2026-07-28
Capri Sun Fruit Juice,Lowes Foods,3.99,beverages,2026-05-06,2026-05-12
Capri Sun Fruit Juice,Lowes Foods,7.0,beverages,2026-05-13,2026-05-19
Capri Sun Juice Drink,Lowes Foods,3.0,beverages,2026-05-20,2026-05-26
Celsius Essential Energy Drink,Lowes Foods,19.99,beverages,2026-09-02,2026-09-08
Celsius Essential or Alani Energy Drink,Lowes Foods,19.99,beverages,2026-05-06,2026-05-12
Celsius Essential or Alani Energy Drink,Lowes Foods,19.99,beverages,2026-06-10,2026-06-16
Celsius or Alani Energy Drink,Lowes Foods,5.0,beverages,2026-05-27,2026-06-02
Celsius or Alani Energy Drink,Lowes Foods,5.0,beverages,2026-06-03,2026-06-09
"Califia Farms Creamer, Cold Brew or Iced Coffee",Lowes Foods,7.0,beverages,2026-04-22,2026-04-28
Starbucks Frappuccino Coffee Drink,Lowes Foods,6.99,beverages,2026-04-22,2026-04-28
Dunkin' Coffee,Lowes Foods,12.99,beverages,2026-04-22,2026-04-28
Lowes Foods Coffee,Lowes Foods,11.99,beverages,2026-04-22,2026-04-28
Gevalia Coffee K-Cups,Lowes Foods,7.99,beverages,2026-04-29,2026-05-05
Starbucks Iced Coffee,Lowes Foods,4.99,beverages,2026-04-29,2026-05-05
Starbucks Coffee,Lowes Foods,10.99,beverages,2026-04-29,2026-05-05
Dunkin' Coffee,Lowes Foods,8.49,beverages,2026-04-29,2026-05-05
Maxwell House Coffee K-Cups,Lowes Foods,7.99,beverages,2026-04-29,2026-05-05
Eight O'Clock Coffee,Lowes Foods,6.99,beverages,2026-04-29,2026-05-05
Starbucks Frappuccino Coffee Drink,Lowes Foods,6.99,beverages,2026-04-29,2026-05-05
Lowes Foods Coffee,Lowes Foods,5.99,beverages,2026-05-06,2026-05-12
Nescafé Espresso Concentrate,Lowes Foods,8.99,beverages,2026-05-13,2026-05-19
Nescafé Clásico Colombia Coffee,Lowes Foods,8.99,beverages,2026-05-13,2026-05-19
Seattle's Best Coffee,Lowes Foods,7.99,beverages,2026-05-13,2026-05-19
Nescafé Gold Espresso,Lowes Foods,8.99,beverages,2026-05-13,2026-05-19
Coffee Mate Creamer,Lowes Foods,7.99,beverages,2026-05-13,2026-05-19
Coffee Mate Creamer,Lowes Foods,3.49,beverages,2026-05-13,2026-05-19
Coffee Mate Creamer,Lowes Foods,7.0,beverages,2026-05-13,2026-05-19
Peet's Coffee,Lowes Foods,9.99,beverages,2026-05-13,2026-05-19
Green Mountain or McCafé Coffee,Lowes Foods,6.99,beverages,2026-05-13,2026-05-19
Coffee Mate Creamer,Lowes Foods,6.49,beverages,2026-05-13,2026-05-19
Folgers or Café Bustelo Instant Coffee,Lowes Foods,7.99,beverages,2026-05-13,2026-05-19
Starbucks Coffee,Lowes Foods,26.99,beverages,2026-05-20,2026-05-26
Starbucks Ground Coffee,Lowes Foods,24.99,beverages,2026-05-20,2026-05-26
Starbucks Coffee,Lowes Foods,16.99,beverages,2026-05-20,2026-05-26
Kitu Super Coffee,Lowes Foods,5.0,beverages,2026-05-20,2026-05-26
Starbucks Coffee,Lowes Foods,36.99,beverages,2026-05-20,2026-05-26
Gevalia Ground Coffee,Lowes Foods,6.99,beverages,2026-05-20,2026-05-26
Starbucks Coffee,Lowes Foods,10.99,beverages,2026-05-20,2026-05-26
Café Bustelo or Folgers Coffee K-Cups,Lowes Foods,5.99,beverages,2026-05-27,2026-06-02
Lowes Foods Premium Coffee,Lowes Foods,13.99,beverages,2026-05-27,2026-06-02
Café Bustelo or Folgers Coffee,Lowes Foods,10.99,beverages,2026-05-27,2026-06-02
Too Good Coffee Creamer,Lowes Foods,8.0,beverages,2026-06-03,2026-06-09
Maxwell House Coffee,Lowes Foods,6.99,beverages,2026-06-03,2026-06-09
Lowes Foods Coffee,Lowes Foods,5.99,beverages,2026-06-03,2026-06-09
Super Coffee Cold Brew,Lowes Foods,3.99,beverages,2026-06-03,2026-06-09
Stok Cold Brew Coffee,Lowes Foods,10.0,beverages,2026-06-03,2026-06-09
Starbucks Frappuccino Coffee Drink,Lowes Foods,6.99,beverages,2026-06-03,2026-06-09
Lowes Foods Coffee,Lowes Foods,11.99,beverages,2026-06-03,2026-06-09
International Delight Iced Coffee,Lowes Foods,9.0,beverages,2026-06-03,2026-06-09
Coffee Mate Creamer,Lowes Foods,8.0,beverages,2026-06-10,2026-06-16
Green Mountain or McCafe Coffee,Lowes Foods,6.99,beverages,2026-06-10,2026-06-16
Seattle's Best Coffee,Lowes Foods,6.99,beverages,2026-06-10,2026-06-16
Chobani Creamer selected 24 oz La Colombe Cold Brew selected 48 oz,Lowes Foods,9.0,beverages,2026-06-10,2026-06-16
Lowes Foods Coffee,Lowes Foods,5.99,beverages,2026-06-17,2026-06-23
Starbucks Coffee,Lowes Foods,7.99,beverages,2026-06-17,2026-06-23
Starbucks Pink Drink or Starbucks Coffee and Protein,Lowes Foods,7.0,beverages,2026-06-17,2026-06-23
Eight O'Clock Coffee,Lowes Foods,6.99,beverages,2026-06-17,2026-06-23
Lowes Foods Coffee,Lowes Foods,6.49,beverages,2026-07-01,2026-07-07
Café Bustelo or Folgers Coffee,Lowes Foods,8.99,beverages,2026-07-01,2026-07-07
Horizon Organic Coffee Creamer,Lowes Foods,5.49,beverages,2026-07-01,2026-07-07
International Delight Iced Coffee,Lowes Foods,9.0,beverages,2026-07-01,2026-07-07
DUNKIN' EXTRA EXTRA COFFEE CREAMER,Lowes Foods,9.0,beverages,2026-07-01,2026-07-07
STOK COLD BREW COFFEE,Lowes Foods,10.0,beverages,2026-07-01,2026-07-07
Chobani Creamer La Colombe Cold Brew,Lowes Foods,9.0,beverages,2026-07-22,2026-07-28
Starbucks Frappuccino Coffee Drink,Lowes Foods,6.99,beverages,2026-07-22,2026-07-28
Dunkin' Coffee,Lowes Foods,7.99,beverages,2026-07-22,2026-07-28
Maxwell House Wake Up Roast Coffee,Lowes Foods,13.49,beverages,2026-09-02,2026-09-08
Gevalia Coffee K-Cups,Lowes Foods,6.99,beverages,2026-09-02,2026-09-08
The Boxcar Coffee,Lowes Foods,9.99,beverages,2026-09-02,2026-09-08
Maxwell House Coffee K-Cups,Lowes Foods,6.99,beverages,2026-09-02,2026-09-08
Daizy's Social Soda,Lowes Foods,15.49,beverages,2026-05-20,2026-05-26
Deer Park Spring Water,Lowes Foods,4.99,beverages,2026-04-22,2026-04-28
Deer Park Spring Water,Lowes Foods,4.99,beverages,2026-06-10,2026-06-16
Deer Park Spring Water,Lowes Foods,9.0,beverages,2026-09-02,2026-09-08
Dove Chocolate,Lowes Foods,4.99,beverages,2026-05-20,2026-05-26
Florida's Natural Juice Drinks,Lowes Foods,4.0,beverages,2026-07-01,2026-07-07
Gatorade,Lowes Foods,4.99,beverages,2026-04-22,2026-04-28
Gatorade,Lowes Foods,4.99,beverages,2026-04-29,2026-05-05
Gatorade,Lowes Foods,7.99,beverages,2026-05-06,2026-05-12
Gatorade,Lowes Foods,7.99,beverages,2026-05-13,2026-05-19
Gatorade,Lowes Foods,5.99,beverages,2026-05-20,2026-05-26
Gatorade,Lowes Foods,4.99,beverages,2026-05-20,2026-05-26
Gatorade,Lowes Foods,5.99,beverages,2026-06-10,2026-06-16
Gatorade,Lowes Foods,5.99,beverages,2026-07-22,2026-07-28
Gatorade,Lowes Foods,14.0,beverages,2026-09-02,2026-09-08
Gatorade Protein Bar,Lowes Foods,1.99,beverages,2026-05-06,2026-05-12
Ghirardelli Chocolate Squares,Lowes Foods,5.49,beverages,2026-05-06,2026-05-12
Ghost Energy Drink,Lowes Foods,1.99,beverages,2026-06-17,2026-06-23
Ghost Energy Drink,Lowes Foods,1.99,beverages,2026-07-01,2026-07-07
Hawaiian Punch Juice Drink,Lowes Foods,7.0,beverages,2026-05-20,2026-05-26
Hawaiian Punch Juice Drink,Lowes Foods,6.0,beverages,2026-07-01,2026-07-07
Juicy Juice,Lowes Foods,7.0,beverages,2026-06-17,2026-06-23
Lowes Foods Chocolate Covered Pretzels,Lowes Foods,3.99,beverages,2026-04-29,2026-05-05
Lowes Foods Chocolate Covered Pretzels,Lowes Foods,3.99,beverages,2026-05-13,2026-05-19
Lowes Foods Chocolate Covered Pretzels,Lowes Foods,3.99,beverages,2026-05-27,2026-06-02
Lowes Foods Chocolate Covered Pretzels,Lowes Foods,3.99,beverages,2026-06-10,2026-06-16
Lowes Foods Chocolate Covered Pretzels,Lowes Foods,3.99,beverages,2026-07-22,2026-07-28
Lowes Foods Chocolate Covered Pretzels,Lowes Foods,3.99,beverages,2026-09-02,2026-09-08
Lowes Foods Sparkling Juice,Lowes Foods,7.0,beverages,2026-05-06,2026-05-12
Lowes Foods Sparkling Water,Lowes Foods,5.0,beverages,2026-05-06,2026-05-12
Lowes Foods Natural Spring Water,Lowes Foods,8.0,beverages,2026-09-02,2026-09-08
Maison Perrier Sparkling Water,Lowes Foods,5.99,beverages,2026-05-06,2026-05-12
Maison Perrier Sparkling Water,Lowes Foods,5.99,beverages,2026-05-13,2026-05-19
Maison Perrier Sparkling Water,Lowes Foods,5.99,beverages,2026-05-20,2026-05-26
Maison Perrier Sparkling Water,Lowes Foods,6.99,beverages,2026-06-17,2026-06-23
Maison Perrier Sparkling Water,Lowes Foods,6.99,beverages,2026-07-01,2026-07-07
Maison Perrier Sparkling Water,Lowes Foods,5.95,beverages,2026-09-02,2026-09-08
Minute Maid Juice or Punch,Lowes Foods,5.0,beverages,2026-09-02,2026-09-08
Monster Energy Drink,Lowes Foods,6.99,beverages,2026-05-06,2026-05-12
Ocean Spray Juice,Lowes Foods,6.0,beverages,2026-05-13,2026-05-19
Oikos Protein Shakes,Lowes Foods,9.99,beverages,2026-06-03,2026-06-09
Oikos Protein Shakes,Lowes Foods,7.0,beverages,2026-06-03,2026-06-09
S.Pellegrino Sparkling Water,Lowes Foods,5.0,beverages,2026-07-22,2026-07-28
Pepsi Prebiotic Soda,Lowes Foods,5.0,beverages,2026-04-22,2026-04-28
Pepsi Prebiotic Soda,Lowes Foods,5.0,beverages,2026-04-29,2026-05-05
Pepsi Prebiotic Soda,Lowes Foods,2.0,beverages,2026-05-27,2026-06-02
PEPSI PRODUCTS,Lowes Foods,1.96,beverages,2026-05-27,2026-06-02
PEPSI PRODUCTS,Lowes Foods,1.96,beverages,2026-06-03,2026-06-09
PEPSI PRODUCTS,Lowes Foods,1.96,beverages,2026-06-10,2026-06-16
PEPSI PRODUCTS,Lowes Foods,10.99,beverages,2026-07-01,2026-07-07
Phorm Energy Drink,Lowes Foods,2.29,beverages,2026-05-27,2026-06-02
Phorm Energy Drink,Lowes Foods,2.29,beverages,2026-06-03,2026-06-09
Phorm Energy Drink,Lowes Foods,2.29,beverages,2026-06-10,2026-06-16
Phorm Energy Drink,Lowes Foods,4.5,beverages,2026-09-02,2026-09-08
Powerade,Lowes Foods,4.99,beverages,2026-04-22,2026-04-28
Powerade,Lowes Foods,5.0,beverages,2026-06-17,2026-06-23
Powerade,Lowes Foods,5.0,beverages,2026-07-01,2026-07-07
Powerade,Lowes Foods,4.99,beverages,2026-09-02,2026-09-08
Premier Protein Shakes,Lowes Foods,23.99,beverages,2026-07-01,2026-07-07
Propel,Lowes Foods,4.99,beverages,2026-07-01,2026-07-07
Propel,Lowes Foods,4.99,beverages,2026-07-22,2026-07-28
Propel Electrolyte Water,Lowes Foods,9.99,beverages,2026-05-06,2026-05-12
"Sam Adams, Twisted Tea or Angry Orchard",Lowes Foods,16.99,beverages,2026-06-10,2026-06-16
San Pellegrino Ciao! Flavored Sparkling Water,Lowes Foods,9.0,beverages,2026-06-10,2026-06-16
San Pellegrino Ciao! Sparkling Water,Lowes Foods,9.0,beverages,2026-09-02,2026-09-08
Smartwater Drinking Water,Lowes Foods,5.0,beverages,2026-04-22,2026-04-28
Sunshine Good Energy Drinks,Lowes Foods,2.0,beverages,2026-05-27,2026-06-02
Sunshine Good Energy Drinks,Lowes Foods,4.99,beverages,2026-05-27,2026-06-02
Sunshine Good Energy Drinks,Lowes Foods,4.99,beverages,2026-06-03,2026-06-09
Sunshine Good Energy Drinks,Lowes Foods,2.0,beverages,2026-06-03,2026-06-09
Sunshine Good Energy Drinks,Lowes Foods,2.0,beverages,2026-06-10,2026-06-16
Sunshine Good Energy Drinks,Lowes Foods,4.99,beverages,2026-06-10,2026-06-16
Sunshine Good Energy Drinks,Lowes Foods,2.0,beverages,2026-09-02,2026-09-08
"SweetWater, Victory or New Belgium",Lowes Foods,15.99,beverages,2026-05-20,2026-05-26
Tropicana Juice,Lowes Foods,5.0,beverages,2026-05-20,2026-05-26
Tru Fru Chocolate Covered Fruit,Lowes Foods,6.49,beverages,2026-04-22,2026-04-28
V8 Splash Juice,Lowes Foods,4.0,beverages,2026-05-27,2026-06-02
V8 Splash Juice,Lowes Foods,4.0,beverages,2026-07-01,2026-07-07
12-Pack Michelob Ultra Organic Seltzer,Publix,17.99,beverages,2026-07-22,2026-07-28
12-Pack Twisted Tea Hard Iced,Publix,18.99,beverages,2026-04-22,2026-04-28
12-Pack Twisted Tea Hard Iced,Publix,18.99,beverages,2026-05-13,2026-05-19
12-Pack Twisted Tea Hard Iced,Publix,18.99,beverages,2026-06-10,2026-06-16
12-Pack Twisted Tea Hard Iced,Publix,18.99,beverages,2026-07-22,2026-07-28
12-Pack Twisted Tea Hard Iced Tea,Publix,18.99,beverages,2026-05-20,2026-05-26
12-Pack Twisted Tea Hard Iced Tea,Publix,18.99,beverages,2026-06-17,2026-06-23
12-Pack Twisted Tea Hard Iced Tea,Publix,18.99,beverages,2026-07-01,2026-07-07
12-Pack Twisted Tea Hard Iced Tea,Publix,18.99,beverages,2026-09-02,2026-09-08
Antioxidant Solutions Juice,Publix,5.99,beverages,2026-04-18,2026-05-01
Arizona Tea or Fruit Juice Cocktail,Publix,5.0,beverages,2026-05-20,2026-05-26
Arizona Tea or Fruit Juice Cocktail,Publix,6.0,beverages,2026-09-02,2026-09-08
Arm & Hammer Baking Soda Pure,Publix,1.89,beverages,2026-06-27,2026-07-10
Beach Juice Hard Punch,Publix,4.69,beverages,2026-06-10,2026-06-16
Bodyarmor Sports Drink,Publix,11.0,beverages,2026-06-10,2026-06-16
Chocolate Covered Fresh Strawberries,Publix,5.99,beverages,2026-05-06,2026-05-12
Starbucks Iced Coffee,Publix,12.0,beverages,2026-04-22,2026-04-28
Donut Shop or Green Mountain K-Cup Coffee,Publix,19.99,beverages,2026-04-29,2026-05-05
Chock Full O'Nuts Ground Coffee,Publix,12.99,beverages,2026-05-06,2026-05-12
GreenWise Organic Ground Coffee,Publix,9.99,beverages,2026-05-06,2026-05-12
illy Coffee,Publix,11.99,beverages,2026-05-02,2026-05-15
Starbucks K-Cup Coffee,Publix,9.99,beverages,2026-05-13,2026-05-19
Chobani Coffee Creamer,Publix,10.0,beverages,2026-05-13,2026-05-19
GreenWise Organic Coffee,Publix,7.99,beverages,2026-05-13,2026-05-19
Dunkin' Coffee,Publix,8.49,beverages,2026-05-20,2026-05-26
Maxwell House Ground Coffee,Publix,12.99,beverages,2026-05-20,2026-05-26
Nestlé Coffee Mate Coffee Creamer,Publix,3.0,beverages,2026-05-20,2026-05-26
GreenWise Organic Ground Coffee,Publix,9.99,beverages,2026-05-27,2026-06-03
Stok Cold Brew Coffee,Publix,10.0,beverages,2026-05-27,2026-06-03
Publix Premium Ground Coffee,Publix,9.99,beverages,2026-06-03,2026-06-10
Peet's Ground or Whole Bean Coffee,Publix,8.99,beverages,2026-06-03,2026-06-10
Cream Cheese Coffee Cake Bites,Publix,5.49,beverages,2026-06-10,2026-06-16
GreenWise Organic Ground Coffee,Publix,9.99,beverages,2026-06-17,2026-06-23
Chock Full O'Nuts Ground Coffee,Publix,12.99,beverages,2026-06-17,2026-06-23
Dunkin' Coffee,Publix,7.99,beverages,2026-06-17,2026-06-23
Lipton Cold Brew Tea Family Size,Publix,8.0,beverages,2026-07-15,2026-07-28
"Starbucks Iced Espresso, or Iced or Cold Brew Coffee",Publix,10.0,beverages,2026-07-22,2026-07-28
Cream Cheese Coffee Cake Bites,Publix,5.49,beverages,2026-09-02,2026-09-08
Starbucks K-Cup Coffee,Publix,8.99,beverages,2026-09-02,2026-09-08
Publix Premium Single-Serve Coffee Or Hot Cocoa,Publix,10.0,beverages,2026-09-02,2026-09-08
Lipton Cold Brew Tea Family Size,Publix,8.0,beverages,2026-08-26,2026-09-08
Colgate Cavity Protection or Baking Soda Peroxide Toothpaste,Publix,3.0,beverages,2026-04-18,2026-05-01
Dole Smoothie Kit,Publix,8.49,beverages,2026-05-02,2026-05-15
Dole Smoothie Kit,Publix,8.49,beverages,2026-08-26,2026-09-08
Dulcolax,Publix,5.99,beverages,2026-05-16,2026-05-29
Gatorade Recover Protein Bar,Publix,4.0,beverages,2026-04-18,2026-05-01
Ghost Energy Drink,Publix,10.0,beverages,2026-06-17,2026-06-23
Gillette Mach3 or Venus Disposable Razors 3-ct. or Venus Comfortglide White Tea 2-ct. Disposable Razor,Publix,6.99,beverages,2026-05-30,2026-06-12
GreenWise Chocolate Chip Brookies,Publix,5.99,beverages,2026-07-01,2026-07-07
GreenWise Organic Juice,Publix,6.99,beverages,2026-05-06,2026-05-12
GreenWise Sparkling Water,Publix,5.49,beverages,2026-05-06,2026-05-12
GreenWise Sparkling Water,Publix,5.49,beverages,2026-06-10,2026-06-16
GreenWise Organic Tea Bags,Publix,6.0,beverages,2026-05-06,2026-05-12
GT's Synergy The Real Kombucha†,Publix,6.0,beverages,2026-06-17,2026-06-23
Juicy Juice 100% Juice,Publix,2.79,beverages,2026-06-03,2026-06-10
Lipton Iced Tea Family Size,Publix,6.0,beverages,2026-07-15,2026-07-28
Lipton Iced Tea Family Size,Publix,6.0,beverages,2026-08-26,2026-09-08
Monster Energy,Publix,21.99,beverages,2026-06-27,2026-07-10
Mott's Juice,Publix,6.0,beverages,2026-09-02,2026-09-08
Natalie's Orchid Island Juice Company,Publix,5.99,beverages,2026-07-22,2026-07-28
Ocean Spray 100% Juice,Publix,7.0,beverages,2026-06-17,2026-06-23
S. Pellegrino Mineral Water,Publix,7.49,beverages,2026-05-16,2026-05-29
PEPSI PRODUCTS,Publix,5.0,beverages,2026-04-22,2026-04-28
Publix Spring Water,Publix,11.0,beverages,2026-06-03,2026-06-10
Publix Spring Water,Publix,10.0,beverages,2026-07-22,2026-07-28
Red Bull,Publix,20.99,beverages,2026-05-30,2026-06-12
Simply Juice Drink,Publix,5.0,beverages,2026-06-03,2026-06-10
Tea Cup Orchid,Publix,10.99,beverages,2026-04-22,2026-04-28
Bake Shop All Butter Pound Cake,ALDI,3.69,dairy,2026-04-22,2026-04-28
Parkview Buffalo Cheese or Cheddar Jalapeño Sausage,ALDI,2.69,dairy,2026-04-29,2026-05-05
Simply Nature Organic Chicken or Chicken Cheddar Bratwurst,ALDI,4.95,dairy,2026-04-29,2026-05-05
Park Street Deli Cheddar & Broccoli or Ham & Swiss Quiche,ALDI,9.49,dairy,2026-05-06,2026-05-12
Happy Farms Deli-Sliced Mild or Medium Cheddar Cheese,ALDI,1.49,dairy,2026-05-20,2026-05-26
Happy Farms Mozzarella Shredded Cheese,ALDI,3.29,dairy,2026-05-27,2026-06-02
Happy Farms Deli-Sliced Sharp Cheddar Cheese,ALDI,1.49,dairy,2026-06-10,2026-06-16
Happy Farms Deli-Sliced Mild or Medium Cheddar Cheese,ALDI,1.49,dairy,2026-06-17,2026-06-23
Parkview Cheddar Brats,ALDI,2.69,dairy,2026-06-17,2026-06-23
Kirkwood Turkey & Cheddar or Jalapeño Smoked Sausage,ALDI,3.99,dairy,2026-06-17,2026-06-23
Cattlemen's Ranch Unseasoned or Bacon Cheddar Black Angus Patties,ALDI,11.29,dairy,2026-06-17,2026-06-23
Happy Farms Extra Sharp Cheddar or Gouda Cracker Cuts,ALDI,2.79,dairy,2026-07-01,2026-07-07
Parkview Cheddar Brats,ALDI,2.69,dairy,2026-07-01,2026-07-07
Simply Nature White Cheddar Puffs,ALDI,2.99,dairy,2026-07-01,2026-07-07
Kirkwood Turkey & Cheddar or Jalapeño Smoked Sausage,ALDI,3.99,dairy,2026-07-01,2026-07-07
Happy Farms Deli-Sliced Pepper Jack Cheese,ALDI,1.49,dairy,2026-07-22,2026-07-28
Simply Nature Organic Chicken or Chicken Cheddar Bratwurst,ALDI,4.95,dairy,2026-07-22,2026-07-28
Deutsche Küche Cheese or Garlic Sage Spaetzle,ALDI,4.99,dairy,2026-04-29,2026-05-05
Reggano Pasta Salad,ALDI,2.49,dairy,2026-04-29,2026-05-05
"Mama Cozzi's Pizza Kitchen 12"" Veggie Cauliflower Crust Deli Pizza",ALDI,8.29,dairy,2026-05-27,2026-06-02
Crane Premium Yoga Legging or Flare,ALDI,14.99,dairy,2026-06-17,2026-06-23
Ambiano Electric Egg Cooker or Can Opener,ALDI,14.99,dairy,2026-06-24,2026-06-30
Crane Ladies' Compression Leggings,ALDI,12.99,dairy,2026-09-09,2026-09-15
Friendly Farms Lactose Free Whole or 2% Milk,ALDI,2.99,dairy,2026-07-22,2026-07-28
Friendly Farms Lactose Free Whole or 2% Milk,ALDI,2.99,dairy,2026-09-02,2026-09-08
Friendly Farms Unsweetened Vanilla or Sweetened Almondmilk,ALDI,2.29,dairy,2026-07-22,2026-07-28
Friendly Farms Unsweetened Vanilla or Sweetened Almondmilk,ALDI,2.29,dairy,2026-09-02,2026-09-08
Happy Farms Party Cheese Tray or Specialty Cheese Tray,ALDI,3.99,dairy,2026-05-20,2026-05-26
Happy Farms Soft Spread Cream Cheese,ALDI,1.79,dairy,2026-05-06,2026-05-12
Happy Farms 2% Milk Mexican or Sharp Cheddar Shredded Cheese,ALDI,2.79,dairy,2026-04-29,2026-05-05
Friendly Farms Traditional Plain Whole Milk Greek Yogurt,ALDI,3.49,dairy,2026-05-06,2026-05-12
Choceur Milk or Milk Almond Chocolate Bar,ALDI,2.29,dairy,2026-05-20,2026-05-26
Breakfast Best Buttermilk Pancakes,ALDI,3.59,dairy,2026-06-03,2026-06-09
Simply Nature Creamy Almond Butter,ALDI,3.59,dairy,2026-06-03,2026-06-09
Simply Nature Organic Creamy Peanut Butter,ALDI,4.39,dairy,2026-07-01,2026-07-07
Friendly Farms Drinkable Greek Yogurt,ALDI,1.49,dairy,2026-07-01,2026-07-07
Friendly Farms Nonfat Greek Yogurt,ALDI,2.79,dairy,2026-07-22,2026-07-28
Friendly Farms Nonfat Greek Yogurt,ALDI,2.79,dairy,2026-09-02,2026-09-08
Almond Breeze Almondmilk,Food Lion,2.99,dairy,2026-07-01,2026-07-07
BelGioioso Blue Cheese Crumbles or Wedge,Food Lion,2.99,dairy,2026-06-10,2026-06-16
Breakstone's Cottage Cheese,Food Lion,3.0,dairy,2026-05-27,2026-06-02
Cabot Cheese Bar,Food Lion,5.0,dairy,2026-05-20,2026-05-26
I Can't Believe It's Not Butter!,Food Lion,2.99,dairy,2026-04-22,2026-04-28
I Can't Believe It's Not Butter!,Food Lion,2.99,dairy,2026-07-01,2026-07-07
I Can't Believe It's Not Butter or Country Crock,Food Lion,2.99,dairy,2026-05-06,2026-05-12
Carnation Evaporated Milk,Food Lion,1.88,dairy,2026-05-06,2026-05-12
Challenge Or Danish Creamery Butter Quarters,Food Lion,4.99,dairy,2026-05-06,2026-05-12
Challenge Or Danish Creamery Butter Quarters,Food Lion,3.99,dairy,2026-06-03,2026-06-09
Challenge Or Danish Creamery Butter Quarters,Food Lion,3.99,dairy,2026-07-22,2026-07-28
Tillamook Sliced Or Shredded Cheese,Food Lion,7.0,dairy,2026-04-22,2026-04-28
Kraft Chunk or Shredded Cheese,Food Lion,4.55,dairy,2026-04-29,2026-05-05
La Chona Cotija or Quesadilla Shredded Cheese,Food Lion,5.89,dairy,2026-04-29,2026-05-05
Kraft Chunk or Shredded Cheese,Food Lion,4.0,dairy,2026-04-29,2026-05-05
Kraft Chunk Or Shredded Cheese,Food Lion,5.0,dairy,2026-05-06,2026-05-12
Westminster Smoked Cheddar,Food Lion,4.99,dairy,2026-05-06,2026-05-12
Taste Of Inspirations Pre-Sliced Cheese,Food Lion,3.99,dairy,2026-05-13,2026-05-19
Food Lion Ham Or Swiss Cheese,Food Lion,5.99,dairy,2026-05-13,2026-05-19
Dietz & Watson Cheddarwurst or Wieners,Food Lion,4.99,dairy,2026-05-20,2026-05-26
Kraft Chunk Or Shredded Cheese,Food Lion,5.0,dairy,2026-05-20,2026-05-26
Kraft Shredded Cheese,Food Lion,4.0,dairy,2026-05-27,2026-06-02
Food Lion American or Pepper Jack Cheese,Food Lion,6.99,dairy,2026-05-27,2026-06-02
Tillamook Sliced Cheese,Food Lion,2.99,dairy,2026-05-27,2026-06-02
Food Lion Chunk or Shredded Cheese,Food Lion,5.0,dairy,2026-05-27,2026-06-02
Food Lion Cooked Ham & White American Cheese,Food Lion,6.0,dairy,2026-06-03,2026-06-09
Kraft Shredded Cheese,Food Lion,4.99,dairy,2026-06-03,2026-06-09
Land O Lakes White American Cheese,Food Lion,6.99,dairy,2026-06-10,2026-06-16
Kraft Chunk Or Shredded Cheese,Food Lion,5.0,dairy,2026-06-10,2026-06-16
COOPER AMERICAN CHEESE,Food Lion,6.99,dairy,2026-06-17,2026-06-23
FOOD LION CHUNK OR SHREDDED CHEESE,Food Lion,4.0,dairy,2026-06-17,2026-06-23
BELGIOIOSO PARMESAN CHEESE,Food Lion,3.29,dairy,2026-06-17,2026-06-23
OLD CROC CHEDDAR CHEESE,Food Lion,4.99,dairy,2026-06-17,2026-06-23
SARGENTO SLICED CHEESE,Food Lion,6.0,dairy,2026-06-17,2026-06-23
SARGENTO NATURAL AMERICAN SLICED CHEESE,Food Lion,6.0,dairy,2026-06-17,2026-06-23
BELGIOIOSO FRESH MOZZARELLA CHEESE,Food Lion,3.49,dairy,2026-06-17,2026-06-23
Food Lion Turkey & White American Cheese,Food Lion,6.0,dairy,2026-06-17,2026-06-23
FOOD LION CHUNK OR SHREDDED CHEESE,Food Lion,5.0,dairy,2026-07-01,2026-07-07
BelGioioso Mozzarella Log or Pearls,Food Lion,5.99,dairy,2026-07-01,2026-07-07
Cooper American Cheese,Food Lion,6.99,dairy,2026-07-22,2026-07-28
Tillamook Sliced or Shredded Cheese,Food Lion,6.0,dairy,2026-07-22,2026-07-28
Galbani Ricotta or String Cheese,Food Lion,6.0,dairy,2026-07-22,2026-07-28
FOOD LION NATURAL SLICED OR SHREDDED CHEESE,Food Lion,5.0,dairy,2026-09-02,2026-09-08
SARTORI CHEDDARS,Food Lion,3.99,dairy,2026-09-02,2026-09-08
Frigo String Cheese or Combo Pack,Food Lion,3.99,dairy,2026-09-02,2026-09-08
Core Power Milkshake,Food Lion,3.99,dairy,2026-06-10,2026-06-16
Cracker Barrel Cheese Bars,Food Lion,2.99,dairy,2026-05-13,2026-05-19
Cracker Barrel Cheese Bars,Food Lion,6.0,dairy,2026-07-22,2026-07-28
Daisy Cottage Cheese,Food Lion,2.99,dairy,2026-06-10,2026-06-16
Daisy Cottage Cheese,Food Lion,1.99,dairy,2026-07-22,2026-07-28
Daisy Sour Cream,Food Lion,5.0,dairy,2026-05-13,2026-05-19
Daisy Sour Cream,Food Lion,5.0,dairy,2026-05-20,2026-05-26
Daisy Sour Cream Squeeze,Food Lion,2.99,dairy,2026-04-22,2026-04-28
Eggo Frozen Waffles,Food Lion,5.0,dairy,2026-04-29,2026-05-05
Purina Beggin' Strips Dog Treats,Food Lion,9.99,dairy,2026-04-29,2026-05-05
Ore-Ida Just Crack An Egg,Food Lion,2.0,dairy,2026-05-27,2026-06-02
Vital Farms Pasture Raised Large Eggs,Food Lion,5.99,dairy,2026-05-27,2026-06-02
Green Giant Bagged Veggies,Food Lion,4.0,dairy,2026-06-03,2026-06-09
Eggo Frozen Waffles,Food Lion,5.0,dairy,2026-06-03,2026-06-09
Ore-Ida Just Crack An Egg,Food Lion,4.0,dairy,2026-06-10,2026-06-16
PURINA BEGGIN' STRIPS OR T-BONZ DOG TREATS,Food Lion,9.99,dairy,2026-06-17,2026-06-23
El Terrifico Cheese Dip,Food Lion,4.99,dairy,2026-04-29,2026-05-05
El Terrifico Cheese Dip,Food Lion,5.99,dairy,2026-05-20,2026-05-26
El Terrifico Cheese Dip,Food Lion,5.99,dairy,2026-06-17,2026-06-23
Food Lion Butter Quarters,Food Lion,3.69,dairy,2026-06-10,2026-06-16
Food Lion Cheese Cubes or Bars,Food Lion,5.0,dairy,2026-04-22,2026-04-28
Food Lion Cream Cheese,Food Lion,1.99,dairy,2026-04-22,2026-04-28
Food Lion Cream Cheese,Food Lion,3.0,dairy,2026-05-06,2026-05-12
Food Lion Cream Cheese Bar,Food Lion,3.0,dairy,2026-06-10,2026-06-16
Food Lion Snack Bars or Cheese Cubes,Food Lion,5.0,dairy,2026-04-29,2026-05-05
FOOD LION SOUR CREAM,Food Lion,1.99,dairy,2026-05-27,2026-06-02
FOOD LION SOUR CREAM,Food Lion,1.99,dairy,2026-06-10,2026-06-16
Food Lion Squeeze Sour Cream,Food Lion,2.5,dairy,2026-07-01,2026-07-07
Food Lion Whipped or Tub Cream Cheese,Food Lion,1.49,dairy,2026-04-29,2026-05-05
Food Lion Whipping Cream,Food Lion,2.99,dairy,2026-04-29,2026-05-05
Ginny 'O's Cheese Straws,Food Lion,5.99,dairy,2026-05-27,2026-06-02
Horizon Organic Milk,Food Lion,5.99,dairy,2026-06-10,2026-06-16
Jarlsberg Cheese Wedge,Food Lion,4.49,dairy,2026-05-13,2026-05-19
Jif Peanut Butter,Food Lion,2.99,dairy,2026-06-03,2026-06-09
Jif Peanut Butter,Food Lion,2.99,dairy,2026-06-10,2026-06-16
Kerrygold Pure Irish Butter Sticks,Food Lion,4.99,dairy,2026-05-13,2026-05-19
Kerrygold Pure Irish Butter Sticks,Food Lion,4.99,dairy,2026-06-17,2026-06-23
Land O Lakes Butter Quarters,Food Lion,3.99,dairy,2026-05-20,2026-05-26
Land O Lakes Butter Quarters,Food Lion,3.99,dairy,2026-07-01,2026-07-07
Mama Geraldine's Cheese Straws,Food Lion,3.99,dairy,2026-05-13,2026-05-19
Marieke Gouda Cheese Spread or Wedges,Food Lion,5.0,dairy,2026-07-22,2026-07-28
Planet Oat Oatmilk or Creamer,Food Lion,6.0,dairy,2026-04-22,2026-04-28
Blue Diamond Almond milk,Food Lion,2.49,dairy,2026-04-29,2026-05-05
Raisinets Milk Chocolate,Food Lion,4.99,dairy,2026-05-06,2026-05-12
Hershey's Kisses Milk Chocolate or Nuggets Share Pack,Food Lion,5.49,dairy,2026-05-06,2026-05-12
Whitman's Milk Chocolate S'mores,Food Lion,5.99,dairy,2026-05-13,2026-05-19
8 Piece Hand Battered Buttermilk Fried Chicken,Food Lion,6.99,dairy,2026-05-20,2026-05-26
Almond Breeze Almondmilk or Planet Oat Oatmilk,Food Lion,6.0,dairy,2026-05-27,2026-06-02
Blue Diamond Almond milk,Food Lion,2.99,dairy,2026-05-27,2026-06-02
Lactaid Creamer,Food Lion,4.0,dairy,2026-06-03,2026-06-09
Lactaid Ice Cream,Food Lion,4.0,dairy,2026-06-10,2026-06-16
A2 Whole Milk,Food Lion,3.99,dairy,2026-06-10,2026-06-16
Whitman's Milk Chocolate S'mores,Food Lion,5.99,dairy,2026-07-01,2026-07-07
8 Piece Hand Battered Buttermilk Fried Chicken,Food Lion,7.99,dairy,2026-07-01,2026-07-07
Hershey Milk Chocolate Giant Bar,Food Lion,3.99,dairy,2026-07-22,2026-07-28
4 Piece Fresh Buttermilk Hand Battered Fried Chicken,Food Lion,5.0,dairy,2026-07-22,2026-07-28
Planet Oat Oatmilk Or Creamer,Food Lion,2.99,dairy,2026-07-22,2026-07-28
8 Piece Hand Battered Buttermilk Fried Chicken,Food Lion,7.99,dairy,2026-09-02,2026-09-08
Muscle Milk Protein Shakes,Food Lion,6.99,dairy,2026-09-02,2026-09-08
Muscle Milk Protein Powder,Food Lion,25.99,dairy,2026-09-02,2026-09-08
Mrs. Butterworth's or Log Cabin Syrup,Food Lion,6.0,dairy,2026-05-20,2026-05-26
Nesquik Flavored Milk,Food Lion,1.69,dairy,2026-07-22,2026-07-28
Parkay Margarine,Food Lion,5.0,dairy,2026-06-17,2026-06-23
Peter Pan Peanut Butter,Food Lion,2.69,dairy,2026-04-22,2026-04-28
Peter Pan Peanut Butter,Food Lion,4.0,dairy,2026-06-03,2026-06-09
Philadelphia Cream Cheese,Food Lion,2.99,dairy,2026-07-01,2026-07-07
Philadelphia Cream Cheese Bars,Food Lion,4.99,dairy,2026-05-27,2026-06-02
Philadelphia Cream Cheese Bars,Food Lion,4.99,dairy,2026-06-03,2026-06-09
Philadelphia Soft Cream Cheese,Food Lion,3.99,dairy,2026-04-29,2026-05-05
Philadelphia Soft Cream Cheese,Food Lion,4.0,dairy,2026-05-27,2026-06-02
Promised Land Milk,Food Lion,3.99,dairy,2026-05-27,2026-06-02
Red Barn Butter,Food Lion,2.99,dairy,2026-05-27,2026-06-02
Reese's Peanut Butter Cups,Food Lion,5.99,dairy,2026-05-13,2026-05-19
Reese's Peanut Butter Cups,Food Lion,5.99,dairy,2026-07-01,2026-07-07
Royal Dansk Danish Butter Cookies,Food Lion,2.99,dairy,2026-04-22,2026-04-28
SARA LEE BUTTER BREAD,Food Lion,2.99,dairy,2026-06-17,2026-06-23
Silk Milk,Food Lion,3.49,dairy,2026-05-13,2026-05-19
Silk Soy Milk,Food Lion,4.0,dairy,2026-06-03,2026-06-09
Taste Of Inspirations Double Crème Brie Cheese,Food Lion,5.49,dairy,2026-04-22,2026-04-28
Taste of Inspirations Gourmet Cheese Sampler,Food Lion,7.99,dairy,2026-06-10,2026-06-16
Taste of Inspirations White Cheese Dip,Food Lion,5.49,dairy,2026-06-10,2026-06-16
TEXAS ROADHOUSE BUTTERY SPREAD,Food Lion,3.49,dairy,2026-06-17,2026-06-23
Chobani Zero Sugar or Greek Yogurt,Food Lion,5.0,dairy,2026-04-22,2026-04-28
Stonyfield Organic Yogurt,Food Lion,4.79,dairy,2026-04-22,2026-04-28
Nature's Garden Probiotic Yoggies fruit & Yogurt Snacks,Food Lion,4.79,dairy,2026-04-22,2026-04-28
Activia Traditional Or Proactive Yogurt,Food Lion,2.49,dairy,2026-04-22,2026-04-28
Chobani 20G Protein Yogurt Cups,Food Lion,4.99,dairy,2026-04-22,2026-04-28
'Ndulge Greek Yogurt Bars,Food Lion,3.99,dairy,2026-04-29,2026-05-05
FOOD LION YOGURT,Food Lion,5.0,dairy,2026-04-29,2026-05-05
Food Lion Yogurt,Food Lion,2.79,dairy,2026-05-06,2026-05-12
Oikos Triple Zero or Light & Fit Greek Yogurt,Food Lion,3.99,dairy,2026-05-06,2026-05-12
Yoplait Yogurt,Food Lion,7.0,dairy,2026-05-06,2026-05-12
Yasso Frozen Greek Yogurt Bars or Yogurt,Food Lion,7.0,dairy,2026-05-06,2026-05-12
Yasso Frozen Greek Yogurt or Bars,Food Lion,7.0,dairy,2026-05-13,2026-05-19
Chobani Greek or Zero Sugar Yogurt,Food Lion,5.0,dairy,2026-05-13,2026-05-19
Stonyfield Organic Yogurt,Food Lion,4.99,dairy,2026-05-13,2026-05-19
CHOBANI CREATIONS OR FLIP YOGURT,Food Lion,5.0,dairy,2026-05-20,2026-05-26
Chobani 20G Protein Greek Yogurt Cups,Food Lion,4.99,dairy,2026-05-20,2026-05-26
Activia Yogurt,Food Lion,2.49,dairy,2026-05-27,2026-06-02
Yoplait Yogurt,Food Lion,7.0,dairy,2026-05-27,2026-06-02
Chobani Greek Yogurt,Food Lion,0.89,dairy,2026-05-27,2026-06-02
Danimals Smoothie or YoCrunch Yogurt,Food Lion,6.0,dairy,2026-05-27,2026-06-02
Stonyfield Organic Yogurt,Food Lion,4.99,dairy,2026-05-27,2026-06-02
Siggi's Yogurt,Food Lion,5.0,dairy,2026-06-03,2026-06-09
Food Lion Yogurt,Food Lion,5.0,dairy,2026-06-03,2026-06-09
Chobani Flip or Creations Yogurt,Food Lion,5.0,dairy,2026-06-03,2026-06-09
Chobani Flip or Creations Yogurt,Food Lion,5.0,dairy,2026-06-10,2026-06-16
Dannon Oikos or Light & Fit Yogurt Cups,Food Lion,1.0,dairy,2026-06-10,2026-06-16
Yoplait Yogurt,Food Lion,7.0,dairy,2026-06-10,2026-06-16
NATURE'S GARDEN PROBIOTIC YOGGIES FRUIT & YOGURT SNACKS,Food Lion,5.99,dairy,2026-06-17,2026-06-23
Oikos Triple Zero or Light & Fit Yogurt,Food Lion,3.99,dairy,2026-06-17,2026-06-23
Siggi's Icelandic Skyr Yogurt,Food Lion,4.49,dairy,2026-06-17,2026-06-23
Yoplait Yogurt,Food Lion,7.0,dairy,2026-07-01,2026-07-07
Siggi's Yogurt,Food Lion,3.0,dairy,2026-07-01,2026-07-07
Yasso Frozen Greek Yogurt Bars or Pints,Food Lion,4.49,dairy,2026-07-01,2026-07-07
Oikos Remix or Two Good Greek Yogurt,Food Lion,5.0,dairy,2026-07-22,2026-07-28
Stonyfield Yobaby Yogurt,Food Lion,4.49,dairy,2026-07-22,2026-07-28
Yoplait Go-Gurt Yogurt,Food Lion,2.99,dairy,2026-07-22,2026-07-28
Danimals Smoothie or Activia Yogurt,Food Lion,2.99,dairy,2026-07-22,2026-07-28
Yoplait Oui Yogurt,Food Lion,5.0,dairy,2026-07-22,2026-07-28
Oikos Triple Zero or Light & Fit Yogurt,Food Lion,5.49,dairy,2026-07-22,2026-07-28
Chobani Complete Yogurt Shake,Food Lion,2.49,dairy,2026-09-02,2026-09-08
Chobani Greek or Zero Sugar Yogurt,Food Lion,5.0,dairy,2026-09-02,2026-09-08
Two Good Yogurt,Food Lion,1.0,dairy,2026-09-02,2026-09-08
"10.6 - 20.2 oz Family Size Oreo, Chips Ahoy! or Nutter Butter",Harris Teeter,3.99,dairy,2026-09-02,2026-09-08
Almond Breeze Almondmilk,Harris Teeter,6.0,dairy,2026-05-20,2026-05-26
Almond Breeze Almondmilk,Harris Teeter,6.0,dairy,2026-06-17,2026-06-23
1.94 oz. Barebells Protein Bars or 12 oz. Protein Milkshakes,Harris Teeter,6.0,dairy,2026-09-02,2026-09-08
Better Butter Hot Honey Butter,Harris Teeter,3.99,dairy,2026-05-27,2026-06-02
4.7 oz. Breakstone's Cottage Doubles or 8 oz. Sour Cream,Harris Teeter,5.0,dairy,2026-05-06,2026-05-12
Breakstone's Sour Cream,Harris Teeter,4.0,dairy,2026-06-03,2026-06-09
Brick Philadelphia Cream Cheese,Harris Teeter,6.0,dairy,2026-06-17,2026-06-23
Califia Farms Almondmilk,Harris Teeter,7.0,dairy,2026-05-06,2026-05-12
I Can't Believe It's Not Butter Spread Bowl,Harris Teeter,2.99,dairy,2026-07-01,2026-07-07
Challenge Butter,Harris Teeter,4.49,dairy,2026-05-20,2026-05-26
Harris Teeter Shredded Cheese,Harris Teeter,1.49,dairy,2026-04-22,2026-04-28
Private Selection Angus Steak or Bacon Cheddar Beef burgers,Harris Teeter,13.99,dairy,2026-04-22,2026-04-28
Harris Teeter Natural Sliced Cheese,Harris Teeter,4.0,dairy,2026-04-22,2026-04-28
Toscana Mozzarella Ball,Harris Teeter,5.99,dairy,2026-04-22,2026-04-28
Simple Truth Organic Shredded or Sliced Cheese,Harris Teeter,6.0,dairy,2026-04-29,2026-05-05
Sargento Sliced Cheese or Natural American Slices,Harris Teeter,9.0,dairy,2026-04-29,2026-05-05
Galbani Ricotta or String Cheese,Harris Teeter,4.99,dairy,2026-05-06,2026-05-12
Tillamook Shredded or Sliced Cheese,Harris Teeter,7.0,dairy,2026-05-06,2026-05-12
Simple Truth Organic Parmesan Cheese Cup,Harris Teeter,6.0,dairy,2026-05-06,2026-05-12
Red Lobster Cheddar Bay Biscuits,Harris Teeter,4.99,dairy,2026-05-06,2026-05-12
Fresh Foods Market American Cheese,Harris Teeter,6.99,dairy,2026-05-06,2026-05-12
Toscana Mozzarella Log,Harris Teeter,9.99,dairy,2026-05-13,2026-05-19
Sargento Shredded Cheese,Harris Teeter,6.0,dairy,2026-05-20,2026-05-26
Harris Teeter Natural Sliced Cheese,Harris Teeter,6.0,dairy,2026-05-27,2026-06-02
Private Selection Hot Honey or Buffalo Mozzarella Pizza,Harris Teeter,5.99,dairy,2026-05-27,2026-06-02
Farmers Market White or Yellow American Cheese,Harris Teeter,5.99,dairy,2026-05-27,2026-06-02
Harris Teeter Parmesan Cheese,Harris Teeter,6.0,dairy,2026-05-27,2026-06-02
Simple Truth Organic Natural Sliced Cheese,Harris Teeter,6.0,dairy,2026-06-03,2026-06-09
Galbani Ricotta Cheese or 12 oz. String Cheese,Harris Teeter,6.0,dairy,2026-06-10,2026-06-16
Tillamook Shredded or Sliced Cheese,Harris Teeter,3.99,dairy,2026-06-10,2026-06-16
Sargento Sliced Cheese,Harris Teeter,6.0,dairy,2026-06-10,2026-06-16
Tillamook Sliced Cheese,Harris Teeter,3.99,dairy,2026-06-17,2026-06-23
Private Selection Angus Steak or Bacon and Cheddar Burgers,Harris Teeter,13.99,dairy,2026-06-17,2026-06-23
Harris Teeter Natural Sliced Cheese,Harris Teeter,5.0,dairy,2026-06-17,2026-06-23
Toscana Mozzarella Log,Harris Teeter,9.99,dairy,2026-07-01,2026-07-07
Fresh Foods Market White or Yellow American Cheese,Harris Teeter,5.49,dairy,2026-07-01,2026-07-07
Galbani Mozzarella Presliced or Sliced Ball,Harris Teeter,2.5,dairy,2026-07-01,2026-07-07
Harris Teeter Shredded Cheese,Harris Teeter,5.0,dairy,2026-07-22,2026-07-28
Simple Truth Organic Shredded or Sliced Cheese,Harris Teeter,6.0,dairy,2026-07-22,2026-07-28
Tillamook Shredded Cheese,Harris Teeter,3.99,dairy,2026-07-22,2026-07-28
Sargento Sliced Cheese or Natural American Slices,Harris Teeter,6.0,dairy,2026-09-02,2026-09-08
Cool Whip Frozen Dessert Topping,Harris Teeter,4.0,dairy,2026-05-06,2026-05-12
Cool Whip Frozen Dessert Topping,Harris Teeter,0.99,dairy,2026-05-20,2026-05-26
Cool Whip Topping,Harris Teeter,4.0,dairy,2026-07-01,2026-07-07
Cracker Barrel Cheese Sticks or Cubes,Harris Teeter,6.0,dairy,2026-07-01,2026-07-07
Daisy Cottage Cheese,Harris Teeter,3.99,dairy,2026-05-06,2026-05-12
Daisy Sour Cream,Harris Teeter,6.0,dairy,2026-04-29,2026-05-05
Daisy Sour Cream,Harris Teeter,5.0,dairy,2026-05-20,2026-05-26
Daisy Sour Cream,Harris Teeter,6.0,dairy,2026-06-03,2026-06-09
Daisy Sour Cream,Harris Teeter,5.0,dairy,2026-09-02,2026-09-08
"Daisy Sour Cream, 16 oz or Hidden Valley Ranch Dip Mix 4 - 1 oz.",Harris Teeter,5.0,dairy,2026-07-01,2026-07-07
Nellie's Free Range Large Eggs,Harris Teeter,3.99,dairy,2026-04-22,2026-04-28
Nestfresh Organic Free Range Eggs,Harris Teeter,5.99,dairy,2026-04-22,2026-04-28
Egg•Land's Best Cage Free Eggs,Harris Teeter,3.99,dairy,2026-04-22,2026-04-28
Eggs•Land's Best Omelets,Harris Teeter,8.0,dairy,2026-04-22,2026-04-28
Pickerfresh Red Onion or Veggie Slaw,Harris Teeter,4.99,dairy,2026-04-22,2026-04-28
Pete & Gerry's Brown Eggs,Harris Teeter,6.99,dairy,2026-04-29,2026-05-05
19.5 oz Heinz Blend or Veggies or 32 oz. Heinz Ketchup,Harris Teeter,2.99,dairy,2026-05-06,2026-05-12
Pete & Gerry's Organic Large Brown Eggs,Harris Teeter,4.99,dairy,2026-05-06,2026-05-12
Harris Teeter Grade A Large Eggs,Harris Teeter,0.99,dairy,2026-05-13,2026-05-19
Beggin' Strips Dog Treats,Harris Teeter,7.0,dairy,2026-05-13,2026-05-19
"Harris Teeter Sausage, Egg, Swiss on Croissant",Harris Teeter,6.49,dairy,2026-05-20,2026-06-16
"Harris Teeter Ham, Egg, Cheddar on Everything Bagel",Harris Teeter,6.49,dairy,2026-05-20,2026-06-16
Pete & Gerry's Pasture Raised Large Eggs,Harris Teeter,4.99,dairy,2026-05-20,2026-05-26
T. Marzetti Veggie Dips,Harris Teeter,7.0,dairy,2026-05-20,2026-05-26
Egg Land's Best Extra Large Eggs,Harris Teeter,5.0,dairy,2026-05-20,2026-05-26
Green Giant Cut Veggies,Harris Teeter,6.0,dairy,2026-05-20,2026-05-26
32 oz. Heinz Ketchup or 19.5 oz Blend of Veggies Ketchup,Harris Teeter,3.99,dairy,2026-05-20,2026-05-26
Pete & Gerry's Organic Extra Large Eggs,Harris Teeter,5.99,dairy,2026-05-27,2026-06-02
Harris Teeter Cage Free Large Brown Eggs,Harris Teeter,6.0,dairy,2026-05-27,2026-06-02
Green Giant Veggie Tots or Veggie Fries,Harris Teeter,8.0,dairy,2026-05-27,2026-06-02
Vital Farms Pasture Raised Large Eggs,Harris Teeter,6.99,dairy,2026-05-27,2026-06-02
Pickerfresh Veggies,Harris Teeter,4.99,dairy,2026-06-03,2026-06-09
Eggo Waffles or Pancakes,Harris Teeter,6.0,dairy,2026-06-03,2026-06-09
Egg-Land's Best Cage Free Large Eggs,Harris Teeter,7.0,dairy,2026-06-03,2026-06-09
Pete & Gerry's Organic Pasture Raised Large Eggs,Harris Teeter,6.99,dairy,2026-06-03,2026-06-09
Nest Fresh Non-GMO Free Range Eggs,Harris Teeter,4.49,dairy,2026-06-03,2026-06-09
Harris Teeter Cage Free Brown Eggs,Harris Teeter,6.0,dairy,2026-06-10,2026-06-16
Vital Farms Organic Pasture Raised Eggs,Harris Teeter,8.99,dairy,2026-06-10,2026-06-16
Dr. Praeger's Veggie Burgers,Harris Teeter,4.49,dairy,2026-06-17,2026-07-14
Pagoda Egg Rolls or Bibigo Mandu or Wontons,Harris Teeter,6.99,dairy,2026-06-17,2026-06-23
Farmers Market Veggie Kabobs,Harris Teeter,6.99,dairy,2026-06-17,2026-06-23
Nellie's Extra Large Free Range Eggs,Harris Teeter,4.99,dairy,2026-06-17,2026-06-23
Simple Truth Protein Egg Bites,Harris Teeter,6.99,dairy,2026-07-01,2026-07-07
Pete & Gerry's Organic Large Eggs,Harris Teeter,6.99,dairy,2026-07-01,2026-07-07
Purina Beggin' Strips,Harris Teeter,7.0,dairy,2026-07-01,2026-07-07
64 oz. Simple Truth Organic Milk or 12 ct. Harris Teeter Free Range Eggs,Harris Teeter,3.99,dairy,2026-07-22,2026-07-28
Egg-Land's Best Extra Large Eggs,Harris Teeter,5.0,dairy,2026-07-22,2026-07-28
Pete & Gerry's Organic Large Brown Eggs,Harris Teeter,4.99,dairy,2026-07-22,2026-07-28
Vital Farms Organic Pasture Raised Eggs,Harris Teeter,8.99,dairy,2026-09-02,2026-09-08
Beggin' Strips Dog Treats,Harris Teeter,11.39,dairy,2026-09-02,2026-09-08
Fage Sour Cream,Harris Teeter,4.0,dairy,2026-04-29,2026-05-05
Fage Sour Cream,Harris Teeter,4.0,dairy,2026-06-03,2026-06-09
Fage Sour Cream,Harris Teeter,4.0,dairy,2026-06-17,2026-06-23
Fage Sour Cream,Harris Teeter,4.0,dairy,2026-07-22,2026-07-28
Fage Sour Cream,Harris Teeter,4.0,dairy,2026-09-02,2026-09-08
Finley's Peanut Butter & Pumpkin Biscuits,Harris Teeter,10.0,dairy,2026-06-03,2026-06-09
Organic Girl Big Butter Lettuce,Harris Teeter,2.99,dairy,2026-04-22,2026-05-19
"Hampton Farms Almond Butter, Honey Roasted or Organic Peanut Butter",Harris Teeter,6.49,dairy,2026-08-12,2026-09-08
Hampton Farms Natural Peanut Butter,Harris Teeter,4.49,dairy,2026-08-12,2026-09-08
Harris Teeter Cheese Curds,Harris Teeter,9.0,dairy,2026-05-13,2026-05-19
Harris Teeter Cheese Curls,Harris Teeter,5.0,dairy,2026-04-22,2026-04-28
Harris Teeter Cream Cheese,Harris Teeter,5.0,dairy,2026-05-27,2026-06-02
Harris Teeter Cream Cheese,Harris Teeter,4.0,dairy,2026-06-10,2026-06-16
Harris Teeter No Stir Creamy Almond Butter,Harris Teeter,7.49,dairy,2026-04-22,2026-05-19
Harris Teeter Peanut Butter,Harris Teeter,3.99,dairy,2026-06-10,2026-06-16
Harris Teeter Sour Cream,Harris Teeter,1.49,dairy,2026-05-13,2026-05-19
Harris Teeter Spreadable Butter,Harris Teeter,7.0,dairy,2026-05-06,2026-05-12
Harris Teeter Whipped Cream Cheese,Harris Teeter,5.0,dairy,2026-06-17,2026-06-23
Horizon Organic Milk,Harris Teeter,5.49,dairy,2026-06-17,2026-06-23
HT Traders Butter,Harris Teeter,3.99,dairy,2026-09-02,2026-09-08
HT Traders Coconut Milk,Harris Teeter,4.0,dairy,2026-05-13,2026-05-19
HT Traders Coconut Milk,Harris Teeter,4.0,dairy,2026-07-22,2026-07-28
HT Traders Peanut Butter Filled Pretzels,Harris Teeter,5.99,dairy,2026-05-13,2026-05-19
HT Traders Peanut Butter Filled Pretzels,Harris Teeter,5.99,dairy,2026-06-03,2026-06-09
HT Traders Peanut Butter Filled Pretzels,Harris Teeter,5.99,dairy,2026-06-10,2026-06-16
HT Traders Peanut Butter Filled Pretzels,Harris Teeter,5.99,dairy,2026-07-01,2026-07-07
HT Traders Peanut Butter Filled Pretzels,Harris Teeter,5.99,dairy,2026-07-22,2026-07-28
4 inch Calla Lily in Butterfly Container,Harris Teeter,14.99,dairy,2026-06-10,2026-06-16
Jif Peanut Butter,Harris Teeter,5.0,dairy,2026-06-10,2026-06-16
Justin's Almond Butter,Harris Teeter,10.99,dairy,2026-07-22,2026-07-28
Justin's Peanut Butter,Harris Teeter,3.99,dairy,2026-05-13,2026-05-19
Kerrygold Pure Irish Butter,Harris Teeter,3.47,dairy,2026-07-01,2026-07-07
Kerrygold Pure Irish Butter Foils or Sticks,Harris Teeter,3.47,dairy,2026-06-10,2026-06-16
Kerrygold Stick Butter,Harris Teeter,3.47,dairy,2026-05-06,2026-05-12
Kraft Cheese Singles,Harris Teeter,6.0,dairy,2026-06-03,2026-06-09
Kraft Power Mac & Cheese or Gluten Free,Harris Teeter,5.0,dairy,2026-07-01,2026-07-07
Lifeway Kefir,Harris Teeter,7.0,dairy,2026-06-10,2026-06-16
Lifeway Kefir,Harris Teeter,7.0,dairy,2026-07-22,2026-07-28
Locatelli Grated Pecorino Romano Cheese,Harris Teeter,10.99,dairy,2026-05-27,2026-06-02
Lactaid Milk,Harris Teeter,7.0,dairy,2026-04-22,2026-04-28
Malk Almond Milk,Harris Teeter,5.99,dairy,2026-04-29,2026-05-05
Horizon Organic Milk or DHA Omega-3 Milk,Harris Teeter,5.49,dairy,2026-05-06,2026-05-12
48 oz. Califia Farms Organic Almond Milk or 25.4 oz. Creamers,Harris Teeter,4.99,dairy,2026-05-13,2026-05-19
64.oz. Lactaid Milk or 32 oz. Coffee Creamer,Harris Teeter,3.99,dairy,2026-05-13,2026-05-19
Oatly! Oatmilk Barista Original,Harris Teeter,3.99,dairy,2026-05-27,2026-06-02
Lactaid Ice Cream,Harris Teeter,8.0,dairy,2026-05-27,2026-06-02
Silk Almond Milk,Harris Teeter,6.0,dairy,2026-05-27,2026-06-02
Lactaid Milk,Harris Teeter,7.0,dairy,2026-06-10,2026-06-16
Pillsbury Grands! Buttermilk Biscuits,Harris Teeter,5.99,dairy,2026-06-10,2026-06-16
Horizon Organic Milk & DHA,Harris Teeter,5.49,dairy,2026-06-10,2026-06-16
Organic Valley Whole Milk,Harris Teeter,4.99,dairy,2026-06-17,2026-06-23
Harris Teeter Flaky Jumbo Buttermilk Biscuits,Harris Teeter,2.29,dairy,2026-06-17,2026-06-23
Lactaid Milk,Harris Teeter,7.0,dairy,2026-07-01,2026-07-07
Oatly Oatmilk Beverage,Harris Teeter,3.99,dairy,2026-07-15,2026-08-11
52 oz. Planet Oat Oatmilk or 24 - 32 oz. Coffee Creamer,Harris Teeter,6.0,dairy,2026-07-22,2026-07-28
52 oz. Planet Oat Oatmilk or 32 oz. Coffee Creamer,Harris Teeter,6.0,dairy,2026-09-02,2026-09-08
Milkadamia Nut Milk,Harris Teeter,4.49,dairy,2026-07-15,2026-08-11
"Nabisco Oreo, Chips Ahoy! or Nutter Butter",Harris Teeter,8.0,dairy,2026-07-22,2026-07-28
"Nabisco Family Size Oreo, Chips Ahoy! or Nutter Butter",Harris Teeter,8.0,dairy,2026-05-20,2026-05-26
Nature's Own Butter Bread,Harris Teeter,2.99,dairy,2026-06-17,2026-06-23
Oatly! Oatmilk,Harris Teeter,8.49,dairy,2026-05-06,2026-05-12
Oatly! Oatmilk,Harris Teeter,4.99,dairy,2026-05-06,2026-05-12
Octonuts Nut Butter,Harris Teeter,9.99,dairy,2026-05-20,2026-06-16
Old Bay Garlic Butter,Harris Teeter,4.99,dairy,2026-06-10,2026-06-16
organicgirl Big Butter Lettuce,Harris Teeter,2.99,dairy,2026-04-22,2026-04-28
Peter Pan Peanut Butter,Harris Teeter,8.0,dairy,2026-04-22,2026-04-28
Peter Pan Peanut Butter,Harris Teeter,8.0,dairy,2026-05-20,2026-05-26
Philadelphia Brick Cream Cheese,Harris Teeter,6.0,dairy,2026-05-06,2026-05-12
Philadelphia Brick Cream Cheese,Harris Teeter,6.0,dairy,2026-05-20,2026-05-26
Philadelphia Brick Cream Cheese,Harris Teeter,6.0,dairy,2026-09-02,2026-09-08
Philadelphia Cream Cheese,Harris Teeter,6.0,dairy,2026-06-03,2026-06-09
Philadelphia Cream Cheese Spread,Harris Teeter,8.0,dairy,2026-06-03,2026-06-09
Philadelphia Soft Cream Cheese,Harris Teeter,8.0,dairy,2026-05-06,2026-05-12
Philadelphia Soft Cream Cheese,Harris Teeter,8.0,dairy,2026-05-20,2026-05-26
Philadelphia Soft Cream Cheese,Harris Teeter,8.0,dairy,2026-06-17,2026-06-23
Philadelphia Soft Cream Cheese,Harris Teeter,8.0,dairy,2026-07-01,2026-07-07
Philadelphia Soft Cream Cheese,Harris Teeter,8.0,dairy,2026-09-02,2026-09-08
Planet Oat Oatmilk,Harris Teeter,6.0,dairy,2026-04-29,2026-05-05
Planet Oat Oatmilk,Harris Teeter,6.0,dairy,2026-07-01,2026-07-07
Plugra Butter,Harris Teeter,7.0,dairy,2026-06-03,2026-06-09
Private Selection New Zealand Butter,Harris Teeter,7.0,dairy,2026-05-06,2026-05-12
Red Barn Butter,Harris Teeter,3.99,dairy,2026-09-02,2026-09-08
Shamrock Farms Milk,Harris Teeter,5.0,dairy,2026-05-13,2026-05-19
Simple Truth Organic Chocolate Milk,Harris Teeter,9.99,dairy,2026-05-06,2026-05-12
Simple Truth Organic Milk,Harris Teeter,3.99,dairy,2026-04-22,2026-04-28
Simple Truth Organic Milk,Harris Teeter,3.99,dairy,2026-05-27,2026-06-02
Simple Truth Organic Milk,Harris Teeter,4.0,dairy,2026-06-03,2026-06-09
Simple Truth Organic mini Cheese Crackers,Harris Teeter,3.99,dairy,2026-05-27,2026-06-02
16 oz. Simple Truth Organic Peanut Butter or 16.5 oz. Spreads,Harris Teeter,4.49,dairy,2026-05-06,2026-05-12
16 oz. Simple Truth Organic Peanut Butter or 16.5 oz. Spreads,Harris Teeter,4.49,dairy,2026-06-03,2026-06-09
16 oz. Simple Truth Organic Peanut Butter or 16.5 oz. Spreads,Harris Teeter,3.99,dairy,2026-07-01,2026-07-07
Simple Truth Protein Cottage Cheese,Harris Teeter,7.0,dairy,2026-06-10,2026-06-16
Simple Truth Organic Spreadable Butter,Harris Teeter,4.49,dairy,2026-05-13,2026-05-19
"Family Size Nabisco Oreo, Chips Ahoy! or Nutter Butter",Harris Teeter,8.0,dairy,2026-04-29,2026-05-05
Skippy Peanut Butter,Harris Teeter,2.79,dairy,2026-05-20,2026-05-26
Skippy Peanut Butter,Harris Teeter,9.0,dairy,2026-06-10,2026-06-16
Skippy Peanut Butter,Harris Teeter,5.0,dairy,2026-09-02,2026-09-08
Smart Balance Butter Spread,Harris Teeter,6.0,dairy,2026-06-03,2026-06-09
Smart Balance Buttery Spread,Harris Teeter,6.0,dairy,2026-06-10,2026-06-16
Sour Cream or Powdered Bakery Fresh Donut Holes,Harris Teeter,3.99,dairy,2026-05-27,2026-06-02
Taste Republic Gluten Free Four Cheese Tortelloni,Harris Teeter,7.99,dairy,2026-05-20,2026-06-16
Tillamook Cream Cheese,Harris Teeter,6.0,dairy,2026-06-10,2026-06-16
Organic Valley Protein Plus Milk,Harris Teeter,4.99,dairy,2026-06-03,2026-06-09
Too Good Yogurt or 4 ct. Yogurt Pouches,Harris Teeter,8.0,dairy,2026-04-22,2026-04-28
Yoplait Yogurt,Harris Teeter,6.0,dairy,2026-04-22,2026-04-28
Cabot Greek Yogurt,Harris Teeter,4.99,dairy,2026-04-22,2026-04-28
"Chobani Flip, Zero Sugar or 20g Protein Greek Yogurt",Harris Teeter,0.97,dairy,2026-04-22,2026-04-28
Siggi's Skyr Yogurt,Harris Teeter,10.0,dairy,2026-04-29,2026-05-05
"Chobani Less Sugar, Creations or Greek Yogurt",Harris Teeter,10.0,dairy,2026-04-29,2026-05-05
Fage Greek Yogurt,Harris Teeter,5.0,dairy,2026-04-29,2026-05-05
6 pk Danimals or 4 pk. Activia Yogurt or Yocrunch,Harris Teeter,6.0,dairy,2026-04-29,2026-05-05
Yoplait Yogurt,Harris Teeter,5.0,dairy,2026-05-06,2026-05-12
Farmers Market Yogurt Parfaits,Harris Teeter,7.0,dairy,2026-05-06,2026-05-12
Dannon Yogurt,Harris Teeter,3.69,dairy,2026-05-06,2026-05-12
Dannon Light + Fit or Danimals Yogurt,Harris Teeter,3.99,dairy,2026-05-06,2026-05-12
Siggi's Skyr Yogurt Cups or Pouches,Harris Teeter,10.0,dairy,2026-05-06,2026-05-12
Fage Greek Yogurt,Harris Teeter,7.0,dairy,2026-05-06,2026-05-12
Oui by Yoplait French Style Yogurt,Harris Teeter,4.0,dairy,2026-05-06,2026-05-12
Yoplait Yogurt,Harris Teeter,6.0,dairy,2026-05-06,2026-05-12
Chobani 20g Protein Yogurt,Harris Teeter,10.0,dairy,2026-05-13,2026-05-19
Chobani Greek Yogurt,Harris Teeter,8.0,dairy,2026-05-13,2026-05-19
Too Good Yogurt,Harris Teeter,10.0,dairy,2026-05-13,2026-05-19
Fage Greek Yogurt,Harris Teeter,5.0,dairy,2026-05-13,2026-05-19
YoCrunch or Activia Yogurt,Harris Teeter,6.0,dairy,2026-05-13,2026-05-19
Ratio Protein Yogurt,Harris Teeter,3.0,dairy,2026-05-13,2026-05-19
Greek Yogurt Bar,Harris Teeter,4.99,dairy,2026-05-20,2026-06-16
Fage Greek Yogurt,Harris Teeter,5.0,dairy,2026-05-20,2026-05-26
Yasso Frozen Greek Yogurt Bars,Harris Teeter,4.99,dairy,2026-05-20,2026-05-26
Harris Teeter Greek Yogurt,Harris Teeter,7.0,dairy,2026-05-27,2026-06-02
Fage Greek Yogurt,Harris Teeter,6.49,dairy,2026-05-27,2026-06-02
Oikos Triple Zero Greek Yogurt,Harris Teeter,10.0,dairy,2026-05-27,2026-06-02
"Chobani Less Sugar, Creations or Greek Yogurt",Harris Teeter,10.0,dairy,2026-05-27,2026-06-02
Icelandic Provisions Skyr Yogurt,Harris Teeter,5.0,dairy,2026-05-27,2026-06-02
28 oz. Harris Teeter Peanut Butter or 5 ct. Simple Truth Protein Greek Yogurt Granola Bars,Harris Teeter,3.49,dairy,2026-05-27,2026-06-02
Alden's Organic Greek Yogurt Bars,Harris Teeter,4.99,dairy,2026-06-03,2026-06-09
Yoplait Yogurt,Harris Teeter,6.0,dairy,2026-06-03,2026-06-09
"Chobani Flip, Zero Sugar or High Protein Greek Yogurt",Harris Teeter,0.97,dairy,2026-06-03,2026-06-09
Fage Greek Yogurt,Harris Teeter,5.0,dairy,2026-06-03,2026-06-09
Fage Total Greek Yogurt,Harris Teeter,7.0,dairy,2026-06-03,2026-06-09
Chobani 20G Protein Multiserve Greek Yogurt,Harris Teeter,10.0,dairy,2026-06-10,2026-06-16
Stonyfield Organic Yogurt,Harris Teeter,10.0,dairy,2026-06-10,2026-06-16
Oikos Triple Zero Greek Yogurt,Harris Teeter,10.0,dairy,2026-06-10,2026-06-16
Chobani Multiserve Greek Yogurt,Harris Teeter,10.0,dairy,2026-06-10,2026-06-16
Yoplait Multiserve Yogurt,Harris Teeter,5.0,dairy,2026-06-10,2026-06-16
"Chobani Less Sugar, Creations or Greek Yogurt",Harris Teeter,10.0,dairy,2026-06-10,2026-06-16
Yoplait Yogurt,Harris Teeter,6.0,dairy,2026-06-17,2026-06-23
Fage Greek Yogurt,Harris Teeter,5.0,dairy,2026-06-17,2026-06-23
Fage Greek Yogurt,Harris Teeter,6.49,dairy,2026-06-17,2026-06-23
"Chobani High Protein, Zero Sugar or Flip Yogurt",Harris Teeter,0.97,dairy,2026-06-17,2026-06-23
Yoplait Yogurt,Harris Teeter,5.0,dairy,2026-06-17,2026-06-23
Stonyfield Organic Yogurt Pouches,Harris Teeter,5.79,dairy,2026-06-17,2026-06-23
Yoplait Yogurt,Harris Teeter,5.0,dairy,2026-07-01,2026-07-07
Yoplait Yogurt,Harris Teeter,6.0,dairy,2026-07-01,2026-07-07
Chobani 20g Protein Greek Yogurt,Harris Teeter,10.0,dairy,2026-07-01,2026-07-07
Too Good Yogurt,Harris Teeter,0.97,dairy,2026-07-01,2026-07-07
Fage Greek Yogurt,Harris Teeter,4.0,dairy,2026-07-01,2026-07-07
Oikos Triple Zero or Dannon Light + Fit Greek Yogurt,Harris Teeter,3.99,dairy,2026-07-01,2026-07-07
Greek Yogurt Bars,Harris Teeter,4.99,dairy,2026-07-15,2026-08-11
Chobani Greek Yogurt,Harris Teeter,8.0,dairy,2026-07-22,2026-07-28
Siggi's Yogurt Cups,Harris Teeter,10.0,dairy,2026-07-22,2026-07-28
Yasso Greek Yogurt Bars,Harris Teeter,4.99,dairy,2026-07-22,2026-07-28
"Chobani Flip, Zero Sugar or High Protein Greek Yogurt",Harris Teeter,10.0,dairy,2026-09-02,2026-09-08
18.6 oz. Stonyfield Organic Kids Yogurt or 32 oz Organic Probiotic Yogurt,Harris Teeter,10.0,dairy,2026-09-02,2026-09-08
BelGioioso Mascarpone Cup,Lowes Foods,8.49,dairy,2026-04-22,2026-04-28
Bread & Butter or Sea Sun,Lowes Foods,10.39,dairy,2026-06-10,2026-06-16
Breakstone's Butter,Lowes Foods,5.0,dairy,2026-05-13,2026-05-19
Breakstone's Butter,Lowes Foods,5.0,dairy,2026-06-10,2026-06-16
Breakstone's Cottage Cheese,Lowes Foods,6.0,dairy,2026-04-29,2026-05-05
Breakstone's Cottage Cheese,Lowes Foods,6.0,dairy,2026-05-20,2026-05-26
Breakstone's Cottage Cheese,Lowes Foods,6.0,dairy,2026-07-01,2026-07-07
Breakstone's Cottage Cheese,Lowes Foods,6.0,dairy,2026-09-02,2026-09-08
Breakstone's Sour Cream,Lowes Foods,3.0,dairy,2026-04-29,2026-05-05
Cabot Cheese Bar or Cracker Cuts,Lowes Foods,6.0,dairy,2026-05-13,2026-05-19
Challenge Butter,Lowes Foods,4.49,dairy,2026-05-20,2026-05-26
Natural Swiss Cheese,Lowes Foods,13.99,dairy,2026-04-29,2026-05-05
Borden String Cheese,Lowes Foods,3.99,dairy,2026-05-06,2026-05-12
Earth's Best Cheddar Puffs,Lowes Foods,7.0,dairy,2026-05-06,2026-05-12
Galbani Ricotta 15 oz Galbani String Cheese 12 oz,Lowes Foods,3.49,dairy,2026-05-06,2026-05-12
Lowes Foods Parmesan Cheese,Lowes Foods,5.0,dairy,2026-05-06,2026-05-12
American Cheese,Lowes Foods,10.99,dairy,2026-05-13,2026-05-19
Belgioioso Mozzarella Log,Lowes Foods,11.49,dairy,2026-05-20,2026-05-26
Lowes Foods Sliced Cheese,Lowes Foods,5.0,dairy,2026-05-27,2026-06-02
Boar's Head American Cheese Yellow or White,Lowes Foods,10.99,dairy,2026-06-10,2026-06-16
Lowes Foods Sliced Cheese,Lowes Foods,4.0,dairy,2026-06-10,2026-06-16
Lowes Foods Shredded Cheese,Lowes Foods,7.0,dairy,2026-06-17,2026-06-23
Lowes Foods Sliced Cheese,Lowes Foods,5.0,dairy,2026-07-01,2026-07-07
Lowes Foods Sliced Cheese,Lowes Foods,5.0,dairy,2026-07-22,2026-07-28
Sargento Shredded or Sliced Cheese,Lowes Foods,5.0,dairy,2026-07-22,2026-07-28
Lowes Foods Fresh Mozzarella Ball,Lowes Foods,3.99,dairy,2026-07-22,2026-07-28
Natural Swiss Cheese,Lowes Foods,13.99,dairy,2026-07-22,2026-07-28
American Cheese,Lowes Foods,9.99,dairy,2026-09-02,2026-09-08
Lowes Foods Sliced Cheese,Lowes Foods,5.0,dairy,2026-09-02,2026-09-08
Cool Whip Topping,Lowes Foods,4.0,dairy,2026-04-22,2026-04-28
Cool Whip Topping,Lowes Foods,4.0,dairy,2026-05-20,2026-05-26
Cool Whip Whipped Topping,Lowes Foods,4.0,dairy,2026-07-01,2026-07-07
Cool Whip Whipped Topping,Lowes Foods,4.0,dairy,2026-09-02,2026-09-08
Dairy Pure Lactose Free Milk,Lowes Foods,3.49,dairy,2026-05-13,2026-05-19
Daisy Cottage Cheese,Lowes Foods,4.49,dairy,2026-06-10,2026-06-16
Daisy Cottage Cheese Fruit Singles,Lowes Foods,5.0,dairy,2026-04-29,2026-05-05
Daisy Sour Cream,Lowes Foods,2.99,dairy,2026-04-29,2026-05-05
Daisy Sour Cream,Lowes Foods,5.0,dairy,2026-05-13,2026-05-19
Daisy Sour Cream Dip,Lowes Foods,6.0,dairy,2026-05-13,2026-05-19
Delallo Balsamic Cheese Glaze,Lowes Foods,6.49,dairy,2026-07-22,2026-07-28
Egg and Onion Brat Buns,Lowes Foods,3.49,dairy,2026-04-22,2026-04-28
Eggland's Best Omelets,Lowes Foods,3.99,dairy,2026-04-22,2026-04-28
Pete & Gerry's Large Organic Brown Eggs,Lowes Foods,5.99,dairy,2026-04-22,2026-04-28
Eggland's Best Extra Large Eggs,Lowes Foods,7.0,dairy,2026-04-22,2026-04-28
Lowes Foods Veggie Straws,Lowes Foods,1.99,dairy,2026-04-22,2026-04-28
Manchester Farms Quail Eggs,Lowes Foods,3.79,dairy,2026-04-29,2026-05-05
Eggo Frozen Waffles,Lowes Foods,4.0,dairy,2026-04-29,2026-05-05
Pete & Gerry's Organic Pasture Raised Eggs,Lowes Foods,6.99,dairy,2026-04-29,2026-05-05
Pete & Gerry's Pasture Eggs,Lowes Foods,5.99,dairy,2026-05-06,2026-05-12
"Kellogg's Eggo Waffles, Pancakes or French Toaster Sticks",Lowes Foods,6.0,dairy,2026-05-06,2026-05-12
Eggland's Best Cage Free Brown Eggs,Lowes Foods,3.99,dairy,2026-05-06,2026-05-12
Nellie's Free Range Brown Eggs,Lowes Foods,4.99,dairy,2026-05-13,2026-05-19
Lowes Foods Large White Eggs,Lowes Foods,0.88,dairy,2026-05-20,2026-05-26
Eggland's Best Organic Brown Eggs,Lowes Foods,4.99,dairy,2026-05-20,2026-05-26
Purina Beggin' Strips Dog Treats,Lowes Foods,7.0,dairy,2026-05-20,2026-05-26
"Kellogg's Eggo Waffles, Pancakes or French Toaster Sticks",Lowes Foods,3.0,dairy,2026-05-27,2026-06-02
Eggland's Best Grade A Large Eggs,Lowes Foods,3.49,dairy,2026-05-27,2026-06-02
Beggin' Strips,Lowes Foods,3.49,dairy,2026-05-27,2026-06-02
Lowes Foods Liquid Egg Whites,Lowes Foods,4.79,dairy,2026-05-27,2026-06-02
Swaggerty's Sausage Egg & Cheese Muffin,Lowes Foods,7.49,dairy,2026-05-27,2026-06-02
Pete & Gerry's Large Organic Brown Eggs,Lowes Foods,4.99,dairy,2026-06-03,2026-06-09
Vital Farms Pasture Raised Eggs,Lowes Foods,7.49,dairy,2026-06-03,2026-06-09
Egg Land's Best Large White Eggs,Lowes Foods,6.99,dairy,2026-06-10,2026-06-16
Pete & Gerry's Pasture Raised Eggs,Lowes Foods,5.99,dairy,2026-06-10,2026-06-16
Pagoda Egg Rolls,Lowes Foods,4.99,dairy,2026-06-17,2026-06-23
Pete & Gerry's Organic Pasture Raised Eggs,Lowes Foods,6.99,dairy,2026-06-17,2026-06-23
Eggland's Best Cage Free Large Brown Eggs,Lowes Foods,5.99,dairy,2026-07-01,2026-07-07
"HAMBURGER BUNS 8 CT OR 6 CT EGG N ONION, BRAT BUNS",Lowes Foods,3.0,dairy,2026-07-01,2026-07-07
Fresh Baked Hamburger Buns 8 ct Egg 'n Onion Brat Buns 6 ct,Lowes Foods,3.0,dairy,2026-07-22,2026-07-28
Nellie's Free Range Extra Large or Omega 3 Brown Large Eggs,Lowes Foods,4.99,dairy,2026-07-22,2026-07-28
Purina Beggin' Strips Dog Treats,Lowes Foods,7.0,dairy,2026-07-22,2026-07-28
"Star's Chicken, Egg or Ham Salad",Lowes Foods,6.0,dairy,2026-09-02,2026-09-08
EGGLAND'S BEST GRADE A LARGE EGGS,Lowes Foods,2.99,dairy,2026-09-02,2026-09-08
Nellie's Free Range Eggs,Lowes Foods,4.99,dairy,2026-09-02,2026-09-08
Kellogg's Eggo Waffles,Lowes Foods,6.0,dairy,2026-09-02,2026-09-08
HAM & CHEESE KAISER SAMMICH,Lowes Foods,5.0,dairy,2026-04-29,2026-05-05
HAM & CHEESE KAISER SAMMICH,Lowes Foods,5.0,dairy,2026-06-10,2026-06-16
Horizon Organic Milk,Lowes Foods,5.49,dairy,2026-05-06,2026-05-12
Horizon Organic Milk,Lowes Foods,5.49,dairy,2026-06-03,2026-06-09
Jif Peanut Butter,Lowes Foods,5.0,dairy,2026-05-06,2026-05-12
Kingston Creamery Premium Blue Cheese Crumble Cups,Lowes Foods,6.99,dairy,2026-05-20,2026-05-26
Kraft Deluxe Mac & Cheese Gluten Free,Lowes Foods,6.0,dairy,2026-09-02,2026-09-08
Kraft Mac & Cheese Cups,Lowes Foods,4.96,dairy,2026-05-27,2026-06-02
Kraft Mac & Cheese Restaurant Edition,Lowes Foods,5.0,dairy,2026-07-01,2026-07-07
Kraft Mac & Cheese Shapes,Lowes Foods,5.0,dairy,2026-05-06,2026-05-12
The Laughing Cow Spreadable Cheese Wedges,Lowes Foods,5.99,dairy,2026-06-17,2026-06-23
Lifeway Kefir,Lowes Foods,7.0,dairy,2026-06-03,2026-06-09
Lowes Foods Butter,Lowes Foods,3.29,dairy,2026-07-01,2026-07-07
Lowes Foods Butter,Lowes Foods,3.29,dairy,2026-07-22,2026-07-28
Lowes Foods Canola Oil or Butter Cooking Spray,Lowes Foods,2.79,dairy,2026-04-29,2026-05-05
Lowes Foods Canola or Butter Flavored Cooking Spray,Lowes Foods,2.79,dairy,2026-09-02,2026-09-08
Lowes Foods Canola or Butter Flavored Spray Oils,Lowes Foods,2.79,dairy,2026-04-22,2026-04-28
Lowes Foods Cheese Cubes,Lowes Foods,5.0,dairy,2026-05-27,2026-06-02
Lowes Foods Cheese Cubes,Lowes Foods,5.0,dairy,2026-07-01,2026-07-07
Lowes Foods Cheese Cubes,Lowes Foods,5.0,dairy,2026-07-22,2026-07-28
Lowes Foods Cheese Party Tray,Lowes Foods,4.49,dairy,2026-04-22,2026-04-28
Lowes Foods Cheese Party Tray,Lowes Foods,4.99,dairy,2026-05-20,2026-05-26
Lowes Foods Cheese Party Tray,Lowes Foods,5.49,dairy,2026-07-01,2026-07-07
Lowes Foods Cheese Straws,Lowes Foods,2.99,dairy,2026-04-22,2026-04-28
Lowes Foods Cheese Straws,Lowes Foods,2.99,dairy,2026-05-06,2026-05-12
Lowes Foods Cheese Straws,Lowes Foods,2.99,dairy,2026-05-20,2026-05-26
Lowes Foods Cheese Straws,Lowes Foods,2.99,dairy,2026-06-03,2026-06-09
Lowes Foods Cheese Straws,Lowes Foods,7.0,dairy,2026-06-17,2026-06-23
Lowes Foods Cheese Straws,Lowes Foods,2.99,dairy,2026-07-01,2026-07-07
Lowes Foods Cream Cheese,Lowes Foods,3.0,dairy,2026-04-22,2026-04-28
Lowes Foods Cream Cheese,Lowes Foods,4.0,dairy,2026-06-03,2026-06-09
Lowes Foods Cream Cheese,Lowes Foods,7.0,dairy,2026-06-17,2026-06-23
Lowes Foods Cream Cheese,Lowes Foods,4.0,dairy,2026-09-02,2026-09-08
Lowes Foods Creamy Peanut Butter,Lowes Foods,4.49,dairy,2026-04-29,2026-05-05
Lowes Foods Creamy Peanut Butter,Lowes Foods,4.49,dairy,2026-05-06,2026-05-12
Lowes Foods Creamy Peanut Butter,Lowes Foods,4.29,dairy,2026-05-13,2026-05-19
Lowes Foods Creamy Peanut Butter,Lowes Foods,4.29,dairy,2026-05-20,2026-05-26
Lowes Foods Creamy Peanut Butter,Lowes Foods,4.49,dairy,2026-06-10,2026-06-16
Lowes Foods Creamy Peanut Butter,Lowes Foods,4.49,dairy,2026-06-17,2026-06-23
Lowes Foods Creamy Peanut Butter,Lowes Foods,7.0,dairy,2026-06-17,2026-06-23
Lowes Foods Creamy Peanut Butter,Lowes Foods,4.29,dairy,2026-07-01,2026-07-07
Lowes Foods Creamy Peanut Butter,Lowes Foods,4.49,dairy,2026-07-22,2026-07-28
Lowes Foods Creamy Peanut Butter,Lowes Foods,4.49,dairy,2026-09-02,2026-09-08
Lowes Foods Peanut Butter,Lowes Foods,2.49,dairy,2026-05-27,2026-06-02
Lowes Foods Peanut Butter,Lowes Foods,2.49,dairy,2026-06-03,2026-06-09
Whole Milk Low Moisture Mozzarella Cheese,Lowes Foods,11.99,dairy,2026-05-06,2026-05-12
Silk Almond Milk,Lowes Foods,6.0,dairy,2026-05-13,2026-05-19
Milk Bone Soft and Chewy,Lowes Foods,14.99,dairy,2026-05-13,2026-05-19
Hershey's Milk Chocolate Bars,Lowes Foods,7.99,dairy,2026-05-20,2026-05-26
Silk Protein Almond Milk,Lowes Foods,3.99,dairy,2026-06-03,2026-06-09
Whole Milk Low Moisture Mozzarella Cheese,Lowes Foods,11.99,dairy,2026-06-03,2026-06-09
Califia Farms Oatmilk or Almond Milk,Lowes Foods,7.0,dairy,2026-06-03,2026-06-09
Silk Almond Milk,Lowes Foods,7.0,dairy,2026-06-03,2026-06-09
Silk Almondmilk or So Delicious Coconutmilk,Lowes Foods,5.0,dairy,2026-07-01,2026-07-07
Whole Milk Low Moisture Mozzarella Cheese,Lowes Foods,11.99,dairy,2026-07-01,2026-07-07
Mrs. Butterworth's Syrup,Lowes Foods,3.49,dairy,2026-05-06,2026-05-12
Peter Pan Peanut Butter,Lowes Foods,5.0,dairy,2026-06-03,2026-06-09
Peter Pan Peanut Butter,Lowes Foods,4.0,dairy,2026-09-02,2026-09-08
Philadelphia Cream Cheese,Lowes Foods,3.99,dairy,2026-05-13,2026-05-19
Philadelphia Cream Cheese,Lowes Foods,6.0,dairy,2026-05-20,2026-05-26
Philadelphia Cream Cheese,Lowes Foods,6.0,dairy,2026-07-01,2026-07-07
Plugra Butter,Lowes Foods,7.0,dairy,2026-06-10,2026-06-16
Sargento Cheese Snacks or Sticks,Lowes Foods,2.99,dairy,2026-05-06,2026-05-12
Silk Dairy Free Heavy Whipping Cream,Lowes Foods,8.0,dairy,2026-06-03,2026-06-09
Silk Soy or Coconut Milk,Lowes Foods,7.0,dairy,2026-06-03,2026-06-09
Skippy Peanut Butter,Lowes Foods,5.99,dairy,2026-04-29,2026-05-05
Skippy Peanut Butter,Lowes Foods,6.0,dairy,2026-07-22,2026-07-28
Tillamook Cream Cheese,Lowes Foods,6.0,dairy,2026-05-20,2026-05-26
Dannon Light + Fit or YoCrunch Yogurt or Danimals Smoothies,Lowes Foods,7.0,dairy,2026-04-22,2026-04-28
Oikos Triple Zero or Too Good Yogurt,Lowes Foods,8.0,dairy,2026-04-22,2026-04-28
Chobani Greek Yogurt,Lowes Foods,10.0,dairy,2026-04-22,2026-04-28
Earth's Best Organic Fruit Yogurt,Lowes Foods,3.0,dairy,2026-04-22,2026-04-28
Siggi's Yogurt,Lowes Foods,5.49,dairy,2026-04-29,2026-05-05
Chobani Greek Yogurt,Lowes Foods,10.0,dairy,2026-05-06,2026-05-12
Kemp's Frozen Ice Cream or Yogurt,Lowes Foods,7.0,dairy,2026-05-13,2026-05-19
Yasso Frozen Greek Yogurt Bars,Lowes Foods,8.0,dairy,2026-05-20,2026-05-26
Chobani Yogurt,Lowes Foods,8.0,dairy,2026-05-20,2026-05-26
Chobani Greek Yogurt,Lowes Foods,10.0,dairy,2026-05-27,2026-06-02
GoGo Squeez Yogurtz Pouches,Lowes Foods,7.99,dairy,2026-05-27,2026-06-02
Chobani Flips or Zero Sugar Yogurt,Lowes Foods,10.0,dairy,2026-06-03,2026-06-09
"Dannon Light & Fit, Oikos Triple Zero or Too Good Yogurt",Lowes Foods,7.0,dairy,2026-06-03,2026-06-09
Earth's Best Yogurt Smoothie,Lowes Foods,3.0,dairy,2026-06-03,2026-06-09
Dannon Light & Fit Yogurt,Lowes Foods,6.0,dairy,2026-06-03,2026-06-09
YoCrunch or Activia Yogurt,Lowes Foods,6.0,dairy,2026-06-03,2026-06-09
Silk / So Delicious Yogurt,Lowes Foods,3.0,dairy,2026-06-03,2026-06-09
"Too Good Greek Yogurt, Dannon Remix Yogurt or Light & Fit Yogurt",Lowes Foods,10.0,dairy,2026-06-03,2026-06-09
Chobani Greek Yogurt,Lowes Foods,8.0,dairy,2026-06-10,2026-06-16
Fage Total Greek Yogurt,Lowes Foods,5.0,dairy,2026-06-17,2026-06-23
Yoplait GoGurt Yogurt,Lowes Foods,9.0,dairy,2026-06-17,2026-06-23
Siggi's Yogurt,Lowes Foods,5.0,dairy,2026-06-17,2026-06-23
Chobani Greek Yogurt,Lowes Foods,10.0,dairy,2026-06-17,2026-06-23
"Too Good, Light + Fit, or Remix Yogurts",Lowes Foods,5.0,dairy,2026-07-01,2026-07-07
Too Good Yogurt,Lowes Foods,8.0,dairy,2026-07-01,2026-07-07
YoCrunch or Activia Yogurt or Danimals Smoothie,Lowes Foods,6.0,dairy,2026-07-01,2026-07-07
Oikos Triple Zero Yogurt,Lowes Foods,9.0,dairy,2026-07-01,2026-07-07
Fage Total Greek Yogurt,Lowes Foods,5.0,dairy,2026-07-01,2026-07-07
"Chobani Flip, Zero Sugar or Greek Yogurt",Lowes Foods,8.0,dairy,2026-07-22,2026-07-28
Fage Total Greek Yogurt,Lowes Foods,5.0,dairy,2026-07-22,2026-07-28
"CHOBANI FLIP, PROTEIN OR ZERO SUGAR YOGURT",Lowes Foods,10.0,dairy,2026-09-02,2026-09-08
Fage Total Greek Yogurt,Lowes Foods,5.0,dairy,2026-09-02,2026-09-08
A2 Milk,Publix,9.0,dairy,2026-04-22,2026-04-28
A2 Milk,Publix,9.0,dairy,2026-05-20,2026-05-26
Almond Breeze Almondmilk,Publix,4.99,dairy,2026-07-15,2026-07-28
Better Butter,Publix,6.0,dairy,2026-08-26,2026-09-08
Blue Diamond Almonds Breeze Almond Almondmilk,Publix,5.0,dairy,2026-06-03,2026-06-10
Boar's Head® Chipotle Gouda Cheese,Publix,11.99,dairy,2026-04-29,2026-05-05
Borden Cheese Singles,Publix,2.5,dairy,2026-05-20,2026-05-26
Publix Shredded Cheese,Publix,9.59,dairy,2026-04-22,2026-04-28
Boar's Head Domestic Provolone Cheese,Publix,10.99,dairy,2026-04-22,2026-04-28
Publix Shredded Cheese†,Publix,2.69,dairy,2026-04-29,2026-05-05
Publix Pepper Jack Cheese-Stuffed Chicken,Publix,6.99,dairy,2026-04-29,2026-05-05
Publix Stuffed Flank Steak With Mozzarella Cheese,Publix,13.99,dairy,2026-05-06,2026-05-12
Kraft Shredded Cheese Chunk,Publix,6.0,dairy,2026-05-06,2026-05-12
Publix Shredded Cheese,Publix,11.0,dairy,2026-05-13,2026-05-19
Publix Jalapeño Pepper Jack Gourmet Meatballs,Publix,8.99,dairy,2026-05-13,2026-05-19
"Publix Turkey, Cheddar, & Bacon Pinwheels",Publix,4.29,dairy,2026-05-13,2026-05-19
Boar's Head® Yellow or White American Cheese,Publix,7.99,dairy,2026-05-13,2026-05-19
Publix Breaded Mozzarella Cheese Sticks,Publix,6.49,dairy,2026-05-20,2026-05-26
Boar's Head® Switzerland Swiss Cheese,Publix,13.99,dairy,2026-05-20,2026-05-26
Publix Stuffed Flank Steak With Mozzarella Cheese,Publix,15.99,dairy,2026-05-27,2026-06-03
Southern Style Biscuits Cheddar,Publix,2.99,dairy,2026-05-27,2026-06-03
Publix Shredded Cheese,Publix,2.79,dairy,2026-05-27,2026-06-03
Publix Oven Roasted Turkey Breast and Cheddar Cheese Slider,Publix,5.49,dairy,2026-05-27,2026-06-03
"Publix Potato Skins With Cream Cheese, Cheddar Cheese, and Bacon",Publix,7.99,dairy,2026-06-03,2026-06-10
Publix Colby Jack Cheese,Publix,5.99,dairy,2026-06-03,2026-06-10
Boar's Head® Domestic Provolone Cheese,Publix,9.99,dairy,2026-06-03,2026-06-10
Disney String Cheese,Publix,7.0,dairy,2026-06-03,2026-06-10
Tillamook Shredded Cheese,Publix,8.0,dairy,2026-06-03,2026-06-10
Kraft Shredded Cheese,Publix,6.0,dairy,2026-06-10,2026-06-16
Boar's Head® Monterrey Jack or Pepper Jack Cheese,Publix,10.99,dairy,2026-06-10,2026-06-16
Publix Shredded Cheese,Publix,2.69,dairy,2026-06-17,2026-06-23
"Publix Potato Skins With Cream Cheese, Cheddar Cheese, and Bacon",Publix,7.99,dairy,2026-06-17,2026-06-23
Boar's Head® Mild Swiss Cheese,Publix,10.99,dairy,2026-06-17,2026-06-23
Sargento Shredded Cheese,Publix,8.0,dairy,2026-07-01,2026-07-07
Boar's Head® Yellow or White American Cheddar Cheese,Publix,7.99,dairy,2026-07-01,2026-07-07
Sargento Shredded Cheese,Publix,8.0,dairy,2026-07-22,2026-07-28
Boar's Head® Lacey Swiss Cheese,Publix,11.99,dairy,2026-07-22,2026-07-28
Belgioioso Fresh Mozzarella Cheese,Publix,8.0,dairy,2026-07-22,2026-07-28
Publix Stuffed Steak With Mozzarella Cheese,Publix,13.99,dairy,2026-07-22,2026-07-28
Sargento String Cheese,Publix,8.0,dairy,2026-07-22,2026-07-28
"Boar's Head® Slicing Mozzarella, Low Moisture",Publix,7.99,dairy,2026-09-02,2026-09-08
Publix Bacon & Cheddar Cheese Gourmet Beef Patties†,Publix,11.49,dairy,2026-09-02,2026-09-08
Cool Whip Whipped Topping,Publix,4.0,dairy,2026-09-02,2026-09-08
Daisy Sour Cream,Publix,7.0,dairy,2026-06-10,2026-06-16
Eagle Brand Sweetened Condensed Milk,Publix,2.5,dairy,2026-06-13,2026-06-26
Eggo Frozen Waffles,Publix,4.99,dairy,2026-04-29,2026-05-05
Red's Egg' wich Sandwich,Publix,4.99,dairy,2026-04-29,2026-05-05
Publix Parmigiano Reggiano Cheese†,Publix,19.99,dairy,2026-05-06,2026-05-12
GreenWise Organic Liquid Egg Whites,Publix,5.99,dairy,2026-05-20,2026-05-26
Morningstar Farms Veggie Entrées,Publix,8.0,dairy,2026-05-27,2026-06-03
Nellie's Free Range Eggs,Publix,3.99,dairy,2026-06-03,2026-06-10
Snack Sensations Veggie Tray,Publix,12.99,dairy,2026-06-10,2026-06-16
"P. F. Chang's Home Menu Egg Rolls, Dumplings, or Rice",Publix,8.0,dairy,2026-06-17,2026-06-23
Fried Wisconsin Cheese Curds,Publix,10.99,dairy,2026-05-27,2026-06-03
Goodles Mac and Cheese Cups,Publix,4.0,dairy,2026-05-16,2026-05-29
GreenWise Almond Butter,Publix,7.99,dairy,2026-05-06,2026-05-12
GreenWise Almond Butter,Publix,7.99,dairy,2026-06-10,2026-06-16
GreenWise Organic Peanut Butter,Publix,4.99,dairy,2026-07-01,2026-07-07
HK Anderson Peanut Butter Filled Pretzel Nuggets,Publix,6.99,dairy,2026-04-18,2026-05-01
Horizon Organic Milk,Publix,10.0,dairy,2026-06-03,2026-06-10
La Bonne Vie Goat Cheese Pyramid,Publix,8.49,dairy,2026-06-03,2026-06-10
Lemon Cream Cheese Bar Cake,Publix,12.0,dairy,2026-07-22,2026-07-28
Lemon Flavored Cream Cheese Bar Cake,Publix,6.0,dairy,2026-06-10,2026-06-16
Lactaid Creamer,Publix,10.0,dairy,2026-04-18,2026-05-01
4-Pack New Holland Dragon's Milk Beer,Publix,16.49,dairy,2026-04-29,2026-05-05
Silk Almondmilk Yogurt Alternative,Publix,10.0,dairy,2026-05-06,2026-05-12
Lactaid Ice Cream,Publix,8.0,dairy,2026-05-16,2026-05-29
Lactaid Sour Cream,Publix,5.0,dairy,2026-05-16,2026-05-29
Lactaid Creamer,Publix,10.0,dairy,2026-05-16,2026-05-29
Lactaid Milk,Publix,8.0,dairy,2026-05-16,2026-05-29
Lactaid Milk,Publix,5.99,dairy,2026-06-10,2026-06-16
Silk Dairy-Free Yogurt or Almondmilk Yogurt Alternative,Publix,10.0,dairy,2026-06-10,2026-06-16
Lactaid Sour Cream,Publix,4.0,dairy,2026-06-17,2026-06-23
Planet Oat Oatmilk 52-oz or Planet Oat Creamer 32-oz,Publix,7.0,dairy,2026-06-27,2026-07-10
Lactaid Creamer 32-oz or Milk 64-oz,Publix,8.0,dairy,2026-06-27,2026-07-10
Mini Patriotic Hat Vanilla Buttercream Cake,Publix,12.99,dairy,2026-07-01,2026-07-07
S'mores Mini Cream Cheese Pie,Publix,5.99,dairy,2026-05-27,2026-06-03
Parmalat Milk,Publix,2.99,dairy,2026-06-13,2026-06-26
Philadelphia Cream Cheese Spread,Publix,8.0,dairy,2026-06-03,2026-06-10
Philadelphia Cream Cheese Spread,Publix,8.0,dairy,2026-07-01,2026-07-07
Philadelphia Cream Cheese Spread,Publix,8.0,dairy,2026-07-22,2026-07-28
Publix Cheese Singles,Publix,2.99,dairy,2026-06-10,2026-06-16
Publix Cheese Singles,Publix,2.99,dairy,2026-09-02,2026-09-08
Publix Cheese Slices†,Publix,4.99,dairy,2026-06-10,2026-06-16
Publix Cheese Slices†,Publix,6.0,dairy,2026-07-01,2026-07-07
Publix Ricotta Cheese†,Publix,3.19,dairy,2026-05-06,2026-05-12
Sargento Cheese Slices,Publix,8.0,dairy,2026-04-22,2026-04-28
Sargento Cheese Slices,Publix,6.0,dairy,2026-05-13,2026-05-19
Sargento Cheese Slices,Publix,6.0,dairy,2026-05-20,2026-05-26
Sargento Cheese Slices,Publix,7.0,dairy,2026-06-10,2026-06-16
Sargento Shareables Cheese Snacks,Publix,9.0,dairy,2026-06-17,2026-06-23
Sour Cream Cake Donuts,Publix,3.29,dairy,2026-07-22,2026-07-28
Teddie Peanut Butter,Publix,5.39,dairy,2026-05-06,2026-05-12
Chobani Greek Yogurt,Publix,10.0,dairy,2026-04-22,2026-04-28
Fage Total Greek Strained Yogurt,Publix,5.0,dairy,2026-04-29,2026-05-05
Fage Total Greek Strained Yogurt,Publix,5.0,dairy,2026-05-06,2026-05-12
Oui by Yoplait French Style Yogurt,Publix,6.0,dairy,2026-05-06,2026-05-12
Chobani 20g Protein Yogurt,Publix,1.25,dairy,2026-05-13,2026-05-19
Fage Total Greek Strained Yogurt,Publix,5.0,dairy,2026-05-13,2026-05-19
Publix Chantilly Yogurt Parfait,Publix,4.79,dairy,2026-05-13,2026-05-19
Publix Greek Yogurt,Publix,10.0,dairy,2026-05-20,2026-05-26
Chobani Greek Yogurt,Publix,10.0,dairy,2026-05-27,2026-06-03
Painterland Sisters Organic Skyr Yogurt,Publix,5.0,dairy,2026-06-03,2026-06-10
Chobani Flip Greek Yogurt,Publix,5.0,dairy,2026-06-03,2026-06-10
Publix Frozen Yogurt,Publix,5.99,dairy,2026-06-10,2026-06-16
Chobani Greek Yogurt Drink or 15g Protein Drink,Publix,4.0,dairy,2026-06-10,2026-06-16
Publix Greek Yogurt†,Publix,3.99,dairy,2026-06-17,2026-06-23
Publix Yogurt Covered Pretzels,Publix,3.99,dairy,2026-07-01,2026-07-07
Fage Greek Strained Yogurt,Publix,5.0,dairy,2026-07-22,2026-07-28
Publix Vanilla Yogurt,Publix,5.0,dairy,2026-09-02,2026-09-08
Chobani Greek Yogurt Or Zero Sugar,Publix,10.0,dairy,2026-09-02,2026-09-08
Sundae Shoppe Lime or Pineapple Fruit Bars,ALDI,3.89,deli,2026-04-22,2026-04-28
Clancy's Tortilla Chips Spicy Margarita or Pineapple Habanero,ALDI,1.99,deli,2026-04-22,2026-04-28
"Oh Me, Oh My! Pineapple Mimosa",ALDI,7.49,deli,2026-05-06,2026-05-12
Pacific Fruit Vineyards Sweet Pineapple Wine,ALDI,3.79,deli,2026-05-20,2026-05-26
Fieldcraft Guava & Pineapple Fruited Seltzer,ALDI,7.99,deli,2026-05-20,2026-05-26
"Crofton Pineapple, Watermelon or Fruit Slicer",ALDI,4.99,deli,2026-06-24,2026-06-30
VitaLife Strawberry Mint or Pineapple Mango Probiotic Spritzer,ALDI,1.99,deli,2026-07-01,2026-07-07
Emporium Selection Deli-Sliced Havarti or Gouda,ALDI,1.45,deli,2026-09-02,2026-09-08
Park Street Deli Assorted Fresh Guacamole,ALDI,2.99,deli,2026-09-02,2026-09-08
Park Street Deli Assorted Hummus Varieties,ALDI,1.99,deli,2026-04-29,2026-05-05
Park Street Deli Assorted Tzatziki Dip,ALDI,2.99,deli,2026-05-20,2026-05-26
Park Street Deli Chicken Fajitas or Pork Carnitas,ALDI,5.99,deli,2026-05-27,2026-06-02
Park Street Deli Cranberry Almond Chicken Salad,ALDI,4.99,deli,2026-07-01,2026-07-07
Park Street Deli Cranberry Almond Chicken Salad,ALDI,4.99,deli,2026-07-22,2026-07-28
Park Street Deli Cranberry Almond Chicken Salad,ALDI,4.99,deli,2026-09-02,2026-09-08
Park Street Deli Dill or Spinach Dip,ALDI,3.99,deli,2026-07-22,2026-07-28
Park Street Deli Fried Pickle or Caramelized Onion Dip,ALDI,2.99,deli,2026-04-22,2026-04-28
Park Street Deli Fully Cooked Sweet & Smoky Pork Ribs,ALDI,8.99,deli,2026-05-13,2026-05-19
Park Street Deli Hot Honey Pepperoni or Burnt Ends Dip,ALDI,3.79,deli,2026-04-22,2026-04-28
Park Street Deli Hot Honey Pepperoni or Burnt Ends Dip,ALDI,3.79,deli,2026-06-10,2026-06-16
Park Street Deli Mexicali or Street Corn Dip,ALDI,2.99,deli,2026-05-20,2026-05-26
Park Street Deli Pickle Chips,ALDI,3.39,deli,2026-05-20,2026-05-26
Park Street Deli Pickle Chips,ALDI,3.39,deli,2026-06-10,2026-06-16
Park Street Deli Protein Snack Selects,ALDI,3.39,deli,2026-07-01,2026-07-07
Park Street Deli Spinach Artichoke or Jalapeño Artichoke Dip,ALDI,2.99,deli,2026-05-20,2026-05-26
White House Apple Sauce,Food Lion,5.0,deli,2026-04-29,2026-05-05
Food Lion Cranberry or Honeycrisp Apple Juice,Food Lion,5.0,deli,2026-05-06,2026-05-12
Glazed Apple Fritters,Food Lion,4.99,deli,2026-05-27,2026-06-02
White House Apple Sauce,Food Lion,2.0,deli,2026-06-03,2026-06-09
Delimex Snacks,Food Lion,4.99,deli,2026-05-20,2026-05-26
Delimex Snacks,Food Lion,4.99,deli,2026-07-01,2026-07-07
Fancy Feast Layered Delights,Food Lion,1.99,deli,2026-05-06,2026-05-12
FOOD LION COOKED HAM IN THE DELI,Food Lion,4.99,deli,2026-06-17,2026-06-23
Food Lion Deli Salad,Food Lion,4.49,deli,2026-05-20,2026-05-26
Food Lion Deli Salad,Food Lion,4.99,deli,2026-06-17,2026-06-23
Food Lion Deli Salad,Food Lion,4.49,deli,2026-07-01,2026-07-07
Food Lion Deli Salad,Food Lion,4.99,deli,2026-09-02,2026-09-08
Food Lion Deli Salads,Food Lion,3.49,deli,2026-05-13,2026-05-19
Food Lion Deli Salads,Food Lion,3.49,deli,2026-05-27,2026-06-02
Food Lion Deli Style Thin Crust Pizza,Food Lion,6.99,deli,2026-04-22,2026-04-28
Hillshire Farm Lunchmeat,Food Lion,5.99,deli,2026-04-22,2026-04-28
Hillshire Farm Lunchmeat,Food Lion,5.99,deli,2026-05-20,2026-05-26
Hillshire Farm Thin Sliced Lunchmeat,Food Lion,3.99,deli,2026-05-06,2026-05-12
Hillshire Farm Thin Sliced Lunchmeat,Food Lion,3.99,deli,2026-06-03,2026-06-09
Hillshire Farm Thin Sliced Lunchmeat,Food Lion,3.99,deli,2026-07-01,2026-07-07
Hillshire Farm Thin Sliced Lunchmeat,Food Lion,3.99,deli,2026-09-02,2026-09-08
International Delight Creamers,Food Lion,3.79,deli,2026-07-22,2026-07-28
International Delight Creamers,Food Lion,3.79,deli,2026-09-02,2026-09-08
Jimmy Dean Delights,Food Lion,7.99,deli,2026-06-10,2026-06-16
Kraft Deli Deluxe American Singles,Food Lion,6.99,deli,2026-05-20,2026-05-26
LAND O'FROST DELI SHAVED LUNCHMEAT,Food Lion,5.0,deli,2026-05-27,2026-06-02
Land O'Frost Premium Lunchmeat,Food Lion,5.99,deli,2026-05-06,2026-05-12
Oscar Mayer Deli Fresh Lunch Meat,Food Lion,2.99,deli,2026-04-29,2026-05-05
Oscar Mayer Deli Fresh Lunch Meat,Food Lion,6.29,deli,2026-05-13,2026-05-19
Oscar Mayer Deli Fresh Lunch Meat,Food Lion,4.0,deli,2026-05-27,2026-06-02
Oscar Mayer Deli Fresh Lunch Meat,Food Lion,3.99,deli,2026-06-10,2026-06-16
Oscar Mayer Deli Fresh Lunch Meat,Food Lion,5.99,deli,2026-06-17,2026-06-23
Oscar Mayer Deli Fresh Lunch Meat,Food Lion,5.99,deli,2026-07-22,2026-07-28
Smucker's Simple Delight Toppings,Food Lion,6.0,deli,2026-07-22,2026-07-28
Sunny Delight,Food Lion,5.0,deli,2026-05-27,2026-06-02
Sunny Delight,Food Lion,5.0,deli,2026-06-03,2026-06-09
"Farmers Market Pinkglow & Pineapple or Pineapple, Strawberry, Mango Chunks",Harris Teeter,4.99,deli,2026-04-22,2026-04-28
12 oz. Farmers Market Pinkglow Pineapple Chunks or 11 oz. Strawberry & Pineapple Chunks,Harris Teeter,5.99,deli,2026-05-06,2026-05-12
White Label Orange or Apple Juice,Harris Teeter,7.99,deli,2026-05-06,2026-05-12
"12 oz. Farmers Market Pinkglow & Pineapple Chunks or 11 oz. Pineapple, Mango, Strawberry Chunks",Harris Teeter,4.99,deli,2026-05-06,2026-05-12
Bakery Fresh Glazed Apple Fritters,Harris Teeter,5.49,deli,2026-05-06,2026-05-12
HT Traders Pineapple Spears 24 oz. or Mandarin Oranges 35 oz.,Harris Teeter,4.99,deli,2026-05-06,2026-05-12
Minute Maid Apple Juice,Harris Teeter,4.79,deli,2026-05-06,2026-05-12
12 ct. Bakery Fresh Chocolate or Glazed Donuts or 4 ct. Apple Fritters,Harris Teeter,5.0,deli,2026-05-13,2026-05-19
Bragg Flavored Apple Cider Vinegars or Enhanced Apple Cider Vinegars,Harris Teeter,6.99,deli,2026-05-13,2026-05-19
Fresh Foods Market Glazed Apple Fritters,Harris Teeter,5.49,deli,2026-05-27,2026-06-02
Farmers Market Apple Slices,Harris Teeter,3.99,deli,2026-05-27,2026-06-02
16 oz. Snapple or 18 oz. Bai,Harris Teeter,4.0,deli,2026-05-27,2026-06-02
Harris Teeter Hickory or Apple Smoking Wood Chips,Harris Teeter,3.29,deli,2026-06-10,2026-06-16
Harris Teeter 100% Pineapple Juice,Harris Teeter,4.49,deli,2026-06-10,2026-06-16
Harris Teeter Natural Apple Juice,Harris Teeter,2.99,deli,2026-06-10,2026-06-16
Farmers Market Watermelon or Pineapple Chunks,Harris Teeter,5.0,deli,2026-06-17,2026-06-23
Tree Top Organic Apple Juice,Harris Teeter,4.0,deli,2026-06-17,2026-06-23
Dole Pineapple Chunks,Harris Teeter,3.0,deli,2026-07-01,2026-07-07
Snapple Tea,Harris Teeter,4.0,deli,2026-07-01,2026-07-07
Dole Pineapple Juice,Harris Teeter,3.99,deli,2026-07-01,2026-07-07
Del Monte Honeyglow Pineapple Spears,Harris Teeter,4.99,deli,2026-07-22,2026-07-28
Beneful Prepared Meals,Harris Teeter,5.0,deli,2026-05-27,2026-06-02
Betty Crocker Delights Brownie Mix,Harris Teeter,6.0,deli,2026-05-20,2026-05-26
"Betty Crocker Favorites Brownie Mix, 13.25 oz. Delights Cake Mix or 12 - 16 oz. Frosting",Harris Teeter,5.0,deli,2026-06-10,2026-06-16
"Betty Crocker Frosting, 12-16 oz. or Delights Cake Mix, 13.25 oz",Harris Teeter,5.0,deli,2026-07-01,2026-07-07
Boar's Head Sliced Pepperoni or Salami,Harris Teeter,9.0,deli,2026-06-10,2026-06-16
Cesar Home Delights Wet Dog Food,Harris Teeter,4.0,deli,2026-07-22,2026-07-28
Fresh Foods Market Rotisserie Chicken Salad,Harris Teeter,5.99,deli,2026-04-22,2026-04-28
Delizza Belgian Mini Eclairs,Harris Teeter,5.99,deli,2026-05-06,2026-05-12
Hillshire Farm Deli Sandwiches,Harris Teeter,4.49,deli,2026-06-03,2026-06-09
Hillshire Farm Lunchmeat,Harris Teeter,8.99,deli,2026-06-10,2026-06-16
Hillshire Farm Lunchmeat,Harris Teeter,7.99,deli,2026-06-17,2026-06-23
Hillshire Farm Family Size Lunchmeat,Harris Teeter,7.99,deli,2026-05-06,2026-05-12
Hillshire Farm Thin Sliced Lunchmeat,Harris Teeter,9.0,deli,2026-04-22,2026-04-28
Hillshire Farm Thin Sliced Lunchmeat,Harris Teeter,9.0,deli,2026-06-03,2026-06-09
16 oz. Kraft American Singles or 12 oz. Deli Deluxe Slices,Harris Teeter,8.0,deli,2026-06-17,2026-06-23
16 oz. Kraft Singles Of 12 oz. Deli Deluxe Wrapped Cheese,Harris Teeter,8.0,deli,2026-05-27,2026-06-02
Land O'Frost Bistro Favorites Lunchmeat,Harris Teeter,3.99,deli,2026-04-29,2026-05-05
Land O'Frost Premium Lunchmeat,Harris Teeter,4.99,deli,2026-06-03,2026-06-09
Land O'Frost Premium Lunchmeat,Harris Teeter,5.99,deli,2026-07-01,2026-07-07
Land O'Frost Premium Lunchmeat,Harris Teeter,4.99,deli,2026-07-22,2026-07-28
Land O'Lakes Premium Lunchmeat,Harris Teeter,4.99,deli,2026-04-22,2026-04-28
Private Selection Salami or Peperoni,Harris Teeter,6.99,deli,2026-05-20,2026-05-26
Private Selection Salami or Pepperoni,Harris Teeter,6.99,deli,2026-04-29,2026-05-05
Private Selection Salami or Pepperoni,Harris Teeter,6.99,deli,2026-06-03,2026-06-09
Private Selection Salami or Pepperoni,Harris Teeter,6.99,deli,2026-09-02,2026-09-08
Wellshire Lunchmeat,Harris Teeter,4.99,deli,2026-05-13,2026-05-19
Mott's Apple Juice,Lowes Foods,6.0,deli,2026-05-06,2026-05-12
Apple Pie†,Lowes Foods,5.99,deli,2026-05-20,2026-05-26
Apple Cinnamon or Apple Walnut Pie,Lowes Foods,12.99,deli,2026-05-20,2026-05-26
Snapple Juice Drink,Lowes Foods,10.0,deli,2026-05-27,2026-06-02
Snapple Juice Drink,Lowes Foods,10.0,deli,2026-06-03,2026-06-09
Lowes Foods Apple Cider Vinegar,Lowes Foods,3.0,deli,2026-06-10,2026-06-16
Snapple Juice Drink,Lowes Foods,10.0,deli,2026-06-10,2026-06-16
Lowes Foods Apple Cider Vinegar,Lowes Foods,3.0,deli,2026-06-17,2026-06-23
PINEAPPLE OR CANTALOUPE CHUNKS,Lowes Foods,10.0,deli,2026-07-01,2026-07-07
Apple Pie,Lowes Foods,5.99,deli,2026-07-01,2026-07-07
Apple Cinnamon or Apple Walnut Pie,Lowes Foods,12.99,deli,2026-07-01,2026-07-07
Snapple Juice Drink,Lowes Foods,10.0,deli,2026-07-22,2026-07-28
8 INCH APPLE PIE,Lowes Foods,5.99,deli,2026-09-02,2026-09-08
Apple Cranberry Pie,Lowes Foods,13.99,deli,2026-09-02,2026-09-08
Apple Fritters 3 ct FROM OUR BAKERY,Lowes Foods,3.49,deli,2026-09-02,2026-09-08
Apple Strudel,Lowes Foods,5.49,deli,2026-09-02,2026-09-08
Mott's Apple Juice,Lowes Foods,6.0,deli,2026-09-02,2026-09-08
Delia's Chicken Sausage,Lowes Foods,1.99,deli,2026-06-17,2026-06-23
Delia's Chicken Sausage Breakfast Patties or Links,Lowes Foods,3.99,deli,2026-04-29,2026-05-05
Delimex Quesadillas,Lowes Foods,8.0,deli,2026-04-29,2026-05-05
Delimex Quesadillas,Lowes Foods,8.0,deli,2026-06-10,2026-06-16
Hissho Sushi,Lowes Foods,4.99,deli,2026-04-22,2026-04-28
International Delight Creamer,Lowes Foods,7.0,deli,2026-06-03,2026-06-09
International Delight or Dunkin' Cold Foam Creamers,Lowes Foods,9.0,deli,2026-06-03,2026-06-09
Jesse Jones Hot Dogs or Bologna,Lowes Foods,6.0,deli,2026-05-13,2026-05-19
Oscar Mayer Deli Fresh Shaved Turkey,Lowes Foods,6.99,deli,2026-06-10,2026-06-16
Silk or So Delicious Milk,Lowes Foods,5.0,deli,2026-06-03,2026-06-09
Smithfield Prime Fresh Family Pack Lunchmeat,Lowes Foods,6.99,deli,2026-04-29,2026-05-05
Mott's Applesauce Pouch Apple or No Sugar Added,Publix,10.99,deli,2026-04-18,2026-05-01
Small Apple Pie,Publix,3.99,deli,2026-04-22,2026-04-28
Small Dutch Apple Pie,Publix,3.99,deli,2026-04-22,2026-04-28
Apple Pie Pockets,Publix,3.99,deli,2026-04-29,2026-05-05
Crunch Pak Apple Slices,Publix,10.0,deli,2026-05-06,2026-05-12
Crunch Pak Apple Slices,Publix,10.0,deli,2026-05-20,2026-05-26
Apple Pie†,Publix,5.49,deli,2026-05-20,2026-05-26
Publix Pineapple Chunks,Publix,2.99,deli,2026-06-03,2026-06-10
Apple Pie Pockets,Publix,4.49,deli,2026-06-17,2026-06-23
"12-Pack Samuel Adams Beer 12 - oz can or bot. or Angry Orchard Crisp Apple Hard Cider, 12 - oz can",Publix,16.99,deli,2026-06-17,2026-06-23
Apple Pie,Publix,5.99,deli,2026-07-01,2026-07-07
Apple Danish Crown,Publix,4.99,deli,2026-09-02,2026-09-08
Crunch Pak Apple Slices,Publix,10.0,deli,2026-09-02,2026-09-08
GreenWise Organic Apple Cider Vinegar†,Publix,5.19,deli,2026-09-02,2026-09-08
Apple Pie,Publix,5.99,deli,2026-09-02,2026-09-08
Smithfield Smokehouse Reserve Smokin' Campfire Hickory or Smokin' Sweet Apple Orchard Bacon,Publix,12.0,deli,2026-08-26,2026-09-08
Deli Coca-Cola Medium Fountain Drink,Publix,1.0,deli,2026-07-22,2026-07-28
GreenWise Lunch Meats,Publix,11.0,deli,2026-06-17,2026-06-23
Hillshire Farm Lunch Meats,Publix,5.99,deli,2026-04-22,2026-04-28
Hillshire Farm Lunch Meats,Publix,8.0,deli,2026-05-13,2026-05-19
Hillshire Farm Lunch Meats,Publix,8.0,deli,2026-06-03,2026-06-10
Hillshire Farm Lunch Meats,Publix,5.99,deli,2026-06-17,2026-06-23
Hillshire Farm Lunch Meats,Publix,8.0,deli,2026-09-02,2026-09-08
Oscar Mayer Deli Fresh Lunch Meats,Publix,8.0,deli,2026-04-29,2026-05-05
Prime Fresh Delicatessen Lunch Meats,Publix,6.99,deli,2026-05-06,2026-05-12
Publix Lunch Meats,Publix,9.0,deli,2026-09-02,2026-09-08
Publix Pepper or Herb-Coated Salami†,Publix,8.0,deli,2026-07-22,2026-07-28
Publix Prosciutto Pre-Sliced,Publix,10.0,deli,2026-07-22,2026-07-28
Smithfield Prime Fresh Delicatessen Lunch Meat,Publix,11.0,deli,2026-04-18,2026-05-01
So Delicious or Silk,Publix,5.0,deli,2026-05-02,2026-05-15
So Delicious or Silk,Publix,5.0,deli,2026-06-27,2026-07-10
Benton's Ice Cream Waffle Cones,ALDI,2.49,frozen,2026-06-17,2026-06-23
Berryhill Ice Cream Topping Hot Fudge or Caramel,ALDI,2.69,frozen,2026-06-17,2026-06-23
M & M' s Ice Cream Cookie Sandwiches,ALDI,4.87,frozen,2026-05-13,2026-05-19
Season's Choice 20-Count Hash Brown Patties,ALDI,4.99,frozen,2026-05-06,2026-05-12
Specially Selected Vanilla or Chocolate Super Premium Ice Cream,ALDI,4.99,frozen,2026-06-17,2026-06-23
Sundae Shoppe Chocolate or Strawberry Crunch Ice Cream Bars,ALDI,2.99,frozen,2026-09-02,2026-09-08
Sundae Shoppe Sorbet Pint,ALDI,3.79,frozen,2026-04-22,2026-04-28
Sundae Shoppe Sorbet Pint,ALDI,3.79,frozen,2026-06-10,2026-06-16
Sundae Shoppe Stroopwafel Ice Cream Sandwiches,ALDI,4.89,frozen,2026-04-22,2026-04-28
Sundae Shoppe Vanilla Ice Cream Sandwiches,ALDI,2.85,frozen,2026-06-10,2026-06-16
Sundae Shoppe Vanilla Ice Cream Sandwiches,ALDI,2.85,frozen,2026-07-22,2026-07-28
Sundae Shoppe Vanilla Light Ice Cream Pail,ALDI,6.29,frozen,2026-05-20,2026-05-26
Sundae Shoppe Vanilla or Cookie Dough Ice Cream,ALDI,2.49,frozen,2026-09-02,2026-09-08
Häagen-Dazs Ice Cream,Food Lion,2.99,frozen,2026-05-27,2026-06-02
Häagen-Dazs Ice Cream,Food Lion,2.99,frozen,2026-06-10,2026-06-16
Häagen-Dazs Ice Cream,Food Lion,2.99,frozen,2026-07-01,2026-07-07
Häagen-Dazs Ice Cream,Food Lion,2.99,frozen,2026-09-02,2026-09-08
Banquet Pot Pies,Food Lion,3.0,frozen,2026-05-27,2026-06-02
Baskin Robbins Ice Cream,Food Lion,2.79,frozen,2026-04-29,2026-05-05
Ben & Jerry's Ice Cream,Food Lion,3.99,frozen,2026-04-29,2026-05-05
Ben & Jerry's Ice Cream,Food Lion,3.99,frozen,2026-05-06,2026-05-12
Ben & Jerry's Ice Cream,Food Lion,4.49,frozen,2026-09-02,2026-09-08
Ben & Jerry's Ice Cream or Novelties,Food Lion,7.0,frozen,2026-06-03,2026-06-09
Ben & Jerry's Ice Cream or Novelties,Food Lion,7.0,frozen,2026-07-22,2026-07-28
Blue Ribbon Premium Ice Cream Bars,Food Lion,3.19,frozen,2026-04-29,2026-05-05
Breyers Ice Cream,Food Lion,6.0,frozen,2026-06-03,2026-06-09
Breyers Ice Cream,Food Lion,6.0,frozen,2026-06-10,2026-06-16
Breyers Ice Cream,Food Lion,5.0,frozen,2026-09-02,2026-09-08
Breyers Ice Cream or Klondike Bars,Food Lion,6.0,frozen,2026-05-13,2026-05-19
Breyers Ice Cream or Popsicle Novelties,Food Lion,6.0,frozen,2026-05-06,2026-05-12
Candy Bar Ice Cream Novelties,Food Lion,4.0,frozen,2026-06-03,2026-06-09
Chipwich Ice Cream Sandwiches,Food Lion,4.0,frozen,2026-06-10,2026-06-16
FatBoy Ice Cream Sandwiches or Cones,Food Lion,4.99,frozen,2026-06-17,2026-06-23
Food Lion Ice Cream,Food Lion,2.99,frozen,2026-04-29,2026-05-05
Food Lion Ice Cream,Food Lion,2.99,frozen,2026-05-13,2026-05-19
Halo Top Ice Cream or Mix-Ins,Food Lion,3.99,frozen,2026-07-01,2026-07-07
Halo Top Ice Cream or Mix-Ins,Food Lion,4.49,frozen,2026-07-22,2026-07-28
Hot Pockets Family Pack,Food Lion,12.99,frozen,2026-05-20,2026-05-26
Klondike Ice Cream Bars,Food Lion,6.0,frozen,2026-05-20,2026-05-26
Klondike Ice Cream Bars,Food Lion,7.0,frozen,2026-06-03,2026-06-09
Klondike Ice Cream Bars,Food Lion,7.0,frozen,2026-06-10,2026-06-16
Klondike Ice Cream Bars,Food Lion,6.0,frozen,2026-09-02,2026-09-08
Magnum Ice Cream Bars,Food Lion,3.99,frozen,2026-07-01,2026-07-07
Magnum or Carb Smart Ice Cream Bars,Food Lion,3.99,frozen,2026-04-22,2026-04-28
Mars Ice Cream Bars,Food Lion,4.0,frozen,2026-06-03,2026-06-09
Mayfield Ice Cream,Food Lion,2.99,frozen,2026-07-01,2026-07-07
Nutella or Kinder Bueno Ice Cream Cones,Food Lion,3.99,frozen,2026-04-22,2026-04-28
Nutella or Kinder Bueno Ice Cream Cones,Food Lion,3.99,frozen,2026-07-01,2026-07-07
Ore-Ida Frozen Potatoes Or Tater Tots,Food Lion,3.99,frozen,2026-05-13,2026-05-19
Ore-Ida Frozen Potatoes or Tater Tots,Food Lion,3.99,frozen,2026-09-02,2026-09-08
TASTE OF INSPIRATIONS SORBET GREEN GRAPES,Food Lion,3.49,frozen,2026-09-02,2026-09-08
Tillamook Ice Cream,Food Lion,5.49,frozen,2026-06-10,2026-06-16
9- 15 oz. Healthy Choice Simply Steamers or Marie Callender's Dinners or 15 oz. Pot Pies,Harris Teeter,6.0,frozen,2026-05-27,2026-06-02
Chipwich Ice Cream Sandwiches,Harris Teeter,6.0,frozen,2026-06-03,2026-06-09
Dove Ice Cream Bars,Harris Teeter,8.0,frozen,2026-04-29,2026-05-05
Fat Boy Ice Cream Sandwiches,Harris Teeter,4.99,frozen,2026-05-13,2026-05-19
Harris Teeter Premium Ice Cream,Harris Teeter,7.0,frozen,2026-05-06,2026-05-12
Harris Teeter Premium Ice Cream,Harris Teeter,7.0,frozen,2026-06-03,2026-06-09
Harris Teeter Ice Cream Cones,Harris Teeter,3.0,frozen,2026-06-03,2026-06-09
Harris Teeter Ice Cream Cones,Harris Teeter,7.0,frozen,2026-07-22,2026-07-28
Harris Teeter Ice Cream Cones or Bars,Harris Teeter,7.0,frozen,2026-06-03,2026-06-09
Harris Teeter Ice Cream Mini Cups,Harris Teeter,4.99,frozen,2026-06-03,2026-06-09
Harris Teeter Vanilla Ice Cream Cones,Harris Teeter,4.49,frozen,2026-05-20,2026-06-16
Harris Teeter Vanilla Ice Cream ma Mini Cups,Harris Teeter,4.99,frozen,2026-07-01,2026-07-07
Harris Teeter Vanilla Ice Cream Mini Cups,Harris Teeter,6.99,frozen,2026-05-20,2026-06-16
Healthy Choice Cafe Steamers or Marie Callender's Dinner Bowls or 10 oz. Pot Pies,Harris Teeter,6.0,frozen,2026-06-10,2026-06-16
9.15 oz. Healthy Choice Simply Steamers or Marie Callender's Dinner or 15 oz. Pot Pies,Harris Teeter,7.0,frozen,2026-05-06,2026-05-12
Jeni's Ice Cream or 3 ct. Novelties,Harris Teeter,12.0,frozen,2026-04-29,2026-05-05
Jeni's Ice Cream or 3 ct. Novelties,Harris Teeter,12.0,frozen,2026-06-17,2026-06-23
Klondike Ice Cream Bars,Harris Teeter,7.0,frozen,2026-05-20,2026-05-26
Marie Callender's Pot Pies or Bowls or Healthy Choice Entrees,Harris Teeter,6.0,frozen,2026-05-13,2026-05-19
Mars Ice Cream Novelties,Harris Teeter,8.0,frozen,2026-09-02,2026-09-08
Mayfield Lime Sherbet,Harris Teeter,3.99,frozen,2026-06-17,2026-06-23
My Mochi Ice Cream,Harris Teeter,3.99,frozen,2026-06-03,2026-06-09
Oreo Ice Cream Sandwiches or Mini Cones,Harris Teeter,3.99,frozen,2026-05-20,2026-05-26
Popsicle,Harris Teeter,4.49,frozen,2026-06-03,2026-06-09
Popsicle,Harris Teeter,4.49,frozen,2026-09-02,2026-09-08
Ore-Ida Tater Tots,Harris Teeter,4.99,frozen,2026-05-13,2026-05-19
"McCain Fries, Tater Tots or Onion Rigs",Harris Teeter,2.99,frozen,2026-07-22,2026-07-28
Private Selection Fudge Gelato,Harris Teeter,7.0,frozen,2026-07-22,2026-07-28
Private Selection Ice Cream,Harris Teeter,5.99,frozen,2026-06-17,2026-06-23
Private Selection Ice Cream Toppings,Harris Teeter,2.99,frozen,2026-06-03,2026-06-09
Private Selection Strawberry Sorbet,Harris Teeter,7.0,frozen,2026-07-01,2026-07-07
Private Selection Wedding Cake Ice Cream,Harris Teeter,4.49,frozen,2026-05-20,2026-06-16
Protein Pints Protein Ice Cream,Harris Teeter,5.99,frozen,2026-06-17,2026-07-14
"Snickers, Milky Way or Twix Ice Cream Bars",Harris Teeter,8.0,frozen,2026-05-20,2026-05-26
"Stouffer's, Life Cuisine or Hot Pockets",Harris Teeter,10.0,frozen,2026-05-20,2026-05-26
"Stouffer's, Tapatio, Vital Pursuit or Hot Pockets",Harris Teeter,8.0,frozen,2026-04-29,2026-05-05
Tillamook Ice Cream,Harris Teeter,5.79,frozen,2026-05-20,2026-05-26
Häagen-Dazs Ice Cream Bars,Lowes Foods,5.99,frozen,2026-05-27,2026-06-02
Baskin Robbins Ice Cream,Lowes Foods,6.0,frozen,2026-04-22,2026-04-28
Baskin Robbins Ice Cream,Lowes Foods,6.0,frozen,2026-05-27,2026-06-02
Ben & Jerry's Ice Cream,Lowes Foods,8.0,frozen,2026-09-02,2026-09-08
Blue Bell Ice Cream,Lowes Foods,6.99,frozen,2026-09-02,2026-09-08
Budget Saver Ice Pops,Lowes Foods,6.0,frozen,2026-06-17,2026-06-23
Chicken Pot Pie,Lowes Foods,6.99,frozen,2026-05-06,2026-05-12
Chicken Pot Pie,Lowes Foods,6.99,frozen,2026-06-03,2026-06-09
Chicken Pot Pie,Lowes Foods,6.99,frozen,2026-07-22,2026-07-28
Crav'n Cake Ice Cream Cones,Lowes Foods,1.79,frozen,2026-05-27,2026-06-02
Crav'n Cake Ice Cream Cones,Lowes Foods,1.79,frozen,2026-06-03,2026-06-09
Dove Ice Cream Bars,Lowes Foods,9.0,frozen,2026-04-29,2026-05-05
Dove Ice Cream Bars,Lowes Foods,9.0,frozen,2026-05-20,2026-05-26
Dove Ice Cream Bars,Lowes Foods,9.0,frozen,2026-06-10,2026-06-16
Dove Ice Cream Bars,Lowes Foods,9.0,frozen,2026-07-01,2026-07-07
FatBoy Ice Cream Novelties,Lowes Foods,2.99,frozen,2026-07-22,2026-07-28
Hot Pockets,Lowes Foods,12.49,frozen,2026-05-27,2026-06-02
Hot Pockets Sandwich,Lowes Foods,4.49,frozen,2026-06-03,2026-06-09
Hot Pockets Sandwiches,Lowes Foods,13.49,frozen,2026-07-22,2026-07-28
Hudsonville Ice Cream,Lowes Foods,3.49,frozen,2026-05-27,2026-06-02
Hudsonville Ice Cream or Novelties,Lowes Foods,7.0,frozen,2026-04-22,2026-04-28
Island Way Sorbet,Lowes Foods,6.99,frozen,2026-05-06,2026-05-12
Island Way Sorbet,Lowes Foods,13.99,frozen,2026-06-17,2026-06-23
Island Way Sorbet,Lowes Foods,6.99,frozen,2026-07-22,2026-07-28
Jeni's Splendid Ice Cream,Lowes Foods,6.99,frozen,2026-06-03,2026-06-09
Klondike Ice Cream Bars,Lowes Foods,7.0,frozen,2026-09-02,2026-09-08
LOWES FOODS GELATO OR SORBET,Lowes Foods,9.0,frozen,2026-07-22,2026-07-28
Magnum Ice Cream Bars,Lowes Foods,8.0,frozen,2026-09-02,2026-09-08
Mars Ice Cream Bars,Lowes Foods,9.0,frozen,2026-05-20,2026-05-26
Nestlé Drumstick or Oreo Ice Cream Novelties,Lowes Foods,5.99,frozen,2026-05-13,2026-05-19
"Nestle Drumstick, Tollhouse, or Select Oreo Ice Cream Novelties",Lowes Foods,4.99,frozen,2026-06-17,2026-06-23
Popsicle Novelties,Lowes Foods,8.0,frozen,2026-05-20,2026-05-26
Tillamook Ice Cream,Lowes Foods,5.99,frozen,2026-06-17,2026-06-23
Turkey Hill Ice Cream,Lowes Foods,7.0,frozen,2026-06-03,2026-06-09
Blue Bell Ice Cream,Publix,6.99,frozen,2026-05-27,2026-06-03
Blue Bell Ice Cream,Publix,6.99,frozen,2026-06-10,2026-06-16
Carvel Bailey's Irish Cream Ice Cream Cake,Publix,17.99,frozen,2026-09-02,2026-09-08
"Centerville Pie Co. Chicken Pot Pie, Spinach & Feta Pie or Shepherd's Pie",Publix,11.99,frozen,2026-06-13,2026-06-26
The Original Chipwich Ice Cream Sandwich,Publix,3.99,frozen,2026-07-15,2026-07-28
Hot Pockets Stuffed Sandwiches,Publix,4.99,frozen,2026-04-22,2026-04-28
Jimmy Dean Stuffed Hash Browns,Publix,5.99,frozen,2026-04-29,2026-05-05
Publix Ice Cream†,Publix,10.0,frozen,2026-05-13,2026-05-19
Publix Ice Cream†,Publix,10.0,frozen,2026-06-17,2026-06-23
Publix Ice Cream Waffle Cones,Publix,3.39,frozen,2026-06-17,2026-06-23
Pure Being Natural Collagen Dog Chews,ALDI,6.99,health,2026-06-24,2026-06-30
Gerber Organic Baby Food,Food Lion,3.0,health,2026-07-22,2026-07-28
Glacéau Vitamin Or Smart Water,Food Lion,1.99,health,2026-07-01,2026-07-07
Glaceau Smart or Vitamin Water,Food Lion,7.99,health,2026-04-22,2026-04-28
Nature Made Vitamin D3,Food Lion,9.99,health,2026-05-27,2026-06-02
NATURE'S PROMISE ORGANIC BABY FOOD,Food Lion,0.99,health,2026-09-02,2026-09-08
Vital Proteins Collagen PeptideS,Food Lion,19.99,health,2026-06-03,2026-06-09
Activia Probiotic Dailies,Harris Teeter,4.99,health,2026-07-22,2026-07-28
8 pk. Activia Probiotic Dailies or 18.6 oz. Oikos Pro Shots,Harris Teeter,4.99,health,2026-05-06,2026-05-12
Glaceau Vitaminwater,Harris Teeter,5.0,health,2026-05-13,2026-05-19
GoGo Squeez Active Electrolyte,Harris Teeter,4.99,health,2026-05-13,2026-05-19
Simple Truth Organic Baby Food Pouches,Harris Teeter,10.0,health,2026-04-22,2026-04-28
Simple Truth Organic Dairy Free Baby Food Puree,Harris Teeter,1.29,health,2026-08-12,2026-09-08
Electrolit Electrolyte Drinks,Lowes Foods,5.99,health,2026-07-22,2026-07-28
Karma Probiotic Drink Mix Stickpack,Lowes Foods,8.99,health,2026-07-22,2026-07-28
Olly Multivitamins,Lowes Foods,12.99,health,2026-05-13,2026-05-19
Olly Multivitamins,Lowes Foods,12.99,health,2026-09-02,2026-09-08
TopCare Children's Electrolyte Drink,Lowes Foods,3.99,health,2026-04-22,2026-04-28
Vitaminwater,Lowes Foods,6.99,health,2026-06-17,2026-06-23
Electrolit Electrolyte Beverage,Publix,6.99,health,2026-05-06,2026-05-12
Florajen Probiotics,Publix,19.99,health,2026-06-13,2026-06-26
GreenWise Organic Baby Food,Publix,4.0,health,2026-04-22,2026-04-28
GreenWise Collagen Peptides,Publix,13.99,health,2026-05-06,2026-05-12
Happy Baby Clearly Crafted Organic Baby Food,Publix,5.0,health,2026-05-27,2026-06-03
Happy Baby Organics Baby Food,Publix,5.0,health,2026-06-10,2026-06-16
Similac 360 Total Care Infant Formula,Publix,16.0,health,2026-07-22,2026-07-28
Similac Infant Formula,Publix,30.0,health,2026-05-20,2026-05-26
Appleton Farms Premium Sliced Bacon,ALDI,3.99,meat,2026-05-06,2026-05-12
Appleton Farms Thick Cut Bacon,ALDI,3.99,meat,2026-06-03,2026-06-09
Fresh Baby Back Pork Ribs,ALDI,3.79,meat,2026-05-20,2026-05-26
Fresh Baby Back Pork Ribs,ALDI,3.79,meat,2026-06-17,2026-06-23
Fresh Baby Back Pork Ribs,ALDI,3.29,meat,2026-07-22,2026-07-28
Bavarian Meats Lil' Landjaeger Meat Sticks,ALDI,6.99,meat,2026-04-29,2026-05-05
BBQ Chicken Pizza,ALDI,2.99,meat,2026-05-27,2026-06-02
Fresh Black Angus USDA Choice Petite Sirloin Steaks,ALDI,8.99,meat,2026-05-20,2026-05-26
Fresh Black Angus USDA Choice Petite Sirloin Steaks,ALDI,8.99,meat,2026-05-27,2026-06-02
Fresh Black Angus USDA Choice Top Sirloin Steak,ALDI,9.99,meat,2026-05-27,2026-06-02
Fresh Black Angus USDA Choice Beef Ribeye Steak,ALDI,14.79,meat,2026-05-27,2026-06-02
Fresh Black Angus USDA Choice Petite Sirloin Steaks,ALDI,8.99,meat,2026-06-17,2026-06-23
Fresh Black Angus USDA Choice Beef Strip Steak,ALDI,13.79,meat,2026-06-17,2026-06-23
Fresh Grass-Fed Strip Steak,ALDI,11.99,meat,2026-07-01,2026-07-07
Fresh Black Angus USDA Choice Beef Strip Steak,ALDI,13.79,meat,2026-07-01,2026-07-07
Fresh Grass-Fed Strip Steak,ALDI,11.99,meat,2026-07-22,2026-07-28
Fresh Black Angus USDA Choice Skirt Steak,ALDI,11.99,meat,2026-06-17,2026-06-23
Fresh Boneless Pork Shoulder Butt Roast,ALDI,1.99,meat,2026-05-13,2026-05-19
Bratwurst Party Pack,ALDI,7.99,meat,2026-06-17,2026-06-23
Breakfast Best Original or Maple Pre-Cooked Sausage Patties,ALDI,8.29,meat,2026-06-03,2026-06-09
Cattlemen's Ranch Frozen Black Angus Beef Patties,ALDI,9.49,meat,2026-09-02,2026-09-08
Kirkwood Chicken Breasts,ALDI,18.99,meat,2026-04-22,2026-04-28
Fresh Family Pack Antibiotic Free Boneless Skinless Chicken Thighs,ALDI,2.49,meat,2026-04-22,2026-04-28
Farmer Focus Fresh Antibiotic Free Family Pack Whole Chicken Wings,ALDI,2.29,meat,2026-04-29,2026-05-05
Fresh Family Pack Chicken Breasts,ALDI,2.19,meat,2026-05-13,2026-05-19
Tyson Fresh Chicken Wings,ALDI,1.89,meat,2026-05-13,2026-05-19
Fresh Family Pack Chicken Drumsticks,ALDI,0.99,meat,2026-05-20,2026-05-26
Fresh Family Pack Antibiotic Free Boneless Skinless Chicken Thighs,ALDI,2.49,meat,2026-05-20,2026-05-26
Fresh Family Pack Chicken Breasts,ALDI,2.19,meat,2026-05-27,2026-06-02
Farmer Focus Fresh Antibiotic Free Family Pack Whole Chicken Wings,ALDI,2.29,meat,2026-05-27,2026-06-02
Fresh Family Pack Antibiotic Free Thin-Sliced Chicken Breasts,ALDI,2.99,meat,2026-06-03,2026-06-09
Fresh Family Pack Chicken Breasts,ALDI,2.19,meat,2026-06-10,2026-06-16
Fresh Family Pack Chicken Drumsticks,ALDI,0.99,meat,2026-06-10,2026-06-16
Fresh Family Pack Chicken Tenderloins,ALDI,2.49,meat,2026-06-10,2026-06-16
Kirkwood Fresh Family Pack Chicken Thighs,ALDI,1.55,meat,2026-06-17,2026-06-23
Kirkwood Buffalo Chicken Wings,ALDI,7.99,meat,2026-06-17,2026-06-23
Fresh Family Pack Antibiotic Free Boneless Skinless Chicken Thighs,ALDI,2.49,meat,2026-06-17,2026-06-23
Fresh Family Pack Chicken Breasts,ALDI,2.19,meat,2026-06-17,2026-06-23
Fresh Family Pack Chicken Wings,ALDI,2.89,meat,2026-06-17,2026-06-23
Fresh Organic Chicken Breasts,ALDI,4.99,meat,2026-07-01,2026-07-07
Fresh Family Pack Chicken Breasts,ALDI,2.19,meat,2026-07-01,2026-07-07
Chicken Wings,ALDI,2.49,meat,2026-07-01,2026-07-07
Fresh Family Pack Chicken Wings,ALDI,2.49,meat,2026-07-01,2026-07-07
Farmer Focus Fresh Antibiotic Free Family Pack Whole Chicken Wings,ALDI,2.29,meat,2026-07-22,2026-07-28
Fresh Family Pack Chicken Wings,ALDI,2.49,meat,2026-09-02,2026-09-08
Fresh Chuck & Brisket Angus Beef Burger,ALDI,7.99,meat,2026-05-13,2026-05-19
Fresh Chuck & Brisket Angus Beef Burgers,ALDI,7.99,meat,2026-05-20,2026-05-26
Fresh Chuck & Brisket Angus Beef Burgers,ALDI,7.99,meat,2026-05-27,2026-06-02
Fresh Chuck & Brisket Angus Beef Burgers,ALDI,7.99,meat,2026-06-17,2026-06-23
Fresh Chuck & Brisket Angus Beef Burgers,ALDI,7.99,meat,2026-07-01,2026-07-07
Deutsche Küche Chicken Schnitzel,ALDI,9.99,meat,2026-04-29,2026-05-05
Deutsche Küche Pork Schnitzel,ALDI,9.99,meat,2026-04-29,2026-05-05
Fresh from ALDI Steakhouse Tri-Tip,ALDI,6.49,meat,2026-06-10,2026-06-16
Fresh 85/15 Grass-Fed Beef Patties,ALDI,5.99,meat,2026-07-22,2026-07-28
Fresh Grass-Fed Skirt Steak,ALDI,8.99,meat,2026-05-13,2026-05-19
Fresh Grass-Fed Skirt Steak,ALDI,8.99,meat,2026-05-20,2026-05-26
Fresh Grass-Fed Skirt Steak,ALDI,8.99,meat,2026-05-27,2026-06-02
Fresh Wagyu Ground Beef,ALDI,4.99,meat,2026-04-22,2026-04-28
Fresh 96% Lean Ground Beef,ALDI,7.79,meat,2026-04-29,2026-05-05
Fresh Family Pack Organic Grass-Fed 93/7 Ground Beef,ALDI,5.99,meat,2026-05-06,2026-05-12
Fresh 93/7 Ground Beef Burgers,ALDI,6.79,meat,2026-05-13,2026-05-19
85/15 Ground Beef Patties,ALDI,15.19,meat,2026-05-20,2026-05-26
Fresh Ground Beef Chub,ALDI,3.49,meat,2026-05-20,2026-05-26
Fresh Wagyu Ground Beef,ALDI,4.99,meat,2026-05-27,2026-06-02
Fresh Family Pack 80% Lean Ground Beef Patties,ALDI,12.0,meat,2026-05-27,2026-06-02
Fresh Family Pack Organic Grass-Fed 93/7 Ground Beef,ALDI,5.99,meat,2026-06-10,2026-06-16
Fresh 80% Lean Ground Beef Patties,ALDI,4.99,meat,2026-06-17,2026-06-23
Fresh 93/7 Ground Beef Burgers,ALDI,6.49,meat,2026-06-17,2026-06-23
Fresh 85% Lean Organic Grass-Fed Ground Beef,ALDI,5.99,meat,2026-06-17,2026-06-23
Fresh 80% Lean Ground Beef Patties,ALDI,4.99,meat,2026-07-01,2026-07-07
Fresh Wagyu Ground Beef,ALDI,4.99,meat,2026-07-01,2026-07-07
Simply Nature Fresh 85% Lean Organic Grass-Fed Ground Beef,ALDI,5.99,meat,2026-07-01,2026-07-07
Fresh Family Pack Organic Grass-Fed 93/7 Ground Beef,ALDI,5.99,meat,2026-07-22,2026-07-28
Fresh Organic 85/15 Grass-Fed Ground Beef,ALDI,5.99,meat,2026-07-22,2026-07-28
Fresh Organic 85/15 Grass-Fed Ground Beef,ALDI,5.99,meat,2026-09-02,2026-09-08
Fresh Ground Beef Chub,ALDI,3.59,meat,2026-09-02,2026-09-08
Honey BBQ Bacon-Wrapped Chicken Skewers,ALDI,4.99,meat,2026-06-03,2026-06-09
Kirkwood Breaded Chicken Fillets,ALDI,7.99,meat,2026-06-10,2026-06-16
Kirkwood Chicken Fries,ALDI,4.79,meat,2026-05-27,2026-06-02
Kirkwood Mediterranean or Mexi Cali Chicken Patties,ALDI,8.99,meat,2026-04-29,2026-05-05
Kirkwood Mediterranean or Mexi Cali Chicken Patties,ALDI,8.99,meat,2026-06-17,2026-06-23
Kirkwood Mediterranean or Mexi Cali Chicken Patties,ALDI,8.99,meat,2026-07-01,2026-07-07
Kirkwood Seasoned Turkey Burgers,ALDI,6.99,meat,2026-04-22,2026-04-28
Kirkwood Seasoned Turkey Burgers,ALDI,6.99,meat,2026-06-17,2026-06-23
Kirkwood Seasoned Turkey Burgers,ALDI,6.99,meat,2026-07-01,2026-07-07
Kirkwood Seasoned Turkey Burgers,ALDI,6.99,meat,2026-07-22,2026-07-28
Fresh Lamb Loin Chops,ALDI,9.99,meat,2026-04-29,2026-05-05
Marc Angelo Fresh Teriyaki or Carne Asada Beef Skewers,ALDI,5.99,meat,2026-07-01,2026-07-07
Mild or Hot Italian Sausage,ALDI,2.99,meat,2026-06-17,2026-06-23
Mild or Hot Italian Sausage,ALDI,2.99,meat,2026-07-01,2026-07-07
Morton's of Omaha Fresh Peppercorn or Garlic Petite Beef Tender,ALDI,6.99,meat,2026-04-29,2026-05-05
Morton's of Omaha Fresh Rosemary or Steakhouse Petite Beef Tender,ALDI,6.99,meat,2026-06-03,2026-06-09
NEVER ANY! Italian or Spinach & Feta Chicken Sausage,ALDI,2.99,meat,2026-06-03,2026-06-09
Parkview Hot Honey or Nashville Hot Chicken Sausage,ALDI,2.99,meat,2026-06-17,2026-06-23
Parkview Hot Honey or Nashville Hot Chicken Sausage,ALDI,2.99,meat,2026-07-01,2026-07-07
Parkview Stadium or Smoked Bratwursts,ALDI,2.69,meat,2026-05-13,2026-05-19
Parkview Turkey Franks,ALDI,2.69,meat,2026-06-17,2026-06-23
Parkview Turkey Franks,ALDI,2.69,meat,2026-07-01,2026-07-07
Parkview Uncured Angus Beef Hot Dogs,ALDI,4.99,meat,2026-04-29,2026-05-05
Parkview Uncured Beef Franks,ALDI,4.49,meat,2026-05-20,2026-05-26
Parkview Uncured Beef Franks,ALDI,4.49,meat,2026-09-02,2026-09-08
Fresh Pork Belly,ALDI,2.99,meat,2026-05-27,2026-06-02
Fresh Family Pack Thin-Sliced Pork Chops,ALDI,2.99,meat,2026-04-22,2026-04-28
Fresh Family Pack Thin-Sliced Pork Chops,ALDI,2.99,meat,2026-06-03,2026-06-09
Fresh Thick-Cut Boneless Pork Chops,ALDI,3.49,meat,2026-06-17,2026-06-23
Fresh Thick-Cut Boneless Pork Chops,ALDI,3.49,meat,2026-07-01,2026-07-07
Fresh Pork Spareribs,ALDI,1.99,meat,2026-06-17,2026-06-23
Fresh Pork Spareribs,ALDI,1.99,meat,2026-07-01,2026-07-07
Fresh Seasoned Beef Skewers,ALDI,5.99,meat,2026-09-02,2026-09-08
Fresh Seasoned Brisket,ALDI,6.99,meat,2026-06-17,2026-06-23
Fresh Seasoned Brisket,ALDI,6.99,meat,2026-07-01,2026-07-07
Fresh Seasoned Chicken Patties,ALDI,3.99,meat,2026-09-02,2026-09-08
Seasoned Chicken Skewers,ALDI,7.49,meat,2026-06-17,2026-06-23
Seasoned Chicken Skewers,ALDI,7.49,meat,2026-07-01,2026-07-07
Fresh Seasoned Lamb Leg Steaks,ALDI,8.99,meat,2026-07-22,2026-07-28
Fresh Seasoned Pork Shoulder Roast,ALDI,2.39,meat,2026-06-17,2026-06-23
Fresh Seasoned Pork Shoulder Roast,ALDI,2.39,meat,2026-07-01,2026-07-07
Simply Nature Organic Spinach or Italian Chicken Sausage,ALDI,4.95,meat,2026-05-13,2026-05-19
Smithfield Fresh Boneless Pork Shoulder Butt Roast,ALDI,1.99,meat,2026-06-17,2026-06-23
Smithfield Fresh Pork Spareribs,ALDI,1.99,meat,2026-07-22,2026-07-28
Smithfield Fresh St. Louis Pork Ribs,ALDI,2.49,meat,2026-09-02,2026-09-08
Smithfield Fresh St. Louis Pork Spareribs,ALDI,2.49,meat,2026-05-20,2026-05-26
Fresh USDA Choice Angus Filet Mignon,ALDI,18.99,meat,2026-05-06,2026-05-12
A1 Steak Sauce,Food Lion,4.99,meat,2026-06-17,2026-06-23
Armour Vienna Sausage,Food Lion,0.9,meat,2026-05-06,2026-05-12
Bacon Wrapped Jalapeños with Cream Cheese,Food Lion,6.99,meat,2026-04-29,2026-05-05
Ball Park Beef Franks,Food Lion,3.99,meat,2026-05-20,2026-05-26
Ball Park Beef Franks,Food Lion,3.99,meat,2026-09-02,2026-09-08
Ball Park Meat Franks,Food Lion,2.55,meat,2026-05-06,2026-05-12
Ball Park Meat Franks,Food Lion,5.0,meat,2026-05-20,2026-05-26
Ball Park Meat Franks,Food Lion,5.0,meat,2026-06-03,2026-06-09
Beef Carne Picada,Food Lion,7.49,meat,2026-04-29,2026-05-05
Beef Carne Picada,Food Lion,7.99,meat,2026-06-17,2026-06-23
BEEF CHUCK ROAST,Food Lion,7.49,meat,2026-04-22,2026-04-28
Boneless Beef Sirloin Or Sirloin Strip Steak,Food Lion,10.99,meat,2026-04-22,2026-04-28
BonelesNews York Strip Steaks,Food Lion,7.49,meat,2026-04-22,2026-04-28
Boneless New York Strip Steak,Food Lion,10.99,meat,2026-04-29,2026-05-05
Boneless Ribeye Steak,Food Lion,9.99,meat,2026-05-06,2026-05-12
Boneless Beef Sirloin Or Sirloin Strip Steak,Food Lion,11.99,meat,2026-05-13,2026-05-19
BonelesNews York Strip Steaks,Food Lion,7.99,meat,2026-05-20,2026-05-26
Boneless New York Strip Steak,Food Lion,12.99,meat,2026-05-20,2026-05-26
Beef T-Bone Steak,Food Lion,10.99,meat,2026-05-27,2026-06-02
BonelesNews York Strip Steaks,Food Lion,7.99,meat,2026-06-03,2026-06-09
Boneless Ribeye Steak,Food Lion,10.99,meat,2026-06-03,2026-06-09
Boneless New York Strip Steak,Food Lion,11.99,meat,2026-06-10,2026-06-16
BEEF T-BONE STEAK,Food Lion,10.99,meat,2026-06-17,2026-06-23
BonelesNews York Strip Steaks,Food Lion,8.49,meat,2026-06-17,2026-06-23
Boneless Ribeye Steak,Food Lion,9.99,meat,2026-07-01,2026-07-07
BonelesNews York Strip Steaks,Food Lion,7.49,meat,2026-07-22,2026-07-28
Boneless Beef Sirloin or Sirloin Strip Steak,Food Lion,11.99,meat,2026-07-22,2026-07-28
Boneless Ribeye Steak,Food Lion,9.99,meat,2026-09-02,2026-09-08
Beef Shoulder Roast or Bottom Round Roast,Food Lion,7.49,meat,2026-05-06,2026-05-12
Beef Shoulder Roast or Bottom Round Roast,Food Lion,7.49,meat,2026-05-27,2026-06-02
Beef Shoulder Roast or Bottom Round Roast,Food Lion,7.49,meat,2026-07-01,2026-07-07
Beef Shoulder Roast or Bottom Round Roast,Food Lion,6.99,meat,2026-09-02,2026-09-08
BOSTON BUTT COUNTRY STYLE PORK RIBS,Food Lion,3.99,meat,2026-06-17,2026-06-23
BOSTON BUTT COUNTRY STYLE PORK RIBS,Food Lion,3.99,meat,2026-07-01,2026-07-07
BOSTON BUTT COUNTRY STYLE PORK RIBS,Food Lion,3.99,meat,2026-07-22,2026-07-28
Butterball Turkey Bacon,Food Lion,3.49,meat,2026-04-29,2026-05-05
Butterball Turkey Bacon,Food Lion,2.99,meat,2026-05-27,2026-06-02
Butterball Turkey Bacon,Food Lion,3.49,meat,2026-06-10,2026-06-16
Butterball Turkey Bacon,Food Lion,2.99,meat,2026-06-17,2026-06-23
Chicken Nuggets,Food Lion,5.0,meat,2026-05-20,2026-05-26
Traditional Rotisserie Chicken,Food Lion,5.99,meat,2026-04-22,2026-04-28
Food Lion Thin Sliced Boneless Chicken Breast,Food Lion,3.99,meat,2026-04-22,2026-04-28
Food Lion Chicken Drumsticks,Food Lion,1.39,meat,2026-04-22,2026-04-28
Fresh Chicken Leg Quarters,Food Lion,0.69,meat,2026-04-22,2026-04-28
Food Lion Chicken Wings,Food Lion,2.79,meat,2026-04-29,2026-05-05
Food Lion Chicken Thighs,Food Lion,1.69,meat,2026-04-29,2026-05-05
Food Lion Family Pack Chicken Tenderloins,Food Lion,2.99,meat,2026-04-29,2026-05-05
Food Lion Family Pack Chicken Tenderloins,Food Lion,4.49,meat,2026-04-29,2026-05-05
"Boneless, Skinless Chicken Thighs",Food Lion,3.29,meat,2026-05-06,2026-05-12
Food Lion Chicken Drumsticks,Food Lion,1.49,meat,2026-05-06,2026-05-12
Food Lion Chicken Wing Sections,Food Lion,9.99,meat,2026-05-06,2026-05-12
Nature's Promise Thin Sliced Chicken Breast,Food Lion,4.99,meat,2026-05-13,2026-05-19
Chicken Tenders,Food Lion,6.99,meat,2026-05-13,2026-05-19
Nature's Promise Chicken Tenderloins,Food Lion,4.99,meat,2026-05-13,2026-05-19
Food Lion Chicken Drumsticks,Food Lion,0.99,meat,2026-05-13,2026-05-19
Fresh Chicken Leg Quarters,Food Lion,0.79,meat,2026-05-20,2026-05-26
Hand Trimmed Boneless Chicken Thighs,Food Lion,3.29,meat,2026-05-20,2026-05-26
Food Lion Fresh Chicken Wings,Food Lion,1.99,meat,2026-05-20,2026-05-26
Taste of Inspirations Chicken Breast,Food Lion,7.99,meat,2026-05-20,2026-05-26
Nature's Promise Boneless Chicken Breast,Food Lion,3.99,meat,2026-05-20,2026-05-26
Rotisserie Style Chicken Leg Quarters,Food Lion,5.0,meat,2026-05-20,2026-05-26
CHICKEN DRUMSTICKS,Food Lion,3.99,meat,2026-05-27,2026-06-02
Food Lion Boneless Chicken Breast,Food Lion,1.99,meat,2026-05-27,2026-06-02
Traditional Rotisserie Chicken,Food Lion,5.99,meat,2026-06-03,2026-06-09
Food Lion Thin Sliced Boneless Chicken Breast,Food Lion,3.99,meat,2026-06-03,2026-06-09
Fresh Chicken Leg Quarters,Food Lion,0.79,meat,2026-06-03,2026-06-09
Nature's Promise Jumbo Chicken Breast,Food Lion,2.99,meat,2026-06-03,2026-06-09
Hand Trimmed Boneless Chicken Thighs,Food Lion,3.29,meat,2026-06-10,2026-06-16
Food Lion Chicken Drumsticks,Food Lion,1.19,meat,2026-06-10,2026-06-16
Chicken Wings,Food Lion,7.99,meat,2026-06-10,2026-06-16
Family Size Rotisserie Chicken,Food Lion,7.99,meat,2026-06-10,2026-06-16
FOOD LION CHICKEN DRUMSTICKS,Food Lion,3.99,meat,2026-06-17,2026-06-23
FOOD LION FRESH CHICKEN WINGS,Food Lion,2.49,meat,2026-06-17,2026-06-23
Nature's Promise Boneless Chicken Breast,Food Lion,3.99,meat,2026-06-17,2026-06-23
Fresh Chicken Leg Quarters,Food Lion,0.79,meat,2026-07-01,2026-07-07
Food Lion Boneless Chicken Breast,Food Lion,1.99,meat,2026-07-01,2026-07-07
Pilgrim's Chicken Wings,Food Lion,6.99,meat,2026-07-01,2026-07-07
Chicken Tenders,Food Lion,5.0,meat,2026-07-22,2026-07-28
Nature's Promise Chicken Breast Strips,Food Lion,3.29,meat,2026-07-22,2026-07-28
Nature's Promise Thin Sliced Chicken Breast,Food Lion,4.99,meat,2026-07-22,2026-07-28
Tyson Breaded & Stuffed Chicken Breasts,Food Lion,3.49,meat,2026-07-22,2026-07-28
Fresh Chicken Leg Quarters,Food Lion,0.79,meat,2026-07-22,2026-07-28
Food Lion Fresh Chicken Wings,Food Lion,1.99,meat,2026-07-22,2026-07-28
Nature's Promise Chicken Tenderloins,Food Lion,4.99,meat,2026-07-22,2026-07-28
FOOD LION BONELESS CHICKEN BREAST,Food Lion,1.99,meat,2026-09-02,2026-09-08
Hand Trimmed Boneless Chicken Thighs,Food Lion,3.29,meat,2026-09-02,2026-09-08
TYSON BREADED & STUFFED CHICKEN BREASTS,Food Lion,3.49,meat,2026-09-02,2026-09-08
TYSON CHICKEN WINGS,Food Lion,6.99,meat,2026-09-02,2026-09-08
Chomps Chomplings Beef Sticks,Food Lion,6.99,meat,2026-06-17,2026-06-23
Crispy Chicken Sandwich,Food Lion,3.49,meat,2026-05-27,2026-06-02
Cubed Steak,Food Lion,7.49,meat,2026-04-22,2026-04-28
Cubed Steak,Food Lion,7.49,meat,2026-05-13,2026-05-19
Cubed Steak,Food Lion,7.99,meat,2026-06-03,2026-06-09
Cubed Steak,Food Lion,7.99,meat,2026-07-22,2026-07-28
Curly's Pulled Pork,Food Lion,4.99,meat,2026-05-13,2026-05-19
DIETZ & WATSON WIENERS,Food Lion,4.99,meat,2026-06-10,2026-06-16
Eckrich Smoked Sausage,Food Lion,2.99,meat,2026-04-22,2026-04-28
Food Lion Chicken or Turkey Breast,Food Lion,5.99,meat,2026-04-29,2026-05-05
Food Lion Chicken or Turkey Breast,Food Lion,6.99,meat,2026-07-22,2026-07-28
Food Lion Fresh Dinner Sausage,Food Lion,3.49,meat,2026-05-13,2026-05-19
Food Lion Fresh Dinner Sausage,Food Lion,3.49,meat,2026-06-03,2026-06-09
Food Lion Fresh Dinner Sausage,Food Lion,3.49,meat,2026-07-01,2026-07-07
Food Lion Fully Cooked Bacon,Food Lion,3.99,meat,2026-05-13,2026-05-19
Food Lion Hickory Smoked Ham Steak,Food Lion,2.99,meat,2026-05-27,2026-06-02
Food Lion Hot Dog Chili Sauce,Food Lion,0.88,meat,2026-05-13,2026-05-19
Food Lion Sliced Bacon,Food Lion,4.29,meat,2026-05-06,2026-05-12
Food Lion Sliced Bacon,Food Lion,4.29,meat,2026-06-03,2026-06-09
Food Lion Smoked Sausage,Food Lion,3.49,meat,2026-06-17,2026-06-23
Food Lion Steak Sauce,Food Lion,2.99,meat,2026-04-29,2026-05-05
Godshall's Turkey Bacon,Food Lion,5.19,meat,2026-04-22,2026-04-28
73% Lean Fresh Ground Beef Patties,Food Lion,5.79,meat,2026-04-22,2026-04-28
Nature's Promise Organic Ground Beef,Food Lion,7.29,meat,2026-04-22,2026-04-28
80% Lean Fresh Ground Chuck,Food Lion,4.49,meat,2026-04-22,2026-04-28
93% Lean Fresh Ground Beef,Food Lion,7.19,meat,2026-04-29,2026-05-05
80% Lean Ground Chuck,Food Lion,5.79,meat,2026-05-06,2026-05-12
73% Lean Fresh Ground Beef Patties,Food Lion,4.99,meat,2026-05-13,2026-05-19
85% Lean Fresh Ground Round,Food Lion,6.59,meat,2026-05-13,2026-05-19
73% Lean Fresh Ground Beef,Food Lion,3.99,meat,2026-05-20,2026-05-26
85% Lean Fresh Ground Round Patties,Food Lion,6.49,meat,2026-05-27,2026-06-02
Food Lion Ground Beef Patties,Food Lion,19.99,meat,2026-05-27,2026-06-02
Nature's Promise Organic Ground Beef,Food Lion,6.59,meat,2026-05-27,2026-06-02
93% Lean Ground Beef,Food Lion,7.29,meat,2026-05-27,2026-06-02
80% Lean Fresh Ground Chuck,Food Lion,5.79,meat,2026-06-03,2026-06-09
73% Lean Fresh Ground Beef,Food Lion,4.59,meat,2026-06-10,2026-06-16
85% Lean Fresh Ground Round,Food Lion,6.59,meat,2026-06-17,2026-06-23
85% Lean Fresh Ground Round,Food Lion,6.59,meat,2026-07-01,2026-07-07
73% Lean Fresh Ground Beef,Food Lion,3.99,meat,2026-07-22,2026-07-28
85% Lean Fresh Ground Round Patties,Food Lion,6.49,meat,2026-07-22,2026-07-28
Food Lion Ground Beef Patties,Food Lion,19.99,meat,2026-07-22,2026-07-28
85% LEAN FRESH GROUND ROUND,Food Lion,6.59,meat,2026-09-02,2026-09-08
Hillshire Farm Smoked Dinner Sausage,Food Lion,3.99,meat,2026-05-13,2026-05-19
Hillshire Farm Smoked Dinner Sausage,Food Lion,3.99,meat,2026-06-17,2026-06-23
Hillshire Farm Smoked Dinner Sausage,Food Lion,3.49,meat,2026-07-01,2026-07-07
Hillshire Farm Smoked Dinner Sausage,Food Lion,2.99,meat,2026-09-02,2026-09-08
Hormel Bacon,Food Lion,4.99,meat,2026-05-13,2026-05-19
Hormel Bacon,Food Lion,4.99,meat,2026-06-10,2026-06-16
Hormel Bacon,Food Lion,4.99,meat,2026-07-01,2026-07-07
Jack Daniel's Pulled Pork or Chicken,Food Lion,6.99,meat,2026-05-27,2026-06-02
JACK DANIEL'S SMOKED SAUSAGE,Food Lion,4.49,meat,2026-05-20,2026-05-26
Jimmy Dean Breakfast Sausage or Bacon,Food Lion,3.99,meat,2026-04-29,2026-05-05
Johnsonville Breakfast Sausage Patties or Links,Food Lion,3.99,meat,2026-05-13,2026-05-19
Johnsonville Fully Cooked Dinner Sausage,Food Lion,3.99,meat,2026-05-06,2026-05-12
Johnsonville Fully Cooked Dinner Sausage Links,Food Lion,3.99,meat,2026-05-20,2026-05-26
Johnsonville Fully Cooked Dinner Sausage Links,Food Lion,3.99,meat,2026-06-03,2026-06-09
LA CHONA CHEESE OR CHORIZO CRUMBLES,Food Lion,3.49,meat,2026-09-02,2026-09-08
Lumber Jack Smoked Sausage,Food Lion,4.69,meat,2026-06-10,2026-06-16
Marc Angelo Fresh Dinner Sausage,Food Lion,3.49,meat,2026-05-06,2026-05-12
Miami Beef Smashed Burgers or 100% Beef Patties,Food Lion,8.99,meat,2026-05-06,2026-05-12
Miami Beef Smashed Burgers or 100% Beef Patties,Food Lion,8.99,meat,2026-06-10,2026-06-16
Miami Beef Smashed Burgers or 100% Beef Patties,Food Lion,8.99,meat,2026-07-01,2026-07-07
MRS. CUBBISON'S CROUTONS,Food Lion,3.0,meat,2026-07-01,2026-07-07
Nature's Promise All Natural Ground Chicken,Food Lion,2.49,meat,2026-04-22,2026-04-28
Nature's Promise All Natural Ground Chicken,Food Lion,2.49,meat,2026-06-17,2026-06-23
Nature's Promise Turkey Breast Steaks,Food Lion,6.49,meat,2026-04-29,2026-05-05
Oscar Mayer Bacon Bits Or Pieces,Food Lion,6.0,meat,2026-06-10,2026-06-16
Oscar Mayer Beef Franks,Food Lion,4.49,meat,2026-05-06,2026-05-12
Oscar Mayer Beef Franks,Food Lion,3.99,meat,2026-06-10,2026-06-16
Oscar Mayer Meat Franks,Food Lion,5.0,meat,2026-07-01,2026-07-07
Oscar Mayer Meat Franks,Food Lion,5.0,meat,2026-07-22,2026-07-28
Oscar Mayer Meat Franks,Food Lion,5.0,meat,2026-09-02,2026-09-08
Oscar Mayer Sliced Bacon,Food Lion,5.99,meat,2026-04-29,2026-05-05
Oscar Mayer Sliced Bacon,Food Lion,5.49,meat,2026-05-27,2026-06-02
Oscar Mayer Sliced Bacon,Food Lion,5.49,meat,2026-06-17,2026-06-23
Pilgrim's Chicken Nuggets,Food Lion,4.99,meat,2026-04-29,2026-05-05
Pilgrim's Chicken Nuggets,Food Lion,4.99,meat,2026-07-22,2026-07-28
PORK BABY BACK RIBS,Food Lion,2.99,meat,2026-04-22,2026-04-28
Pork Chops,Food Lion,3.49,meat,2026-04-22,2026-04-28
Pork Chops,Food Lion,4.29,meat,2026-04-29,2026-05-05
Boneless Pork Loin Roast or Whole Pork Tenderloin,Food Lion,1.99,meat,2026-04-29,2026-05-05
Hatfield Marinated Pork Tenderloin,Food Lion,5.99,meat,2026-05-06,2026-05-12
Pork Chops,Food Lion,3.49,meat,2026-05-13,2026-05-19
Pork Chops,Food Lion,2.99,meat,2026-05-13,2026-05-19
Smithfield Marinated Pork Loin Filet,Food Lion,7.99,meat,2026-05-13,2026-05-19
PORK CHOPS,Food Lion,4.29,meat,2026-05-20,2026-05-26
Smithfield Marinated Pork Tenderloin,Food Lion,5.99,meat,2026-05-27,2026-06-02
Boneless Pork Loin Roast or Whole Pork Tenderloin,Food Lion,1.99,meat,2026-05-27,2026-06-02
Pork Chops,Food Lion,2.99,meat,2026-06-03,2026-06-09
Smithfield Marinated Pork Loin Filet,Food Lion,7.99,meat,2026-06-10,2026-06-16
Pork Chops,Food Lion,3.49,meat,2026-06-10,2026-06-16
Pork Chops,Food Lion,2.99,meat,2026-06-10,2026-06-16
PORK CHOPS,Food Lion,3.49,meat,2026-07-01,2026-07-07
Pork Chops,Food Lion,2.99,meat,2026-07-22,2026-07-28
Pork Chops,Food Lion,3.49,meat,2026-09-02,2026-09-08
Fresh Pork Picnic,Food Lion,1.49,meat,2026-07-01,2026-07-07
Smithfield Bacon,Food Lion,4.49,meat,2026-04-22,2026-04-28
Smithfield Bacon,Food Lion,4.99,meat,2026-05-20,2026-05-26
Smithfield Bacon,Food Lion,4.49,meat,2026-09-02,2026-09-08
SMITHFIELD BREAKFAST SAUSAGE LINKS OR PATTIES,Food Lion,2.99,meat,2026-06-17,2026-06-23
Smithfield Hickory Smoked Ham Steak,Food Lion,2.99,meat,2026-07-22,2026-07-28
SMITHFIELD SWEET & SMOKY BBQ BABY BACK RIBS,Food Lion,14.99,meat,2026-06-17,2026-06-23
SMITHFIELD SWEET & SMOKY BBQ BABY BACK RIBS,Food Lion,14.99,meat,2026-07-22,2026-07-28
SMITHFIELD SWEET & SMOKY BBQ BABY BACK RIBS,Food Lion,14.99,meat,2026-09-02,2026-09-08
St. Louis Style Pork Ribs,Food Lion,2.99,meat,2026-05-06,2026-05-12
St. Louis Style Pork Ribs,Food Lion,3.99,meat,2026-05-27,2026-06-02
St. Louis Style Pork Ribs,Food Lion,2.99,meat,2026-06-17,2026-06-23
St. Louis Style Pork Ribs,Food Lion,2.99,meat,2026-07-01,2026-07-07
St. Louis Style Pork Ribs,Food Lion,2.99,meat,2026-09-02,2026-09-08
Starkist Chicken Pouches,Food Lion,1.69,meat,2026-06-03,2026-06-09
A.1. Steak Sauce,Food Lion,4.99,meat,2026-05-06,2026-05-12
A.1. Steak Sauce,Food Lion,4.99,meat,2026-05-20,2026-05-26
A.1. Steak Sauce,Food Lion,4.0,meat,2026-05-27,2026-06-02
A.1. Steak Sauce,Food Lion,4.99,meat,2026-09-02,2026-09-08
Swift Dry Rub St. Louis Style Pork Ribs,Food Lion,4.99,meat,2026-04-29,2026-05-05
Swift Dry Rub St. Louis Style Pork Ribs,Food Lion,4.99,meat,2026-06-03,2026-06-09
Taste of Inspirations Turkey Breast,Food Lion,7.99,meat,2026-05-06,2026-05-12
Taste of Inspirations Turkey Breast,Food Lion,8.99,meat,2026-05-20,2026-05-26
Taste of Inspirations Turkey Breast,Food Lion,7.99,meat,2026-07-01,2026-07-07
Abound Chicken & Beef Variety Pack Cups Wet Dog Food,Harris Teeter,12.99,meat,2026-06-10,2026-06-16
Aidells Chicken Sausage,Harris Teeter,10.0,meat,2026-07-22,2026-07-28
Al Fresco Chicken Sausage Links,Harris Teeter,9.0,meat,2026-05-27,2026-06-02
Amylu Chicken Sausage Meatballs,Harris Teeter,5.99,meat,2026-04-22,2026-04-28
Angie's Boom Chicken Pop,Harris Teeter,5.0,meat,2026-04-29,2026-05-05
Angus Whole Beef Brisket,Harris Teeter,5.99,meat,2026-06-17,2026-06-23
Anthem Beef Stick,Harris Teeter,15.99,meat,2026-05-20,2026-06-16
Anthem Beef Stick,Harris Teeter,15.99,meat,2026-06-17,2026-07-14
Applewood Bacon Smash Burger,Harris Teeter,9.99,meat,2026-04-22,2026-04-28
Bacon Up Bacon Grease Rendered Fat,Harris Teeter,6.99,meat,2026-06-17,2026-07-14
BonelesNews York Strip Steaks,Harris Teeter,13.99,meat,2026-04-22,2026-04-28
Boneless New York Strip Steaks,Harris Teeter,15.99,meat,2026-04-22,2026-04-28
Sirloin Tip Steak,Harris Teeter,6.99,meat,2026-04-22,2026-04-28
Villari Prime Pork Chopors Ribeye Chops,Harris Teeter,12.0,meat,2026-04-22,2026-04-28
Verde Organic Ribeye Steak,Harris Teeter,13.99,meat,2026-04-22,2026-05-19
PRE Grass Fed New York Strip Steaks,Harris Teeter,13.99,meat,2026-04-29,2026-05-05
Porterhouse or T-Bone Steak,Harris Teeter,13.99,meat,2026-04-29,2026-05-05
Porterhouse or T-Bone Steak,Harris Teeter,11.99,meat,2026-04-29,2026-05-05
Villari Prime Pork Chops or Ribeye Chops,Harris Teeter,12.0,meat,2026-05-06,2026-05-12
Top Sirloin Filet Steak,Harris Teeter,12.99,meat,2026-05-06,2026-05-12
Ribeye Steak,Harris Teeter,12.99,meat,2026-05-13,2026-05-19
Heritage Sliced Ribeye,Harris Teeter,8.99,meat,2026-05-13,2026-05-19
New York Strip Steak,Harris Teeter,14.99,meat,2026-05-13,2026-05-19
New York Strip Steaks,Harris Teeter,12.99,meat,2026-05-13,2026-05-19
Verde Organic Ribeye Steak,Harris Teeter,13.99,meat,2026-05-20,2026-06-16
Ribeye Steaks,Harris Teeter,9.99,meat,2026-05-20,2026-05-26
Top Sirloin Filet Steak,Harris Teeter,12.99,meat,2026-05-20,2026-05-26
Thomas Foods Grass Fed Boneless Ribeye Steak,Harris Teeter,12.99,meat,2026-05-20,2026-05-26
Boneless Ribeye Steak,Harris Teeter,13.99,meat,2026-05-20,2026-05-26
Porterhouse or T-Bone Steak,Harris Teeter,13.99,meat,2026-05-27,2026-06-02
T-bone Porterhouse Steaks,Harris Teeter,9.99,meat,2026-05-27,2026-06-02
Verde Organic Ribeye Steak,Harris Teeter,13.99,meat,2026-05-27,2026-06-02
Boneless New York Strip Steak,Harris Teeter,9.99,meat,2026-06-03,2026-06-09
Sirloin Tip Steak,Harris Teeter,7.99,meat,2026-06-03,2026-06-09
Villari Prime Pork Chops or Ribeye Chops,Harris Teeter,12.0,meat,2026-06-03,2026-06-09
Verde Organic Strip Steak,Harris Teeter,10.99,meat,2026-06-03,2026-06-09
New York Strip Steak,Harris Teeter,13.99,meat,2026-06-03,2026-06-09
Top Sirloin Filet Steaks,Harris Teeter,8.99,meat,2026-06-10,2026-06-16
Porterhouse or T-Bone Steak,Harris Teeter,12.99,meat,2026-06-10,2026-06-16
Boneless New York Strip Steak,Harris Teeter,10.99,meat,2026-06-17,2026-06-23
Pre Grass Fed New York Strip Steak,Harris Teeter,12.99,meat,2026-06-17,2026-06-23
Heritage Sliced Ribeye,Harris Teeter,8.99,meat,2026-06-17,2026-06-23
New York Strip Steak,Harris Teeter,14.99,meat,2026-06-17,2026-06-23
Pre Ribeye Steak,Harris Teeter,13.99,meat,2026-07-01,2026-07-07
Ribeye Steaks,Harris Teeter,9.99,meat,2026-07-01,2026-07-07
Boneless Ribeye Steak,Harris Teeter,14.99,meat,2026-07-01,2026-07-07
Top Sirloin Filet Steak,Harris Teeter,12.99,meat,2026-07-01,2026-07-07
Villari Prime Pork Chops or Ribeye Chops,Harris Teeter,12.0,meat,2026-07-01,2026-07-07
Porterhouse or T-Bone Steak,Harris Teeter,13.99,meat,2026-07-22,2026-07-28
Pre Grass Fed Ribeye Steak,Harris Teeter,12.99,meat,2026-07-22,2026-07-28
T-Bone or Porterhouse Steaks,Harris Teeter,10.99,meat,2026-07-22,2026-07-28
Sirloin Tip Steak,Harris Teeter,7.99,meat,2026-07-22,2026-07-28
Ribeye Steaks,Harris Teeter,9.99,meat,2026-09-02,2026-09-08
Thomas Farms Grass Fed Ribeye Steak,Harris Teeter,13.99,meat,2026-09-02,2026-09-08
Boneless Ribeye Steak,Harris Teeter,13.99,meat,2026-09-02,2026-09-08
Boar's Head Cracked Pepper Mill Turkey Breast,Harris Teeter,13.99,meat,2026-05-13,2026-05-19
Boar's Head Cracked Pepper Mill Turkey Breast,Harris Teeter,13.99,meat,2026-06-03,2026-06-09
Boar's Head Lower Sodium Turkey Breast,Harris Teeter,13.99,meat,2026-06-17,2026-06-23
Boar's Head Maple Glazed Honey Coat Turkey Breast,Harris Teeter,13.99,meat,2026-05-06,2026-05-12
Boar's Head Maple Glazed Honey Coat Turkey Breast,Harris Teeter,13.99,meat,2026-05-27,2026-06-02
Boar's Head Maple Glazed Honey Coat Turkey Breast,Harris Teeter,13.99,meat,2026-07-22,2026-07-28
Boar's Head Ovengold Turkey Breast,Harris Teeter,13.99,meat,2026-04-29,2026-05-05
Boar's Head Pitcraft Slow Smoked Turkey Breast,Harris Teeter,13.99,meat,2026-06-10,2026-06-16
Bridgford Smokehouse Sausage Sticks,Harris Teeter,4.99,meat,2026-05-27,2026-06-02
Butterball Farm to Family Ground Turkey,Harris Teeter,5.99,meat,2026-04-29,2026-05-05
Butterball Farm to Family Ground Turkey,Harris Teeter,5.99,meat,2026-07-22,2026-07-28
Butterball Farm to Family Ground Turkey,Harris Teeter,5.99,meat,2026-09-02,2026-09-08
Butterball Farm to Family Turkey Burger,Harris Teeter,6.99,meat,2026-09-02,2026-09-08
Butterball Farm to Family Turkey Patties,Harris Teeter,6.99,meat,2026-05-20,2026-05-26
Butterball Turkey Sausage Links or Patties or Turkey Bacon,Harris Teeter,8.0,meat,2026-05-13,2026-05-19
Campbell's Cream of Mushroom or Cream of Chicken Soup,Harris Teeter,3.0,meat,2026-04-29,2026-05-05
Campbell's Cream of Mushroom or Cream of Chicken Soup,Harris Teeter,3.0,meat,2026-05-20,2026-05-26
Carando Dinner Sausage Link,Harris Teeter,5.99,meat,2026-06-10,2026-06-16
Castleberry's Hot Dog Chili Sauce,Harris Teeter,10.0,meat,2026-06-17,2026-06-23
Chicken Fajita Stir Fry,Harris Teeter,4.99,meat,2026-04-29,2026-05-05
Smart Chicken Breast,Harris Teeter,4.99,meat,2026-04-22,2026-04-28
Chicken Drumsticks,Harris Teeter,1.49,meat,2026-04-22,2026-04-28
SMART Antibiotic Free Whole Chicken,Harris Teeter,3.49,meat,2026-04-22,2026-04-28
Harris Teeter Chicken Breast Tenderloins,Harris Teeter,4.99,meat,2026-04-29,2026-05-05
Harris Teeter Chicken Wings,Harris Teeter,3.99,meat,2026-04-29,2026-05-05
SMART Chicken Breasts or Tenderloins,Harris Teeter,5.99,meat,2026-04-29,2026-05-05
Harris Teeter Fresh Chicken Tenders,Harris Teeter,4.99,meat,2026-05-06,2026-05-12
Harris Teeter Slit Chicken Breasts,Harris Teeter,2.49,meat,2026-05-06,2026-05-12
SMART Chicken Boneless Chicken Breast Cutlets,Harris Teeter,4.99,meat,2026-05-06,2026-05-12
Fresh Foods Market Rotisserie Chicken Salad,Harris Teeter,5.99,meat,2026-05-06,2026-05-12
Harris Teeter Boneless Chicken Breasts,Harris Teeter,1.79,meat,2026-05-13,2026-05-19
Harris Teeter Fresh Whole Chicken,Harris Teeter,1.59,meat,2026-05-13,2026-05-19
Harris Teeter Chicken Breast Tenderloins,Harris Teeter,4.99,meat,2026-05-20,2026-05-26
Chicken leg Quarters,Harris Teeter,1.49,meat,2026-05-27,2026-06-02
Harris Teeter Chicken Wings,Harris Teeter,2.49,meat,2026-05-27,2026-06-02
Harris Teeter Boneless Chicken Breast,Harris Teeter,2.49,meat,2026-06-03,2026-06-09
SMART Antibiotic Free Chicken Leg Quarters,Harris Teeter,1.99,meat,2026-06-03,2026-06-09
Chicken Tenderloins,Harris Teeter,5.99,meat,2026-06-03,2026-06-09
Harris Teeter Split Chicken Breasts,Harris Teeter,2.49,meat,2026-06-03,2026-06-09
Rotisserie Chicken Salad,Harris Teeter,6.99,meat,2026-06-10,2026-06-16
Harris Teeter Fresh Whole Chicken,Harris Teeter,1.59,meat,2026-06-10,2026-06-16
Smart Organic Chicken Drumsticks,Harris Teeter,3.99,meat,2026-06-10,2026-06-16
Perdue Cutlets or Diced Chicken Breast,Harris Teeter,7.99,meat,2026-06-10,2026-06-16
Farmer Focus Organic Chicken Tenders,Harris Teeter,8.99,meat,2026-06-17,2026-07-14
Harris Teeter Chicken Wings,Harris Teeter,3.49,meat,2026-06-17,2026-06-23
Harris Teeter Fresh Whole Chicken,Harris Teeter,1.59,meat,2026-06-17,2026-06-23
Harris Teeter Chicken Drumsticks,Harris Teeter,1.49,meat,2026-07-01,2026-07-07
Farmer Focus Boneless Chicken Thighs,Harris Teeter,7.99,meat,2026-07-01,2026-07-07
Perdue Fresh Chicken Breast Cutlets,Harris Teeter,7.99,meat,2026-07-01,2026-07-07
Harris Teeter Chicken Breast Tenderloins,Harris Teeter,4.99,meat,2026-07-01,2026-07-07
Farmer Focus Organic Chicken Wings,Harris Teeter,4.99,meat,2026-07-15,2026-08-11
Farmer Focus Organic Boneless Chicken Breast,Harris Teeter,8.99,meat,2026-07-22,2026-07-28
Harris Teeter Fresh Whole Chicken,Harris Teeter,1.59,meat,2026-07-22,2026-07-28
16 oz. Perdue Fresh Chicken Cutlets or 1.25 lb Chicken Breast,Harris Teeter,7.99,meat,2026-09-02,2026-09-08
Perdue Frozen Chicken Tenders or Nuggets,Harris Teeter,5.99,meat,2026-09-02,2026-09-08
Harris Teeter Split Chicken Breasts,Harris Teeter,2.49,meat,2026-09-02,2026-09-08
Harris Teeter Chicken Wings,Harris Teeter,2.99,meat,2026-09-02,2026-09-08
Smart Organic Ground Chicken Breast,Harris Teeter,7.99,meat,2026-08-12,2026-09-08
Chuck Tender Steak,Harris Teeter,8.99,meat,2026-05-13,2026-05-19
Chuck Tender Steak,Harris Teeter,8.99,meat,2026-06-10,2026-06-16
Country Archer Mini Turkey & Beef tick,Harris Teeter,13.99,meat,2026-05-20,2026-05-26
Double Slab Baby Back Ribs,Harris Teeter,16.99,meat,2026-05-20,2026-05-26
Double Slab Fully Cooked Baby Back Ribs,Harris Teeter,16.99,meat,2026-07-01,2026-07-07
Double Slab Fully Cooked Baby Back Ribs,Harris Teeter,18.0,meat,2026-09-02,2026-09-08
Farm to Family Butterball Ground Turkey,Harris Teeter,5.99,meat,2026-05-20,2026-05-26
Filet Mignon Steak,Harris Teeter,22.99,meat,2026-05-06,2026-05-12
Filet Mignon Steak,Harris Teeter,24.99,meat,2026-05-06,2026-05-12
Flank Steak,Harris Teeter,12.99,meat,2026-05-13,2026-05-19
Flock Chicken Skin Crisps,Harris Teeter,5.49,meat,2026-06-17,2026-07-14
Fresh Foods Market Full Cooked BBQ Baby Back Ribs,Harris Teeter,8.99,meat,2026-05-20,2026-05-26
Fresh Foods Market Fully Cooked Baby Back Ribs,Harris Teeter,16.99,meat,2026-05-27,2026-06-02
Fresh Foods Market Fully Cooked Baby Back Ribs,Harris Teeter,8.99,meat,2026-07-01,2026-07-07
Fresh Foods Market Fully Cooked Baby Back Ribs,Harris Teeter,9.0,meat,2026-09-02,2026-09-08
Fully Cooked Baby Back Ribs,Harris Teeter,16.99,meat,2026-06-03,2026-06-09
Fully Cooked BBQ Baby Back Ribs,Harris Teeter,8.99,meat,2026-05-27,2026-06-02
Fully Cooked BBQ Baby Back Ribs,Harris Teeter,9.0,meat,2026-06-03,2026-06-09
Fully Cooked BBQ Baby Back Ribs,Harris Teeter,8.99,meat,2026-06-17,2026-06-23
Gleezy Brisket Dog,Harris Teeter,6.99,meat,2026-05-20,2026-05-26
90% Lean Ground Beef,Harris Teeter,6.99,meat,2026-04-22,2026-04-28
Snake River Wagyu Ground Beef,Harris Teeter,9.99,meat,2026-04-29,2026-05-05
93% Lean Fresh Ground Beef,Harris Teeter,6.99,meat,2026-04-29,2026-05-05
80% Lean Ground Chuck,Harris Teeter,5.49,meat,2026-05-06,2026-05-12
Harris Teeter 85% lean Ground Turkey,Harris Teeter,11.99,meat,2026-05-06,2026-05-12
Verde Organic 93% Lean Ground Beef,Harris Teeter,9.99,meat,2026-05-06,2026-05-12
Hickory Nut Ground Beef,Harris Teeter,8.99,meat,2026-05-13,2026-05-19
80% Lean Ground Beef,Harris Teeter,7.99,meat,2026-05-13,2026-05-19
Harris Teeter 93% Lean Ground Beef,Harris Teeter,6.99,meat,2026-05-13,2026-05-19
80% Lean Ground Chuck,Harris Teeter,5.49,meat,2026-05-20,2026-05-26
Verde 80% Lean Ground Beef,Harris Teeter,8.99,meat,2026-05-20,2026-05-26
Snake River Farms Wagyu Ground Beef,Harris Teeter,8.99,meat,2026-05-20,2026-05-26
Hickory Nut Gap Ground Beef,Harris Teeter,9.99,meat,2026-05-27,2026-06-02
Thomas Grass-Fed Ground Beef,Harris Teeter,7.99,meat,2026-05-27,2026-06-02
Prime Ground Beef,Harris Teeter,6.99,meat,2026-05-27,2026-06-02
93% Lean Ground Beef,Harris Teeter,6.99,meat,2026-05-27,2026-06-02
PRE Grass-Fed Ground Beef,Harris Teeter,6.99,meat,2026-06-03,2026-06-09
Verde Organic 93% Lean Ground Beef,Harris Teeter,9.99,meat,2026-06-10,2026-06-16
USDA Prime Ground Beef Patties,Harris Teeter,10.0,meat,2026-06-10,2026-06-16
American Kobe Ground Beef,Harris Teeter,8.99,meat,2026-06-10,2026-06-16
93% Lean Ground Beef,Harris Teeter,6.99,meat,2026-06-10,2026-06-16
Snake River Farms Wagyu Ground Beef,Harris Teeter,9.49,meat,2026-06-17,2026-06-23
80% Lean Ground Chuck,Harris Teeter,5.49,meat,2026-06-17,2026-06-23
Prime Ground Beef,Harris Teeter,6.99,meat,2026-06-17,2026-06-23
80% Lean Ground Chuck,Harris Teeter,5.49,meat,2026-07-01,2026-07-07
93% Lean Ground Beef,Harris Teeter,6.99,meat,2026-07-22,2026-07-28
Verde Organic Grass Fed 80% Lean Ground Beef,Harris Teeter,8.99,meat,2026-07-22,2026-07-28
93% Lean Ground Beef or 20.80 oz. pkg. Harris Teeter Ground Turkey,Harris Teeter,6.99,meat,2026-09-02,2026-09-08
Harris Teeter Prime Ground Beef Patty,Harris Teeter,10.0,meat,2026-09-02,2026-09-08
Ground Pork,Harris Teeter,10.0,meat,2026-09-02,2026-09-08
Harris Teeter Bacon,Harris Teeter,4.99,meat,2026-07-22,2026-07-28
Harris Teeter Bacon Bits or Pieces,Harris Teeter,5.0,meat,2026-04-22,2026-04-28
Harris Teeter Bacon Bits or Pieces,Harris Teeter,5.0,meat,2026-04-29,2026-05-05
Harris Teeter Bacon Bits or Pieces,Harris Teeter,5.0,meat,2026-06-10,2026-06-16
2.8 -.3 oz. Harris Teeter Bacon Bits or Pieces or 11.5 - 12 oz. Squeeze Mayo,Harris Teeter,5.0,meat,2026-05-13,2026-05-19
Harris Teeter Breakfast Sausage,Harris Teeter,3.99,meat,2026-04-22,2026-04-28
Harris Teeter Breakfast Sausage Links or Patties,Harris Teeter,8.0,meat,2026-07-01,2026-07-07
12 oz. Harris Teeter Buffalo Wing Sauce or 11 oz. Chicken or Burger Sauce,Harris Teeter,4.0,meat,2026-05-20,2026-05-26
Harris Teeter Chicken Broth,Harris Teeter,4.0,meat,2026-04-22,2026-04-28
Harris Teeter Chicken Broth,Harris Teeter,5.0,meat,2026-05-27,2026-06-02
Harris Teeter Chicken Broth,Harris Teeter,3.0,meat,2026-07-22,2026-07-28
Harris Teeter Chicken or Burger Sauce,Harris Teeter,4.0,meat,2026-05-13,2026-05-19
Harris Teeter Chicken Stock,Harris Teeter,5.0,meat,2026-04-22,2026-04-28
Harris Teeter Grill Sausage,Harris Teeter,5.0,meat,2026-04-22,2026-04-28
Harris Teeter Grilling Sausage,Harris Teeter,10.0,meat,2026-05-13,2026-05-19
18 oz. Harris Teeter Grilling Sausage or 14 oz. HT Traders All Beef Franks,Harris Teeter,9.0,meat,2026-05-20,2026-05-26
Harris Teeter Hot Ground Sausage,Harris Teeter,9.0,meat,2026-05-13,2026-05-19
Harris Teeter Prime Rib Beef Hamburger Patties,Harris Teeter,10.49,meat,2026-07-01,2026-07-07
Harris Teeter Prime Rib Beef Hamburger Patty,Harris Teeter,10.49,meat,2026-09-02,2026-09-08
Harris Teeter Sausage Gravy,Harris Teeter,1.79,meat,2026-04-22,2026-04-28
Harris Teeter Sausage Gravy,Harris Teeter,1.79,meat,2026-04-29,2026-05-05
Harris Teeter Sausage Gravy,Harris Teeter,1.79,meat,2026-06-03,2026-06-09
Harris Teeter Steak Sauce,Harris Teeter,5.0,meat,2026-04-22,2026-04-28
Hebrew National Beef Franks,Harris Teeter,10.0,meat,2026-09-02,2026-09-08
10 oz. Heinz 57 or A.1. Steak Sauce,Harris Teeter,2.99,meat,2026-05-06,2026-05-12
10 oz. Heinz 57 or A.1. Steak Sauce,Harris Teeter,2.99,meat,2026-05-20,2026-05-26
10 oz. Heinz 57 or A.1. Steak Sauce,Harris Teeter,2.99,meat,2026-07-01,2026-07-07
10 oz. Heinz 57 or A.1. Steak Sauce,Harris Teeter,2.99,meat,2026-09-02,2026-09-08
Hidden Valley Chicken Toppers,Harris Teeter,4.99,meat,2026-06-03,2026-06-09
Hormel Real Crumbled Bacon,Harris Teeter,13.99,meat,2026-05-20,2026-05-26
HT Traders Beef Hot Dogs,Harris Teeter,9.0,meat,2026-07-22,2026-07-28
HT Traders Chicken Biscuit,Harris Teeter,5.99,meat,2026-06-10,2026-06-16
HT Traders Chicken Biscuits,Harris Teeter,5.99,meat,2026-06-03,2026-06-09
HT Traders Jalapeno Brisket Jerky,Harris Teeter,5.49,meat,2026-05-27,2026-06-02
jack Link's Beef Jerky,Harris Teeter,12.19,meat,2026-04-22,2026-04-28
Jimmy Dean Sausage,Harris Teeter,10.0,meat,2026-04-22,2026-04-28
Jimmy Dean Sausage,Harris Teeter,9.0,meat,2026-05-06,2026-05-12
Johnsonville Firecracker Bratwurst,Harris Teeter,6.99,meat,2026-05-27,2026-06-02
Johnsonville Grilling Sausage,Harris Teeter,11.0,meat,2026-07-01,2026-07-07
Johnsonville Sausage,Harris Teeter,9.0,meat,2026-07-01,2026-07-07
Johnsonville Sausage Links or Patties,Harris Teeter,9.0,meat,2026-06-10,2026-06-16
Kevin's Chicken Entrees,Harris Teeter,8.99,meat,2026-06-03,2026-06-09
Store Made Beef Kabobs with Vegetables,Harris Teeter,10.99,meat,2026-09-02,2026-09-08
Store Made SMART Chicken Kabobs,Harris Teeter,6.99,meat,2026-06-17,2026-06-23
Marinated Chicken Skewers,Harris Teeter,5.99,meat,2026-05-13,2026-05-19
Mighty Spark Chicken Jerky,Harris Teeter,6.99,meat,2026-06-17,2026-06-23
Mighty Spark Chicken Jerky,Harris Teeter,6.99,meat,2026-07-01,2026-07-07
Newman's Own Beef Jerky Dog Treats,Harris Teeter,11.99,meat,2026-06-10,2026-06-16
Niman Ranch Antibiotic Free Ground Pork,Harris Teeter,10.0,meat,2026-06-03,2026-06-09
North Country Organic Bacon,Harris Teeter,5.99,meat,2026-04-29,2026-05-05
A.1. or Heinz 57 Steak Sauce,Harris Teeter,2.99,meat,2026-06-17,2026-06-23
Oscar Mayer Bacon Bits Or Pieces,Harris Teeter,2.99,meat,2026-07-22,2026-07-28
Pacific Organic Beef or Chicken Broth,Harris Teeter,6.0,meat,2026-04-22,2026-04-28
Pacific Organic Chicken Stock,Harris Teeter,8.0,meat,2026-04-22,2026-04-28
Perdue Ground Chicken,Harris Teeter,4.99,meat,2026-04-29,2026-05-05
Perdue Ground Chicken,Harris Teeter,9.0,meat,2026-05-20,2026-05-26
Perdue Ground Chicken,Harris Teeter,5.49,meat,2026-06-17,2026-06-23
Boneless Pork Chops,Harris Teeter,6.99,meat,2026-04-29,2026-05-05
Niman Ranch Pork Tenderloin,Harris Teeter,10.99,meat,2026-05-06,2026-05-12
Niman Ranch Antibiotic Free Pork Tenderloin,Harris Teeter,10.99,meat,2026-05-20,2026-05-26
Niman Ranch Antibiotic Free Bone-In Pork Chops,Harris Teeter,5.99,meat,2026-05-27,2026-06-02
Center Cut Bone-In Pork Chops,Harris Teeter,4.49,meat,2026-06-03,2026-06-09
Smithfield Half Boneless Pork Loin,Harris Teeter,2.49,meat,2026-06-10,2026-06-16
Niman Ranch Boneless Pork Loin,Harris Teeter,5.99,meat,2026-06-10,2026-06-16
Smithfield Boneless Pork Tenderloin,Harris Teeter,3.99,meat,2026-07-01,2026-07-07
Niman Ranch Antibiotic Free Boneless Pork Chops,Harris Teeter,6.99,meat,2026-07-01,2026-07-07
Pork Tenderloin,Harris Teeter,10.99,meat,2026-07-22,2026-07-28
Assorted Pork Chops,Harris Teeter,3.99,meat,2026-07-22,2026-07-28
Center Cut Bone-In Pork Chops,Harris Teeter,4.49,meat,2026-09-02,2026-09-08
PRE Filet Mignon Steak,Harris Teeter,10.99,meat,2026-06-10,2026-06-16
The New Primal Snack Mates Mini Meat Sticks,Harris Teeter,5.49,meat,2026-07-15,2026-08-11
Prime Rib Beef Hamburger Patties,Harris Teeter,9.99,meat,2026-05-20,2026-05-26
Private Selection Angus Steakhouse Burgers,Harris Teeter,13.99,meat,2026-05-13,2026-05-19
Private Selection Beef Patties,Harris Teeter,13.99,meat,2026-07-22,2026-07-28
Private Selection Brisket Chuck Patty,Harris Teeter,12.0,meat,2026-09-02,2026-09-08
Private Selection Hot Dogs,Harris Teeter,10.0,meat,2026-06-10,2026-06-16
Private Selection Hot Pepper Bacon or Honey Fig Spread,Harris Teeter,3.99,meat,2026-05-13,2026-05-19
Private Selection Hot Pepper Bacon Spread,Harris Teeter,3.99,meat,2026-05-13,2026-05-19
Private Selection Hot Pepper Bacon Spread,Harris Teeter,7.0,meat,2026-05-27,2026-06-02
Private Selection Italian Sausage & Meat Lasagna,Harris Teeter,9.29,meat,2026-08-12,2026-09-08
Ranch Steak,Harris Teeter,7.99,meat,2026-05-06,2026-05-12
Ranch Steak,Harris Teeter,8.49,meat,2026-05-27,2026-06-02
Ranch Steak,Harris Teeter,8.49,meat,2026-06-17,2026-06-23
Reveal Freeze-Dried Cat Treats,Harris Teeter,2.99,meat,2026-04-29,2026-05-05
Reveal wet Cat Food,Harris Teeter,5.0,meat,2026-04-29,2026-05-05
8.8 oz. Simple Truth Organic 90 Second Rice or 18.5 oz. Chicken Noodle Soup,Harris Teeter,5.0,meat,2026-04-22,2026-04-28
Roberts Chicken Salad,Harris Teeter,7.99,meat,2026-05-13,2026-05-19
Schweid Brisket Burger,Harris Teeter,10.99,meat,2026-05-06,2026-05-12
Schweid Brisket Burger,Harris Teeter,10.99,meat,2026-05-27,2026-06-02
Schweid Brisket Burger,Harris Teeter,11.99,meat,2026-09-02,2026-09-08
Schweid & Sons Blend or Brisket Burger,Harris Teeter,10.99,meat,2026-04-22,2026-04-28
Schweid & Sons Brisket Burger,Harris Teeter,11.99,meat,2026-07-01,2026-07-07
Simple Truth Organic Beef Jerky,Harris Teeter,4.99,meat,2026-05-06,2026-05-12
Simple Truth Organic Chicken Broth,Harris Teeter,5.0,meat,2026-06-10,2026-06-16
32 OZ. Simple Truth Organic Chicken Stock or 8.8 oz. 90 Seconds Rice,Harris Teeter,5.0,meat,2026-06-17,2026-06-23
Simple Truth Chicken & Vegetable Sheet Pan Meals,Harris Teeter,9.99,meat,2026-08-12,2026-09-08
22 oz. Family Size or 24 oz. Stack Smithfield Bacon,Harris Teeter,8.99,meat,2026-04-22,2026-04-28
Skirt Steak,Harris Teeter,10.99,meat,2026-04-29,2026-05-05
SMART Chicken Kabobs with Vegetables,Harris Teeter,6.99,meat,2026-09-02,2026-09-08
Smithfield All Natural Pork Baby Back Ribs,Harris Teeter,2.5,meat,2026-07-01,2026-07-07
Smithfield Baby Back Ribs,Harris Teeter,4.99,meat,2026-05-13,2026-05-19
Smithfield Pork Shoulder Butt Roast,Harris Teeter,1.49,meat,2026-09-02,2026-09-08
Smithfield Smokehouse Bacon,Harris Teeter,9.99,meat,2026-05-20,2026-05-26
Smithfield Smokehouse Reserve Stack Bacon,Harris Teeter,9.99,meat,2026-06-17,2026-06-23
Smithfield Whole Boston Butt Pork Roast,Harris Teeter,0.99,meat,2026-05-27,2026-06-02
Texas Tailgate Hot Dog Chili Sauce,Harris Teeter,0.99,meat,2026-07-01,2026-07-07
Tillamook Beef Jerky,Harris Teeter,4.49,meat,2026-04-29,2026-05-05
Tillamook Beef Jerky,Harris Teeter,11.99,meat,2026-06-10,2026-06-16
Tyson Chicken Nuggets,Harris Teeter,6.99,meat,2026-05-13,2026-05-19
Tyson Chicken Nuggets,Harris Teeter,6.99,meat,2026-05-27,2026-06-02
Tyson Chicken Sandwiches,Harris Teeter,7.99,meat,2026-05-13,2026-05-19
Tyson Chicken Strips Wings or Bites,Harris Teeter,8.99,meat,2026-05-06,2026-05-12
Villari Prime Pork Belly,Harris Teeter,9.99,meat,2026-04-22,2026-04-28
Villari Prime Pork Belly,Harris Teeter,9.99,meat,2026-05-20,2026-05-26
Villari Prime Pork Belly,Harris Teeter,9.99,meat,2026-06-17,2026-06-23
Villari Prime Porterhouse Chops,Harris Teeter,12.0,meat,2026-05-27,2026-06-02
Whole Beef Brisket,Harris Teeter,5.99,meat,2026-07-22,2026-07-28
Whole Beef Brisket,Harris Teeter,5.99,meat,2026-09-02,2026-09-08
Whole Beef Tenderloin,Harris Teeter,19.99,meat,2026-05-06,2026-05-12
Whole Beef Tenderloin,Harris Teeter,21.99,meat,2026-05-06,2026-05-12
Whole Brisket,Harris Teeter,5.99,meat,2026-07-01,2026-07-07
Wright Smoked Stack Bacon,Harris Teeter,10.99,meat,2026-06-10,2026-06-16
Wright Stack Bacon,Harris Teeter,9.99,meat,2026-04-29,2026-05-05
A1 Steak Sauce,Lowes Foods,9.0,meat,2026-05-20,2026-05-26
Amylu Chicken Sausage,Lowes Foods,4.59,meat,2026-06-10,2026-06-16
Bacon,Lowes Foods,5.49,meat,2026-04-29,2026-05-05
Bacon,Lowes Foods,5.99,meat,2026-05-06,2026-05-12
Bacon,Lowes Foods,4.99,meat,2026-05-27,2026-06-02
Bacon,Lowes Foods,5.99,meat,2026-06-10,2026-06-16
Bacon,Lowes Foods,4.99,meat,2026-07-01,2026-07-07
Bacon,Lowes Foods,5.99,meat,2026-07-22,2026-07-28
Ball Park Meat Franks or Turkey Franks,Lowes Foods,6.0,meat,2026-05-20,2026-05-26
Certified Angus Beef® Boneless NY Strip Steak,Lowes Foods,16.99,meat,2026-04-22,2026-04-28
Boneless NY Strip Steak,Lowes Foods,9.99,meat,2026-04-22,2026-04-28
Certified Angus Beef® Prime Top Sirloin Steak,Lowes Foods,12.99,meat,2026-04-29,2026-05-05
Boneless NY Strip Steak,Lowes Foods,9.99,meat,2026-05-13,2026-05-19
Certified Angus Beef® Boneless NY Strip Steak,Lowes Foods,16.99,meat,2026-05-13,2026-05-19
Certified Angus Beef® Boneless Ribeye,Lowes Foods,19.99,meat,2026-05-20,2026-05-26
Grass Fed Boneless Ribeye Steaks,Lowes Foods,9.99,meat,2026-05-20,2026-05-26
LOWES FOODS BONELESS RIBEYE STEAKS,Lowes Foods,9.99,meat,2026-05-20,2026-05-26
Holten's Certified Angus Beef® Steak Burgers,Lowes Foods,15.99,meat,2026-05-27,2026-06-02
Grass Fed Ribeye Steaks,Lowes Foods,16.99,meat,2026-05-27,2026-06-02
Pre 100% Grass Fed Ribeye Steak,Lowes Foods,15.99,meat,2026-05-27,2026-06-02
CERTIFIED ANGUS BEEF PRIME TOP SIRLOIN STEAKS,Lowes Foods,14.99,meat,2026-06-17,2026-06-23
Pre 100% Grass Fed Sirloin Steak,Lowes Foods,11.99,meat,2026-06-17,2026-06-23
CERTIFIED ANGUS BEEF® NEW YORK STRIP STEAKS FAMILY PACK,Lowes Foods,14.99,meat,2026-06-17,2026-06-23
GRASS FED BONELESS NY STRIP STEAKS,Lowes Foods,8.99,meat,2026-06-17,2026-06-23
CERTIFIED ANGUS BEEF® RIBEYE STEAK,Lowes Foods,14.99,meat,2026-07-01,2026-07-07
Pre 100% Grass Fed New York Strip Steak,Lowes Foods,13.99,meat,2026-07-01,2026-07-07
FRESH BONELESS RIBEYE STEAKS,Lowes Foods,9.99,meat,2026-07-01,2026-07-07
CERTIFIED ANGUS BEEF® RIBEYE STEAKS,Lowes Foods,16.99,meat,2026-09-02,2026-09-08
GRASS FED BONELESS RIBEYE STEAKS,Lowes Foods,9.99,meat,2026-09-02,2026-09-08
Beyond Meat Ground Brick,Lowes Foods,7.99,meat,2026-06-10,2026-06-16
BUTTERBALL Breakfast Sausage or Bacon,Lowes Foods,6.0,meat,2026-06-17,2026-06-23
Butterball Turkey Bacon,Lowes Foods,1.99,meat,2026-05-20,2026-05-26
Butterball Turkey Burgers,Lowes Foods,10.99,meat,2026-06-03,2026-06-09
Castleberry's Hot Dog Chili Sauce,Lowes Foods,3.0,meat,2026-05-20,2026-05-26
Castleberry's Hot Dog Chili Sauce,Lowes Foods,4.0,meat,2026-06-17,2026-06-23
Castleberry's Hot Dog Chili Sauce,Lowes Foods,4.0,meat,2026-07-01,2026-07-07
Cattleman's Cut Beef Jerky,Lowes Foods,10.99,meat,2026-05-27,2026-06-02
Certified Angus Beef® Beef Stir Fry,Lowes Foods,11.99,meat,2026-06-10,2026-06-16
CERTIFIED ANGUS BEEF® TENDERLOIN,Lowes Foods,19.99,meat,2026-07-22,2026-07-28
CERTIFIED ANGUS BEEF TENDERLOINS,Lowes Foods,19.99,meat,2026-06-03,2026-06-09
Certified Angus Beef® Whole Tenderloin,Lowes Foods,19.99,meat,2026-05-06,2026-05-12
Chicken Grape Salad,Lowes Foods,13.99,meat,2026-04-22,2026-04-28
Chicken Grape Salad,Lowes Foods,13.99,meat,2026-05-06,2026-05-12
Chicken Grape Salad,Lowes Foods,13.99,meat,2026-06-03,2026-06-09
Chicken Grape Salad,Lowes Foods,13.99,meat,2026-07-22,2026-07-28
Chicken Grape Salad,Lowes Foods,13.99,meat,2026-09-02,2026-09-08
Chicken Kitchen,Lowes Foods,9.99,meat,2026-05-20,2026-05-26
Chicken Kitchen,Lowes Foods,9.99,meat,2026-07-01,2026-07-07
CHICKEN KITCHEN 8-Piece Fried Chicken,Lowes Foods,9.99,meat,2026-09-02,2026-09-08
Chicken Kitchen Dipping Sauces,Lowes Foods,2.99,meat,2026-05-27,2026-06-02
Chicken Kitchen Dipping Sauces,Lowes Foods,2.99,meat,2026-07-01,2026-07-07
Chicken Nuggets,Lowes Foods,7.99,meat,2026-04-29,2026-05-05
Chicken Salad Sandwich Wedge,Lowes Foods,3.0,meat,2026-05-06,2026-05-12
Chicken Soup Dry Dog Food,Lowes Foods,9.99,meat,2026-04-22,2026-04-28
Chicken Soup For The Soul Dog Treats,Lowes Foods,4.99,meat,2026-05-20,2026-05-26
Chicken Soup For The Soul Dry Cat Food,Lowes Foods,11.99,meat,2026-06-10,2026-06-16
Chicken Soup For The Soul Dry Dog Food,Lowes Foods,9.99,meat,2026-05-20,2026-05-26
Chicken Soup For The Soul Dry Dog Food,Lowes Foods,9.99,meat,2026-09-02,2026-09-08
Lowes Foods Split Chicken Breast,Lowes Foods,2.49,meat,2026-04-22,2026-04-28
Sanderson Farms Chicken Breast Tenders,Lowes Foods,2.49,meat,2026-04-22,2026-04-28
Homestyle Rotisserie Chicken,Lowes Foods,6.99,meat,2026-04-22,2026-04-28
Everroast Chicken Breast,Lowes Foods,14.99,meat,2026-04-22,2026-04-28
Boneless Skinless Chicken Breast,Lowes Foods,1.99,meat,2026-04-29,2026-05-05
Lowes Foods All Natural Chicken Wings,Lowes Foods,3.99,meat,2026-04-29,2026-05-05
Rotisserie Chicken,Lowes Foods,6.99,meat,2026-04-29,2026-05-05
Rotisserie Chicken Salad,Lowes Foods,12.99,meat,2026-04-29,2026-05-05
Chicken Wings,Lowes Foods,7.99,meat,2026-05-06,2026-05-12
Rotisserie Chicken,Lowes Foods,6.99,meat,2026-05-06,2026-05-12
Chicken Breast Tenders,Lowes Foods,9.99,meat,2026-05-06,2026-05-12
Rotisserie Chicken Salad,Lowes Foods,12.99,meat,2026-05-13,2026-05-19
Lowes Foods Fresh Chicken Tenders,Lowes Foods,5.99,meat,2026-05-13,2026-05-19
Homestyle Rotisserie Chicken,Lowes Foods,6.99,meat,2026-05-13,2026-05-19
Lowes Foods All Natural Fresh Chicken Drumsticks or Thighs,Lowes Foods,1.49,meat,2026-05-13,2026-05-19
Lowes Foods Boneless Chicken Thighs,Lowes Foods,3.99,meat,2026-05-20,2026-05-26
Lowes Foods Split Chicken Breast,Lowes Foods,1.99,meat,2026-05-20,2026-05-26
EverRoast Chicken Breast,Lowes Foods,14.99,meat,2026-05-20,2026-05-26
Wings Chicken Breast Tenders,Lowes Foods,7.99,meat,2026-05-20,2026-05-26
Boneless Skinless Chicken Breast,Lowes Foods,1.99,meat,2026-05-27,2026-06-02
Rotisserie Chicken Salad,Lowes Foods,12.99,meat,2026-05-27,2026-06-02
Whole Rotisserie Chicken,Lowes Foods,6.99,meat,2026-05-27,2026-06-02
Homestyle Rotisserie Chicken,Lowes Foods,6.99,meat,2026-06-03,2026-06-09
Lowes Foods All Natural Chicken Drumsticks,Lowes Foods,1.79,meat,2026-06-03,2026-06-09
Chicken Breast Tenders,Lowes Foods,9.99,meat,2026-06-03,2026-06-09
Boneless Chicken Breast,Lowes Foods,1.99,meat,2026-06-10,2026-06-16
Chicken Kitchen Rotisserie Chicken Salad,Lowes Foods,12.99,meat,2026-06-10,2026-06-16
Chicken Kitchen Homestyle Rotisserie Chicken,Lowes Foods,6.99,meat,2026-06-10,2026-06-16
Pulled Rotisserie Chicken,Lowes Foods,11.99,meat,2026-06-10,2026-06-16
Lowes Foods Fresh Chicken Tenders,Lowes Foods,5.99,meat,2026-06-10,2026-06-16
LOWES FOODS ALL NATURAL FRESH CHICKEN DRUMSTICKS,Lowes Foods,0.99,meat,2026-06-17,2026-06-23
Boar's Head EverRoast Chicken Breast,Lowes Foods,14.99,meat,2026-06-17,2026-06-23
Chicken Breast Tenders,Lowes Foods,9.99,meat,2026-06-17,2026-06-23
Chicken Wings,Lowes Foods,7.99,meat,2026-06-17,2026-06-23
Lowes Foods Boneless Chicken Thighs,Lowes Foods,3.99,meat,2026-06-17,2026-06-23
Rotisserie Chicken,Lowes Foods,6.99,meat,2026-06-17,2026-06-23
FRESH ALL NATURAL LOWES FOODS CHICKEN DRUMSTICKS,Lowes Foods,0.99,meat,2026-07-01,2026-07-07
Rotisserie Chicken,Lowes Foods,6.99,meat,2026-07-01,2026-07-07
Lowes Foods All Natural Chicken Wings,Lowes Foods,3.99,meat,2026-07-01,2026-07-07
Chicken Wings,Lowes Foods,7.99,meat,2026-07-22,2026-07-28
Chicken KITCHEN Rotisserie Chicken,Lowes Foods,6.99,meat,2026-07-22,2026-07-28
Chicken Breast Tenders,Lowes Foods,9.99,meat,2026-07-22,2026-07-28
LOWES FOODS ALL NATURAL FRESH CHICKEN DRUMSTICKS,Lowes Foods,1.49,meat,2026-07-22,2026-07-28
Lowes Foods All Natural Chicken Wings,Lowes Foods,3.99,meat,2026-07-22,2026-07-28
PERDUE Perfect Portions Boneless Breast,Lowes Foods,8.99,meat,2026-09-02,2026-09-08
Rotisserie Chicken,Lowes Foods,6.99,meat,2026-09-02,2026-09-08
Lowes Foods All Natural Chicken Wings,Lowes Foods,3.99,meat,2026-09-02,2026-09-08
Lowes Foods Split Chicken Breast,Lowes Foods,2.99,meat,2026-09-02,2026-09-08
Pulled Rotisserie Chicken,Lowes Foods,11.99,meat,2026-09-02,2026-09-08
Curtis Beef Master Hot Dogs,Lowes Foods,5.49,meat,2026-04-29,2026-05-05
Farm to Family 93% Ground Turkey,Lowes Foods,6.99,meat,2026-05-06,2026-05-12
Food Club Steak Sauce,Lowes Foods,2.79,meat,2026-05-20,2026-05-26
Food Club Steak Sauce,Lowes Foods,2.79,meat,2026-05-27,2026-06-02
Food Club Steak Sauce,Lowes Foods,2.79,meat,2026-06-03,2026-06-09
Food Club Steak Sauce,Lowes Foods,2.79,meat,2026-06-10,2026-06-16
Frank's RedHot,Lowes Foods,3.49,meat,2026-05-20,2026-05-26
Free Graze Wagyu Beef Patties,Lowes Foods,14.49,meat,2026-07-22,2026-07-28
Godshall's Beef Bacon,Lowes Foods,6.99,meat,2026-05-20,2026-05-26
GRASS FED WHOLE BEEF TENDERLOIN,Lowes Foods,14.99,meat,2026-07-22,2026-07-28
GRASS FED WHOLE BEEF TENDERLOINS,Lowes Foods,14.99,meat,2026-06-03,2026-06-09
Grass Fed 93% Lean Ground Beef,Lowes Foods,6.99,meat,2026-04-22,2026-04-28
Pre 85% Ground Beef,Lowes Foods,6.99,meat,2026-04-29,2026-05-05
80% Lean Ground Beef Chuck,Lowes Foods,4.99,meat,2026-05-06,2026-05-12
93% Lean Ground Beef,Lowes Foods,6.99,meat,2026-05-13,2026-05-19
Pre 95% Ground Beef,Lowes Foods,7.99,meat,2026-05-13,2026-05-19
Grass Fed 85% Organic Ground Beef,Lowes Foods,8.49,meat,2026-05-20,2026-05-26
Butterball 93% Lean Ground Turkey,Lowes Foods,4.99,meat,2026-05-20,2026-05-26
Grass Fed 93% Lean Ground Beef,Lowes Foods,7.49,meat,2026-06-03,2026-06-09
80% LEAN FRESH GROUND BEEF,Lowes Foods,4.99,meat,2026-06-10,2026-06-16
YOUNG RIDGE 80/20 GROUND BEEF BRICK,Lowes Foods,5.99,meat,2026-06-17,2026-06-23
Grass Fed 93% Lean Ground Beef,Lowes Foods,4.99,meat,2026-07-01,2026-07-07
GRASS FED 93% LEAN GROUND BEEF,Lowes Foods,4.99,meat,2026-09-02,2026-09-08
FREE GRAZE 85% GRASS FED GROUND BEEF,Lowes Foods,8.49,meat,2026-09-02,2026-09-08
Hebrew National Beef Franks,Lowes Foods,4.99,meat,2026-07-01,2026-07-07
Heinz Steak Sauce,Lowes Foods,9.0,meat,2026-05-20,2026-05-26
Hillshire Farm Smoked Sausage,Lowes Foods,8.0,meat,2026-05-20,2026-05-26
Holmes Sliced Sausages,Lowes Foods,5.99,meat,2026-07-22,2026-07-28
Holmes Smoked Polish Kielbasa or Andouille Sausage,Lowes Foods,3.99,meat,2026-09-02,2026-09-08
Holten's Chop House Steak Burgers,Lowes Foods,15.99,meat,2026-05-13,2026-05-19
Jimmy Dean Applewood Smoked Bacon,Lowes Foods,4.99,meat,2026-06-10,2026-06-16
Jimmy Dean Applewood Smoked Bacon,Lowes Foods,4.99,meat,2026-07-22,2026-07-28
John Soules Fajita Chicken Strips,Lowes Foods,2.99,meat,2026-09-02,2026-09-08
John Soules Foods Chicken Fajitas,Lowes Foods,2.99,meat,2026-07-01,2026-07-07
Johnsonville Pork Sausage Links,Lowes Foods,4.69,meat,2026-07-22,2026-07-28
Jones Dairy All Natural Sausage,Lowes Foods,7.99,meat,2026-09-02,2026-09-08
Jurassic Chicken Nuggets,Lowes Foods,7.99,meat,2026-04-29,2026-05-05
Jurassic Chicken Nuggets,Lowes Foods,7.99,meat,2026-06-10,2026-06-16
Ken's Steak House Chef's Dressing,Lowes Foods,4.0,meat,2026-06-03,2026-06-09
Lowes Foods Beef Jerky,Lowes Foods,7.99,meat,2026-04-22,2026-04-28
Lowes Foods Beef Jerky,Lowes Foods,3.99,meat,2026-04-29,2026-05-05
Lowes Foods Beef Jerky,Lowes Foods,8.99,meat,2026-05-06,2026-05-12
Lowes Foods Beef Jerky,Lowes Foods,3.99,meat,2026-05-13,2026-05-19
Lowes Foods Beef Jerky,Lowes Foods,8.99,meat,2026-05-20,2026-05-26
Lowes Foods Beef Jerky,Lowes Foods,3.99,meat,2026-05-27,2026-06-02
Lowes Foods Beef Jerky,Lowes Foods,8.99,meat,2026-06-03,2026-06-09
Lowes Foods Beef Jerky,Lowes Foods,3.99,meat,2026-06-10,2026-06-16
Lowes Foods Beef Jerky,Lowes Foods,8.99,meat,2026-06-17,2026-06-23
Lowes Foods Beef Jerky,Lowes Foods,8.99,meat,2026-07-01,2026-07-07
Lowes Foods Beef Jerky,Lowes Foods,3.99,meat,2026-07-22,2026-07-28
Lowes Foods Beef Jerky,Lowes Foods,3.99,meat,2026-09-02,2026-09-08
Lowes Foods Pork Rinds,Lowes Foods,5.0,meat,2026-04-29,2026-05-05
Lowes Foods Pork Rinds,Lowes Foods,5.0,meat,2026-05-13,2026-05-19
Lowes Foods Pork Rinds,Lowes Foods,5.0,meat,2026-05-27,2026-06-02
Lowes Foods Pork Rinds,Lowes Foods,5.0,meat,2026-06-10,2026-06-16
Lowes Foods Pork Rinds,Lowes Foods,5.0,meat,2026-07-22,2026-07-28
Lowes Foods Pork Rinds,Lowes Foods,5.0,meat,2026-09-02,2026-09-08
Lowes Foods Steak Sauce,Lowes Foods,7.0,meat,2026-06-17,2026-06-23
Lowes Foods Steak Sauce,Lowes Foods,4.29,meat,2026-07-01,2026-07-07
Lowes Foods Steak Sauce,Lowes Foods,4.29,meat,2026-09-02,2026-09-08
Miami Beef Angus Beef Patties,Lowes Foods,10.99,meat,2026-05-06,2026-05-12
Miami Beef Angus Beef Patties,Lowes Foods,9.99,meat,2026-06-17,2026-06-23
Nathan's Beef Hot Dog,Lowes Foods,6.99,meat,2026-05-06,2026-05-12
Nathan's Beef Hot Dogs,Lowes Foods,7.69,meat,2026-06-03,2026-06-09
Nathan's Beef Hot Dogs,Lowes Foods,7.69,meat,2026-07-22,2026-07-28
Oscar Mayer Beef Hot Dogs,Lowes Foods,4.99,meat,2026-05-20,2026-05-26
Oscar Mayer Beef Hot Dogs,Lowes Foods,4.99,meat,2026-06-10,2026-06-16
Oscar Mayer Fully Cooked Bacon,Lowes Foods,3.99,meat,2026-07-01,2026-07-07
Oscar Mayer Ready To Eat Bacon,Lowes Foods,4.99,meat,2026-05-20,2026-05-26
Oscar Mayer Sliced Bacon,Lowes Foods,4.99,meat,2026-07-22,2026-07-28
Ovengold Turkey Breast,Lowes Foods,15.99,meat,2026-05-13,2026-05-19
Ovengold Turkey Breast,Lowes Foods,15.99,meat,2026-06-10,2026-06-16
PAM FEEDS HER FLOCK WITH CHICKEN KITCHEN,Lowes Foods,20.0,meat,2026-06-10,2026-06-16
Perdue Frozen Chicken Nuggets,Lowes Foods,10.99,meat,2026-04-29,2026-05-05
Thick Cut Boneless Pork Chops,Lowes Foods,3.99,meat,2026-04-22,2026-04-28
Lowes Foods Center Cut Boneless Pork Chops,Lowes Foods,2.49,meat,2026-04-22,2026-04-28
Lowes Foods Center Cut Bone In Pork Chops,Lowes Foods,3.99,meat,2026-04-29,2026-05-05
Lowes Foods Center Cut Boneless Pork Chops,Lowes Foods,3.99,meat,2026-05-13,2026-05-19
Thick Cut Boneless Pork Chops,Lowes Foods,3.99,meat,2026-05-20,2026-05-26
Lowes Foods Center Cut Boneless Pork Chops,Lowes Foods,3.49,meat,2026-05-27,2026-06-02
Tomahawk Bone-In Pork Chops,Lowes Foods,6.99,meat,2026-06-03,2026-06-09
Fresh Pork Tenderloin,Lowes Foods,2.49,meat,2026-06-10,2026-06-16
Lowes Foods Boneless Country Style Pork Loin Ribs,Lowes Foods,2.49,meat,2026-06-17,2026-06-23
Lowes Foods Center Cut Bone In Pork Chops,Lowes Foods,3.99,meat,2026-06-17,2026-06-23
Lowes Foods Center Cut Bone In Pork Chops,Lowes Foods,3.99,meat,2026-07-01,2026-07-07
Lowes Foods Center Cut Bone In Pork Chops,Lowes Foods,3.99,meat,2026-07-22,2026-07-28
Tomahawk Bone-In Pork Chops,Lowes Foods,6.99,meat,2026-09-02,2026-09-08
Regular or Thick Cut Bacon Smokehouse,Lowes Foods,5.99,meat,2026-05-20,2026-05-26
Sabrett Beef Hot Dogs,Lowes Foods,5.99,meat,2026-05-20,2026-05-26
Sabrett Hot Dogs,Lowes Foods,5.99,meat,2026-07-01,2026-07-07
SAHLEN'S BEEF DOGS,Lowes Foods,3.99,meat,2026-09-02,2026-09-08
"SALAD CHICKEN CAESAR, GARDEN, CHICKEN PROTEIN, CHEF OR HARVEST",Lowes Foods,9.49,meat,2026-07-22,2026-07-28
"Sammich turkey, ham, roast beef, American or Italian",Lowes Foods,6.99,meat,2026-04-22,2026-04-28
SAMMY'S ROAST BEEF KAISER,Lowes Foods,5.0,meat,2026-07-22,2026-07-28
SAUSAGE WORKS ALL VARIETIES,Lowes Foods,5.0,meat,2026-05-20,2026-05-26
SAUSAGE WORKS ALL VARIETIES,Lowes Foods,5.0,meat,2026-06-10,2026-06-16
SAUSAGE WORKS ALL VARIETIES,Lowes Foods,3.99,meat,2026-07-22,2026-07-28
SAUSAGeworks,Lowes Foods,4.49,meat,2026-06-03,2026-06-09
SAUSAGeworks,Lowes Foods,6.99,meat,2026-07-22,2026-07-28
SAUSAGEWORKS ALL VARIETIES,Lowes Foods,3.99,meat,2026-04-29,2026-05-05
SAUSAGEWORKS ALL VARIETIES,Lowes Foods,3.99,meat,2026-05-13,2026-05-19
SAUSAGEWORKS ALL VARIETIES,Lowes Foods,3.99,meat,2026-05-20,2026-05-26
SAUSAGEWORKS ALL VARIETIES,Lowes Foods,6.99,meat,2026-05-20,2026-05-26
SAUSAGEWORKS ALL VARIETIES,Lowes Foods,3.99,meat,2026-09-02,2026-09-08
SAUSAGeworks Mustard,Lowes Foods,3.99,meat,2026-05-27,2026-06-02
SAUSAGeworks Mustard,Lowes Foods,3.99,meat,2026-06-03,2026-06-09
SAUSAGEWORKS Mustards,Lowes Foods,3.99,meat,2026-04-29,2026-05-05
SAUSAGEWORKS Mustards,Lowes Foods,3.99,meat,2026-05-06,2026-05-12
SAUSAGEWORKS NO 26 THE FARMER'S DAUGHTER,Lowes Foods,4.49,meat,2026-04-22,2026-04-28
SAUSAGEWORKS NO 26 THE FARMER'S DAUGHTER,Lowes Foods,3.99,meat,2026-04-29,2026-05-05
SAUSAGEWORKS NO 26 THE FARMER'S DAUGHTER,Lowes Foods,4.49,meat,2026-05-06,2026-05-12
SAUSAGEWORKS NO 26 THE FARMER'S DAUGHTER,Lowes Foods,4.49,meat,2026-05-27,2026-06-02
SAUSAGEWORKS NO 26 THE FARMER'S DAUGHTER,Lowes Foods,4.49,meat,2026-06-17,2026-06-23
SAUSAGEWORKS NO26 THE FARMER'S DAUGHTER,Lowes Foods,4.49,meat,2026-05-13,2026-05-19
SAUSAGEWORKS NO39 THE CHEESAPEÑO,Lowes Foods,5.49,meat,2026-04-22,2026-04-28
SAUSAGEWORKS fresh or smoked sausage dinner links or rope sausage,Lowes Foods,5.49,meat,2026-04-22,2026-04-28
Signature Turkey Sandwich,Lowes Foods,9.99,meat,2026-09-02,2026-09-08
Sliced Bacon,Lowes Foods,5.99,meat,2026-04-22,2026-04-28
Smithfield Bacon,Lowes Foods,7.99,meat,2026-06-03,2026-06-09
Smoked Sausage,Lowes Foods,2.49,meat,2026-04-29,2026-05-05
Smokehouse Bacon,Lowes Foods,4.99,meat,2026-05-13,2026-05-19
Smokehouse Bacon,Lowes Foods,4.99,meat,2026-06-17,2026-06-23
Smokehouse Bacon,Lowes Foods,5.49,meat,2026-09-02,2026-09-08
A.1. Steak Sauce,Lowes Foods,9.0,meat,2026-06-03,2026-06-09
A.1. Steak Sauce,Lowes Foods,4.49,meat,2026-07-01,2026-07-07
A.1. Steak Sauce,Lowes Foods,9.0,meat,2026-07-22,2026-07-28
A.1. Steak Sauce,Lowes Foods,9.0,meat,2026-09-02,2026-09-08
Stevens Country Pork Sausage,Lowes Foods,4.99,meat,2026-06-17,2026-06-23
Stevens Country Sausage,Lowes Foods,3.99,meat,2026-04-22,2026-04-28
"Stubb's, Frank's or Lawry's Seasoning Mix",Lowes Foods,5.0,meat,2026-05-20,2026-05-26
Thick Cut Bacon,Lowes Foods,7.49,meat,2026-06-03,2026-06-09
Turkey Hill Lemonade or Tea,Lowes Foods,5.0,meat,2026-05-13,2026-05-19
Van Camp's Pork and Beans,Lowes Foods,2.19,meat,2026-05-06,2026-05-12
Van Camp's Pork and Beans,Lowes Foods,1.09,meat,2026-05-27,2026-06-02
Van Camp's Pork and Beans,Lowes Foods,5.0,meat,2026-09-02,2026-09-08
Whole Beef Tenderloins,Lowes Foods,14.99,meat,2026-05-06,2026-05-12
Wolf Brand Chili Hot Dog Sauce,Lowes Foods,1.49,meat,2026-05-27,2026-06-02
Young Ridge Free Graze Wagyu Beef Patties,Lowes Foods,14.49,meat,2026-04-29,2026-05-05
Applegate Organic Beef Hot Dogs 10-oz or Organic Chicken Strips or Nuggets 8-oz,Publix,6.99,meat,2026-06-27,2026-07-10
"Applegate Organic Beef Hot Dogs, Organic Chicken Strips or Nuggets",Publix,6.99,meat,2026-05-30,2026-06-12
Boneless Chuck Roast,Publix,8.99,meat,2026-04-22,2026-04-28
GreenWise Angus Ribeye Steak,Publix,17.99,meat,2026-04-22,2026-04-28
"Porterhouse or T-Bone Steaks, Thin-Sliced",Publix,16.49,meat,2026-04-22,2026-04-28
Porterhouse or T-Bone Steaks†,Publix,15.99,meat,2026-04-22,2026-04-28
Verde Farms Ribeye Steak,Publix,12.49,meat,2026-04-22,2026-04-28
Ground Sirloin†,Publix,7.99,meat,2026-04-29,2026-05-05
Ground Sirloin Burgers or Slider Burgers,Publix,8.99,meat,2026-04-29,2026-05-05
Sirloin Tip Roast Publix,Publix,7.99,meat,2026-04-29,2026-05-05
GreenWise Angus Top Sirloin Fillet,Publix,11.99,meat,2026-04-29,2026-05-05
Ribeye Steak†,Publix,14.99,meat,2026-04-29,2026-05-05
GreenWise Angus Top Sirloin Steak,Publix,10.99,meat,2026-04-29,2026-05-05
New York Strip Steak†,Publix,14.99,meat,2026-05-06,2026-05-12
Publix Chuck & Sirloin Beef Burgers,Publix,11.99,meat,2026-05-06,2026-05-12
GreenWise Angus Strip Steak,Publix,19.49,meat,2026-05-06,2026-05-12
GreenWise Angus New York Strip Steak†,Publix,18.99,meat,2026-05-06,2026-05-12
Publix Chuck & Sirloin Beef Craft Burgers,Publix,11.99,meat,2026-05-13,2026-05-19
GreenWise Angus Ribeye Steak†,Publix,20.99,meat,2026-05-13,2026-05-19
Top Sirloin Fillet,Publix,10.99,meat,2026-05-13,2026-05-19
Boneless Top Sirloin Steak†,Publix,9.99,meat,2026-05-13,2026-05-19
GreenWise Angus Ribeye Steak†,Publix,17.99,meat,2026-05-13,2026-05-19
Ribeye Steak†,Publix,12.99,meat,2026-05-20,2026-05-26
Publix Chuck & Sirloin Craft Burgers,Publix,11.99,meat,2026-05-20,2026-05-26
Ground Sirloin,Publix,7.99,meat,2026-05-27,2026-06-03
Ground Sirloin Burgers or Slider Burgers,Publix,8.99,meat,2026-05-27,2026-06-03
Boneless Chuck Roast†,Publix,8.99,meat,2026-05-27,2026-06-03
"GreenWise Angus Strip Steak, Boneless Thin Sliced",Publix,19.49,meat,2026-05-27,2026-06-03
New York Strip Steak,Publix,15.99,meat,2026-05-27,2026-06-03
GreenWise Angus New York Strip Steak†,Publix,18.99,meat,2026-05-27,2026-06-03
Publix Chuck & Sirloin Beef Craft Burgers,Publix,11.99,meat,2026-05-27,2026-06-03
Porterhouse or T-Bone Steaks†,Publix,15.99,meat,2026-06-03,2026-06-10
GreenWise Angus Top Sirloin Steak†,Publix,10.99,meat,2026-06-03,2026-06-10
GreenWise Angus Top Sirloin Fillet,Publix,11.99,meat,2026-06-03,2026-06-10
GreenWise Angus Strip Steak,Publix,20.49,meat,2026-06-10,2026-06-16
Top Sirloin Steak†,Publix,10.99,meat,2026-06-10,2026-06-16
Top Sirloin Fillet†,Publix,11.99,meat,2026-06-10,2026-06-16
Bacon Wrapped Top Sirloin Fillets†,Publix,12.99,meat,2026-06-10,2026-06-16
"Publix Brisket, Chuck & Sirloin Beef",Publix,12.99,meat,2026-06-10,2026-06-16
GreenWise Angus New York Strip Steak†,Publix,19.99,meat,2026-06-10,2026-06-16
Bottom Sirloin Flap Steak†,Publix,15.99,meat,2026-06-10,2026-06-16
Sirloin Tri-Tip Roast†,Publix,13.99,meat,2026-06-17,2026-06-23
Ribeye Steak†,Publix,14.99,meat,2026-06-17,2026-06-23
Sirloin Tri-Tip Steaks,Publix,14.49,meat,2026-06-17,2026-06-23
GreenWise Angus Top Sirloin Fillet,Publix,12.99,meat,2026-06-17,2026-06-23
GreenWise Angus Top Sirloin Steak,Publix,11.99,meat,2026-06-17,2026-06-23
Ribeye Steak†,Publix,14.99,meat,2026-07-01,2026-07-07
GreenWise Angus New York Strip Steak,Publix,20.99,meat,2026-07-01,2026-07-07
GreenWise Angus Strip Steak Boneless,Publix,21.49,meat,2026-07-01,2026-07-07
Ribeye Steak†,Publix,15.99,meat,2026-07-22,2026-07-28
GreenWise Angus New York Strip Steak,Publix,20.99,meat,2026-07-22,2026-07-28
"Publix Brisket, Chuck, & Sirloin Craft Burger",Publix,12.99,meat,2026-07-22,2026-07-28
"GreenWise Angus Strip Steak Boneless, Thin-Sliced",Publix,21.49,meat,2026-07-22,2026-07-28
Ribeye Steak†,Publix,14.99,meat,2026-09-02,2026-09-08
Bottom Sirloin Flap Steak,Publix,15.99,meat,2026-09-02,2026-09-08
Publix Top Sirloin Beef Kabobs,Publix,13.99,meat,2026-09-02,2026-09-08
Boar's Head® Bold Chicken Salad,Publix,7.99,meat,2026-04-22,2026-04-28
Boar's Head® Bold Pitcraft Turkey Breast,Publix,12.99,meat,2026-06-10,2026-06-16
Boar's Head® Natural Casing Frankfurters Beef or Pork and Beef,Publix,8.19,meat,2026-05-20,2026-05-26
Boar's Head® Firesmith Chicken & Pepperhouse Smoked Hummus Bowl,Publix,7.99,meat,2026-06-17,2026-06-23
Boar's Head® Jerk Turkey Protein Bowl,Publix,7.99,meat,2026-09-02,2026-09-08
Boar's Head® Maple Glazed Turkey Breast,Publix,12.99,meat,2026-05-13,2026-05-19
Boar's Head® Maple Glazed Turkey Breast,Publix,12.99,meat,2026-07-01,2026-07-07
Boar's Head® Salsalito Roasted Turkey Breast,Publix,13.99,meat,2026-04-29,2026-05-05
Boar's Head® Turkey Sub,Publix,9.49,meat,2026-04-29,2026-05-05
Boneless Chuck Steaks,Publix,9.49,meat,2026-05-27,2026-06-03
Brookwood Farms Beef Brisket,Publix,6.99,meat,2026-05-06,2026-05-12
Brookwood Farms Beef Brisket,Publix,6.99,meat,2026-07-01,2026-07-07
Butterball Ground Turkey,Publix,9.0,meat,2026-06-10,2026-06-16
Butterball Ground Turkey,Publix,12.99,meat,2026-07-01,2026-07-07
Carando Italian Sausage,Publix,4.99,meat,2026-05-06,2026-05-12
Publix Stuffed Chicken Breast,Publix,8.99,meat,2026-04-22,2026-04-28
Publix Chicken Wings,Publix,3.99,meat,2026-04-22,2026-04-28
Publix Chicken Thighs,Publix,2.39,meat,2026-04-29,2026-05-05
GreenWise Organic Chicken Breast Fillets,Publix,6.99,meat,2026-04-29,2026-05-05
Publix Boneless Skinless Chicken Breasts,Publix,2.99,meat,2026-04-29,2026-05-05
Publix Chicken Drumsticks,Publix,1.99,meat,2026-04-29,2026-05-05
GreenWise Organic Boneless Chicken Tenders,Publix,7.99,meat,2026-04-29,2026-05-05
Publix Italian-Style Breaded Chicken Breast,Publix,6.99,meat,2026-04-29,2026-05-05
Publix Chicken Breast Tenderloins,Publix,5.49,meat,2026-05-06,2026-05-12
Publix Sweet & Spicy Chili Chicken Tenders,Publix,8.79,meat,2026-05-06,2026-05-12
Publix Chicken Leg Quarters,Publix,1.49,meat,2026-05-06,2026-05-12
Publix Marinated Chicken Thighs†,Publix,7.99,meat,2026-05-13,2026-05-19
Publix Marinated Chicken Thigh Stir-Fry,Publix,7.99,meat,2026-05-13,2026-05-19
Publix Sweet & Spicy Chili Chicken Tenders,Publix,8.79,meat,2026-05-13,2026-05-19
Springer Mountain Farms Chicken Breast Strips,Publix,7.0,meat,2026-05-13,2026-05-19
Publix Buffalo-Style Chicken Breast Dip,Publix,10.0,meat,2026-05-20,2026-05-26
Publix Chunk White Chicken Breast,Publix,6.0,meat,2026-05-20,2026-05-26
Publix Chicken Breast Kabobs,Publix,11.99,meat,2026-05-20,2026-05-26
Publix Boneless Skinless Chicken Breasts,Publix,3.29,meat,2026-05-27,2026-06-03
Publix Boneless Skinless Chicken Breasts,Publix,2.99,meat,2026-05-27,2026-06-03
Publix Sweet & Spicy Chili Chicken Tenders,Publix,8.79,meat,2026-05-27,2026-06-03
Boar's Head® Everroast Chicken Breast,Publix,11.99,meat,2026-05-27,2026-06-03
Publix Chicken Thighs†,Publix,2.39,meat,2026-05-27,2026-06-03
Farmer Focus Boneless Skinless Chicken Breasts,Publix,7.99,meat,2026-05-27,2026-06-03
Publix Chicken Drumsticks,Publix,1.99,meat,2026-05-27,2026-06-03
GreenWise Chicken Breast Tenderloins,Publix,6.99,meat,2026-05-27,2026-06-03
Publix Chicken Tender Whole Sub,Publix,8.99,meat,2026-06-03,2026-06-10
Publix Chicken Leg Quarters†,Publix,1.59,meat,2026-06-03,2026-06-10
Springer Mountain Farms Chicken Breast Strips,Publix,2.99,meat,2026-06-03,2026-06-10
Springer Mountain Farms Chicken Breasts†,Publix,3.99,meat,2026-06-10,2026-06-16
Publix Boneless Skinless Chicken Breast Cutlets,Publix,8.49,meat,2026-06-10,2026-06-16
GreenWise Organic Chicken Breast Fillets,Publix,6.99,meat,2026-06-10,2026-06-16
GreenWise Organic Boneless Chicken Tenders,Publix,7.99,meat,2026-06-10,2026-06-16
Tyson Boneless Skinless Chicken Tenderloins,Publix,7.99,meat,2026-06-10,2026-06-16
Publix Parmesan Chicken Breast Bites,Publix,7.99,meat,2026-06-10,2026-06-16
Publix Chicken Drumsticks,Publix,1.99,meat,2026-06-17,2026-06-23
Publix Chicken Thighs,Publix,2.39,meat,2026-06-17,2026-06-23
Publix Smoky Garlic Spice Marinated Chicken Thighs Stir-Fry,Publix,7.99,meat,2026-06-17,2026-06-23
Publix Boneless Skinless Marinated Chicken Thighs,Publix,7.99,meat,2026-06-17,2026-06-23
Boar's Head® Sweet B' s Chicken Breast,Publix,11.99,meat,2026-06-17,2026-06-23
Publix Sweet & Spicy Chili Chicken Tenders,Publix,8.99,meat,2026-06-17,2026-06-23
Springer Mountain Farms Chicken Wings,Publix,6.99,meat,2026-06-17,2026-06-23
Publix Chicken Leg Quarters,Publix,1.49,meat,2026-06-17,2026-06-23
Publix Chicken Leg Quarters†,Publix,1.59,meat,2026-07-01,2026-07-07
Just Bare Chicken Breast Bites,Publix,9.99,meat,2026-07-01,2026-07-07
Publix Buffalo-Style Chicken Breast Dip,Publix,10.0,meat,2026-07-01,2026-07-07
Publix Boneless Skinless Marinated Chicken Breast Cutlets,Publix,8.49,meat,2026-07-01,2026-07-07
Publix Boneless Skinless Chicken Breasts†,Publix,2.99,meat,2026-07-01,2026-07-07
Publix Chicken Drumsticks,Publix,1.99,meat,2026-07-01,2026-07-07
Publix Buffalo Chicken Tender Wrap,Publix,5.99,meat,2026-07-22,2026-07-28
Springer Mountain Farms Chicken Breasts,Publix,3.99,meat,2026-07-22,2026-07-28
Perdue Simply Smart Breaded Chicken Breast,Publix,8.99,meat,2026-07-22,2026-07-28
Publix Chicken Wings,Publix,3.99,meat,2026-07-22,2026-07-28
Publix Spinach & Feta Cheese-Stuffed Chicken Breast,Publix,8.99,meat,2026-07-22,2026-07-28
Perdue Ground Chicken Breast,Publix,9.0,meat,2026-07-22,2026-07-28
Publix Buffalo-Style Chicken Breast Dip†,Publix,10.0,meat,2026-09-02,2026-09-08
Publix Boneless Skinless Chicken Breasts†,Publix,2.99,meat,2026-09-02,2026-09-08
Publix Boneless Skinless Chicken Breasts†,Publix,3.29,meat,2026-09-02,2026-09-08
Boar's Head Everroast Chicken Breast,Publix,10.99,meat,2026-09-02,2026-09-08
Publix Chicken Breast Kabobs†,Publix,11.99,meat,2026-09-02,2026-09-08
Just Bare Lightly Breaded Chicken Breast,Publix,10.49,meat,2026-09-02,2026-09-08
Chomps Sticks Or Chomplings Mini Sticks: Beef or Turkey,Publix,15.99,meat,2026-09-02,2026-09-08
Coleman Uncured Bacon,Publix,5.99,meat,2026-06-10,2026-06-16
Curly's Pulled Pork,Publix,5.99,meat,2026-05-20,2026-05-26
Curly's Pulled Pork,Publix,5.99,meat,2026-06-17,2026-06-23
Diced Beef for Tacos,Publix,8.99,meat,2026-05-27,2026-06-03
Diced Beef for Tacos Publix,Publix,8.99,meat,2026-04-29,2026-05-05
Flank Steak,Publix,10.99,meat,2026-04-29,2026-05-05
Flank Steak,Publix,12.99,meat,2026-05-27,2026-06-03
Flank Steak,Publix,15.99,meat,2026-09-02,2026-09-08
Giovanni Rana Meat Lasagna,Publix,11.99,meat,2026-07-22,2026-07-28
Greenfield Natural Meat Co. Bacon,Publix,12.0,meat,2026-05-20,2026-05-26
GreenWise Chicken Cutlets,Publix,5.99,meat,2026-05-27,2026-06-03
GreenWise Ground Chicken†,Publix,3.49,meat,2026-04-22,2026-04-28
GreenWise Ground Chicken†,Publix,3.49,meat,2026-06-10,2026-06-16
GreenWise Ground Chicken†,Publix,3.49,meat,2026-07-01,2026-07-07
GreenWise Italian Chicken Sausage†,Publix,5.99,meat,2026-04-29,2026-05-05
GreenWise Italian Chicken Sausage†,Publix,5.99,meat,2026-05-13,2026-05-19
GreenWise Italian Chicken Sausage†,Publix,5.99,meat,2026-05-20,2026-05-26
GreenWise Italian Chicken Sausage†,Publix,5.99,meat,2026-06-10,2026-06-16
GreenWise Italian Chicken Sausage†,Publix,5.99,meat,2026-07-01,2026-07-07
GreenWise Lamb Loin Chops,Publix,10.99,meat,2026-04-29,2026-05-05
GreenWise Lamb Loin Chops,Publix,10.99,meat,2026-05-20,2026-05-26
GreenWise Lamb Loin Chops,Publix,10.99,meat,2026-05-27,2026-06-03
GreenWise Lamb Loin Chops,Publix,10.99,meat,2026-06-10,2026-06-16
GreenWise Lamb Loin Chops,Publix,10.99,meat,2026-07-22,2026-07-28
GreenWise Lamb Loin Chops,Publix,10.99,meat,2026-09-02,2026-09-08
GreenWise Lamb Round Bone Shoulder Chops,Publix,9.99,meat,2026-04-22,2026-04-28
GreenWise Lamb Round Bone Shoulder Chops,Publix,9.99,meat,2026-05-06,2026-05-12
GreenWise Lamb Shoulder Blade Chops,Publix,9.49,meat,2026-04-22,2026-04-28
GreenWise Lamb Shoulder Blade Chops,Publix,9.49,meat,2026-05-06,2026-05-12
GreenWise Smoked Chicken Sausage,Publix,5.59,meat,2026-05-20,2026-05-26
GreenWise Smoked Chicken Sausage,Publix,5.29,meat,2026-09-02,2026-09-08
GreenWise Sweet Italian Pork Sausage,Publix,5.69,meat,2026-09-02,2026-09-08
GreenWise Uncured Pork Bacon†,Publix,4.39,meat,2026-05-06,2026-05-12
GreenWise Uncured Pork Bacon†,Publix,4.49,meat,2026-05-20,2026-05-26
GreenWise Uncured Pork Bacon†,Publix,9.0,meat,2026-09-02,2026-09-08
GreenWise Organic Uncured Turkey Bacon,Publix,6.49,meat,2026-06-10,2026-06-16
GreenWise Organic Uncured Turkey Bacon,Publix,6.49,meat,2026-07-01,2026-07-07
GreenWise Organic Uncured Turkey Bacon,Publix,6.29,meat,2026-09-02,2026-09-08
GreenWise 92% Lean Ground Beef Burgers,Publix,11.49,meat,2026-04-22,2026-04-28
Steakhouse Elite Ground Beef,Publix,10.49,meat,2026-04-22,2026-04-28
GreenWise 92% Lean Ground Beef†,Publix,10.99,meat,2026-04-22,2026-04-28
Dakota Organic Ground Beef,Publix,8.99,meat,2026-04-22,2026-04-28
Publix 73% Lean Ground Beef,Publix,13.99,meat,2026-04-22,2026-04-28
Force of Nature 100% Grass Fed Ground Beef,Publix,9.99,meat,2026-04-29,2026-05-05
Lean Ground Beef,Publix,8.99,meat,2026-05-06,2026-05-12
Lean Ground Beef Burgers,Publix,9.99,meat,2026-05-06,2026-05-12
GreenWise 92% Lean Ground Beef Burgers,Publix,11.49,meat,2026-05-13,2026-05-19
GreenWise 92% Lean Ground Beef,Publix,10.99,meat,2026-05-13,2026-05-19
Verde Farms Grass-Fed Ground Beef,Publix,11.49,meat,2026-05-13,2026-05-19
Dakota Organic Ground Beef,Publix,8.99,meat,2026-05-20,2026-05-26
GreenWise 92% Lean Ground Beef Burgers,Publix,11.49,meat,2026-05-27,2026-06-03
GreenWise 92% Lean Ground Beef,Publix,10.99,meat,2026-05-27,2026-06-03
Force of Nature Grass Fed Ground Beef,Publix,9.99,meat,2026-06-03,2026-06-10
Publix 73% Lean Ground Beef Roll,Publix,14.99,meat,2026-06-03,2026-06-10
Steakhouse Elite Ground Beef Burgers,Publix,12.99,meat,2026-06-03,2026-06-10
Lean Ground Beef†,Publix,8.99,meat,2026-06-10,2026-06-16
GreenWise 92% Lean Ground Beef†,Publix,10.99,meat,2026-06-10,2026-06-16
Verde Farms 85% Ground Beef,Publix,11.49,meat,2026-06-10,2026-06-16
Steakhouse Elite Signature Ground Beef,Publix,9.99,meat,2026-06-10,2026-06-16
"Lean Ground Beef Burgers or Sliders,",Publix,9.99,meat,2026-06-10,2026-06-16
GreenWise 92% Lean Ground Beef Burgers,Publix,11.49,meat,2026-06-10,2026-06-16
Steakhouse Elite Ground Beef Burgers,Publix,12.99,meat,2026-07-01,2026-07-07
Publix 73% Lean Ground Beef Roll,Publix,16.99,meat,2026-07-01,2026-07-07
Lean Ground Beef Burgers,Publix,9.99,meat,2026-07-22,2026-07-28
Lean Ground Beef,Publix,8.99,meat,2026-07-22,2026-07-28
Force of Nature Grass-Fed Ground Beef,Publix,9.99,meat,2026-07-22,2026-07-28
GreenWise 92% Lean Ground Beef,Publix,10.99,meat,2026-09-02,2026-09-08
GreenWise 92% Lean Ground Beef Burgers,Publix,11.49,meat,2026-09-02,2026-09-08
Hatfield Bacon,Publix,8.99,meat,2026-05-13,2026-05-19
Hatfield Smoked Bacon,Publix,6.99,meat,2026-06-10,2026-06-16
Jack Daniel's Pulled Pork,Publix,6.99,meat,2026-04-22,2026-04-28
Jack Daniel's Pulled Pork,Publix,6.99,meat,2026-06-03,2026-06-10
Jack Daniel's Pulled Pork,Publix,6.99,meat,2026-09-02,2026-09-08
Jimmy Dean Bacon,Publix,12.0,meat,2026-04-22,2026-04-28
Johnsonville Sausage,Publix,9.0,meat,2026-06-03,2026-06-10
Johnsonville Sausage Links,Publix,3.99,meat,2026-05-20,2026-05-26
Johnsonville Sausage Links,Publix,11.0,meat,2026-06-17,2026-06-23
Johnsonville Sausage Links,Publix,9.0,meat,2026-07-22,2026-07-28
Korean Inspired BBQ Chicken Soup,Publix,5.49,meat,2026-06-10,2026-06-16
Nathan's Famous Beef Franks,Publix,12.0,meat,2026-04-18,2026-05-01
Nathan's Famous Beef Franks,Publix,12.0,meat,2026-07-01,2026-07-07
Oscar Mayer Bacon,Publix,12.0,meat,2026-04-29,2026-05-05
Other Brisket Subs,Publix,12.99,meat,2026-05-27,2026-06-03
Perdue Ground Chicken,Publix,8.0,meat,2026-06-03,2026-06-10
Perdue Shortcuts Chicken Strips,Publix,10.0,meat,2026-05-27,2026-06-03
Philly Gourmet Beef Patties†,Publix,8.99,meat,2026-05-20,2026-05-26
Publix Bacon Wrapped Pork Tenderloin,Publix,6.99,meat,2026-04-22,2026-04-28
Publix Extra Lean Pork Loin Tenderloins†,Publix,5.99,meat,2026-04-22,2026-04-28
Publix Assorted Pork Loin Chops,Publix,3.99,meat,2026-04-29,2026-05-05
Publix Pork Loin Rib Chops,Publix,4.99,meat,2026-04-29,2026-05-05
GreenWise Extra Lean Pork Tenderloin,Publix,6.99,meat,2026-04-29,2026-05-05
Publix Extra Lean Pork Loin Tenderloins,Publix,5.99,meat,2026-05-06,2026-05-12
GreenWise Pork Loin Back Ribs,Publix,7.49,meat,2026-05-13,2026-05-19
GreenWise Pork Loin Back Ribs,Publix,7.49,meat,2026-05-20,2026-05-26
Publix Assorted Pork Loin Chops,Publix,3.99,meat,2026-05-20,2026-05-26
GreenWise Lean Pork Loin Chops,Publix,6.49,meat,2026-05-27,2026-06-03
Publix Boneless Lean Pork Loin Chops†,Publix,6.49,meat,2026-06-03,2026-06-10
Publix Boneless Lean Pork Loin Chops†,Publix,5.99,meat,2026-06-03,2026-06-10
Hatfield Pork Tenderloin,Publix,5.99,meat,2026-06-10,2026-06-16
GreenWise Extra Lean Pork Tenderloin,Publix,6.99,meat,2026-06-10,2026-06-16
Publix Boneless Lean Pork Loin Chops,Publix,6.49,meat,2026-06-17,2026-06-23
Prairie Fresh Pork Tenderloin,Publix,12.0,meat,2026-06-17,2026-06-23
GreenWise Extra Lean Pork Tenderloin,Publix,6.99,meat,2026-07-01,2026-07-07
Publix Assorted Pork Loin Chops,Publix,3.99,meat,2026-07-01,2026-07-07
Publix Assorted Pork Loin Chops†,Publix,3.99,meat,2026-09-02,2026-09-08
Publix Argentine-Style Chorizo Sausage,Publix,5.69,meat,2026-05-13,2026-05-19
Publix Bacon†,Publix,4.99,meat,2026-05-06,2026-05-12
Publix Bacon Bits,Publix,5.0,meat,2026-05-06,2026-05-12
Publix BBQ Bacon Chicken Grillers,Publix,7.99,meat,2026-06-03,2026-06-10
Publix Beef Craft Burger,Publix,12.99,meat,2026-09-02,2026-09-08
Publix Beef Patties,Publix,13.99,meat,2026-05-20,2026-05-26
Publix Beef Smash Patties,Publix,7.49,meat,2026-07-01,2026-07-07
Publix Blue Cheese Gourmet Beef Patties,Publix,11.49,meat,2026-09-02,2026-09-08
Publix Chicken Boneless Skinless Breast Cutlets,Publix,8.49,meat,2026-06-10,2026-06-16
Publix Chicken Caesar Salad,Publix,6.99,meat,2026-06-03,2026-06-10
Publix Chicken Caesar Salad,Publix,5.99,meat,2026-07-22,2026-07-28
Publix Chicken Cordon,Publix,8.99,meat,2026-07-22,2026-07-28
Publix Chicken Cordon Bleu,Publix,8.99,meat,2026-04-22,2026-04-28
Publix Chicken Cutlets,Publix,5.49,meat,2026-05-06,2026-05-12
Publix Chicken Nuggets,Publix,6.39,meat,2026-05-06,2026-05-12
Publix Chicken Stock,Publix,5.0,meat,2026-07-01,2026-07-07
Publix Chorizo Pork Sausage,Publix,5.69,meat,2026-04-29,2026-05-05
Publix Colombian-Style Pork Sausage,Publix,5.69,meat,2026-06-10,2026-06-16
Publix Colombian-Style Pork Sausage,Publix,5.69,meat,2026-06-17,2026-06-23
Publix Garlic Butter Beef Smash Patties†,Publix,7.49,meat,2026-05-13,2026-05-19
Publix Garlic Butter Beef Smash Patties†,Publix,7.49,meat,2026-05-20,2026-05-26
Publix Gourmet Beef Meatballs,Publix,8.99,meat,2026-04-29,2026-05-05
Publix Gourmet Beef Meatballs,Publix,8.99,meat,2026-05-13,2026-05-19
Publix Gourmet Turkey Burgers,Publix,7.99,meat,2026-05-27,2026-06-03
Publix Ground Pork,Publix,3.49,meat,2026-04-29,2026-05-05
Publix Ground Pork,Publix,3.49,meat,2026-05-20,2026-05-26
Publix Ground Pork,Publix,3.49,meat,2026-06-03,2026-06-10
Publix Ground Pork,Publix,3.49,meat,2026-07-01,2026-07-07
Publix Honey Maple Turkey Breast,Publix,7.99,meat,2026-06-10,2026-06-16
Publix Italian Pork Sausage,Publix,5.69,meat,2026-09-02,2026-09-08
Publix Lean Pork Cubed Steaks,Publix,5.49,meat,2026-05-06,2026-05-12
Publix Mild or Hot Pork Italian Sausage,Publix,4.69,meat,2026-05-20,2026-05-26
Publix Mild or Hot Pork Italian Sausage,Publix,4.69,meat,2026-07-01,2026-07-07
Publix Mild or Hot Pork Italian Sausage,Publix,4.69,meat,2026-07-22,2026-07-28
Publix Mild Pork Italian Sausage†,Publix,5.69,meat,2026-05-20,2026-05-26
Publix Mild Pork Italian Sausage†,Publix,5.69,meat,2026-07-01,2026-07-07
Publix Mild Pork Italian Sausage†,Publix,5.69,meat,2026-07-22,2026-07-28
Publix Mojo Pork Meal,Publix,7.99,meat,2026-04-29,2026-05-05
Publix Oven Roasted Turkey Breast,Publix,11.99,meat,2026-04-22,2026-04-28
Publix Oven-Roasted Turkey Breast,Publix,11.99,meat,2026-06-03,2026-06-10
Publix Oven-Roasted Turkey Breast,Publix,8.99,meat,2026-07-22,2026-07-28
Publix Pork Boston Butt Roast,Publix,2.99,meat,2026-05-20,2026-05-26
Publix Pork Boston Butt Roast,Publix,3.79,meat,2026-06-03,2026-06-10
Publix Pork Boston Butt Roast,Publix,3.79,meat,2026-06-17,2026-06-23
Publix Pork Boston Butt Roast,Publix,3.49,meat,2026-06-17,2026-06-23
Publix Pork Boston Butt Roast,Publix,2.99,meat,2026-07-01,2026-07-07
Publix Pork Boston Butt Roast,Publix,2.99,meat,2026-07-22,2026-07-28
Publix Pork Boston Butt Roast,Publix,2.99,meat,2026-09-02,2026-09-08
Publix Pork Italian Sausage†,Publix,4.69,meat,2026-05-06,2026-05-12
Publix Pork Picnic,Publix,1.99,meat,2026-04-22,2026-04-28
Publix Pork Picnic,Publix,3.49,meat,2026-04-29,2026-05-05
Publix Pork Picnic,Publix,3.49,meat,2026-05-27,2026-06-03
"Publix Pork Picnic, Boneless",Publix,3.49,meat,2026-07-22,2026-07-28
Publix Pork Picnic Half,Publix,1.99,meat,2026-05-20,2026-05-26
Publix Pork Shoulder Blade Steaks,Publix,3.49,meat,2026-07-01,2026-07-07
Publix Pork Shoulder Country-Style Ribs,Publix,3.49,meat,2026-09-02,2026-09-08
Publix Seasoned Beef Meatballs,Publix,7.99,meat,2026-05-06,2026-05-12
Publix Seasoned Beef Meatballs,Publix,7.99,meat,2026-06-03,2026-06-10
Publix Seasoned Beef Meatballs,Publix,7.99,meat,2026-07-01,2026-07-07
Publix Seasoned Beef Meatloaf,Publix,7.99,meat,2026-05-06,2026-05-12
Publix Seasoned Beef Meatloaf,Publix,7.99,meat,2026-06-03,2026-06-10
Publix Smoked Gouda & Bacon Gourmet Beef Patties,Publix,11.49,meat,2026-09-02,2026-09-08
Publix Smoked Pulled Pork†,Publix,8.49,meat,2026-09-02,2026-09-08
Publix Smokehouse Marinated Pork Belly†,Publix,8.99,meat,2026-07-22,2026-07-28
Publix Smokehouse Marinated Pork Belly for Burnt Ends,Publix,8.99,meat,2026-05-20,2026-05-26
Publix Smokehouse Marinated Pork Belly for Burnt Ends,Publix,8.99,meat,2026-07-01,2026-07-07
Publix Southern-Style Brisket Sub,Publix,12.99,meat,2026-05-13,2026-05-19
Publix Southern-Style Brisket Whole Sub,Publix,12.99,meat,2026-05-06,2026-05-12
Publix Southern-Style Brisket Whole Sub,Publix,12.99,meat,2026-05-27,2026-06-03
Publix Spicy Brisket Whole Sub,Publix,12.99,meat,2026-05-06,2026-05-12
Publix Stacked Brisket Sandwich,Publix,8.99,meat,2026-05-06,2026-05-12
Publix Stacked Brisket Sandwich,Publix,9.99,meat,2026-05-20,2026-05-26
Publix Stacked Brisket Sandwich,Publix,8.99,meat,2026-07-22,2026-07-28
Publix Stuffed Flank Steak,Publix,13.99,meat,2026-05-06,2026-05-12
Publix Stuffed Flank Steak,Publix,15.99,meat,2026-05-27,2026-06-03
Publix Stuffed Flank Steak,Publix,13.99,meat,2026-07-22,2026-07-28
Publix Turkey Cobb Salad,Publix,6.99,meat,2026-05-20,2026-05-26
Publix Turkey Sandwich,Publix,5.99,meat,2026-05-06,2026-05-12
Publix Turkey Sandwich,Publix,4.99,meat,2026-07-22,2026-07-28
Publix Turkey Whole Sub,Publix,7.99,meat,2026-06-17,2026-06-23
Schweid & Sons The Chuck Brisket Burger,Publix,13.29,meat,2026-05-13,2026-05-19
Schweid & Sons The Chuck Brisket Burger,Publix,13.29,meat,2026-06-10,2026-06-16
Schweid & Sons The Chuck Brisket Burger,Publix,13.29,meat,2026-07-01,2026-07-07
Smithfield Anytime Favorites Hardwood Smoked Bone In Ham Steak,Publix,3.99,meat,2026-04-18,2026-05-01
Smithfield Bacon,Publix,12.0,meat,2026-06-03,2026-06-10
Smithfield Breakfast Sausage,Publix,7.0,meat,2026-05-27,2026-06-03
Smithfield Breakfast Sausage,Publix,8.0,meat,2026-06-10,2026-06-16
Smithfield Hometown Original Pork Sausage Patties,Publix,4.99,meat,2026-06-03,2026-06-10
Soules Kitchen Chicken Fajitas,Publix,7.99,meat,2026-06-10,2026-06-16
Springer Mountain Farms Ground Chicken†,Publix,3.99,meat,2026-05-20,2026-05-26
Tenderloin Steak†,Publix,23.99,meat,2026-05-06,2026-05-12
Verde Farms Filet Mignon,Publix,11.99,meat,2026-04-22,2026-04-28
Whole Brisket,Publix,5.99,meat,2026-04-29,2026-05-05
Whole Brisket,Publix,5.99,meat,2026-05-20,2026-05-26
Whole Brisket,Publix,5.99,meat,2026-07-01,2026-07-07
2-Pack Sweat Shorts,ALDI,12.99,other,2026-05-27,2026-06-02
2-Piece Sleep Shorts,ALDI,9.99,other,2026-06-10,2026-06-16
Adventuridge 30-oz. Carry Handle Stainless Steel Bottle,ALDI,8.99,other,2026-06-10,2026-06-16
Adventuridge 30-oz. Thirst Crusher Tumbler,ALDI,8.99,other,2026-04-22,2026-04-28
Adventuridge 40-oz. Thirst Crusher Tumbler,ALDI,9.99,other,2026-05-06,2026-05-12
Adventuridge 40-oz. Thirst Crusher Tumbler,ALDI,9.99,other,2026-05-27,2026-06-02
Adventuridge 64-oz. Insulated Growler,ALDI,14.99,other,2026-05-20,2026-05-26
Adventuridge Adjustable Trekking Poles,ALDI,14.99,other,2026-06-17,2026-06-23
Adventuridge Camping Chair Foldable,ALDI,12.99,other,2026-09-02,2026-09-08
Adventuridge Camping Floor Mats,ALDI,12.99,other,2026-06-03,2026-06-09
Adventuridge Camping String Lights,ALDI,9.99,other,2026-06-17,2026-06-23
Adventuridge Collapsible Bucket or Tub with Drain,ALDI,7.99,other,2026-06-17,2026-06-23
Adventuridge Collapsible Camping Cot,ALDI,39.99,other,2026-05-13,2026-05-19
Adventuridge Collapsible Camping Stool,ALDI,9.99,other,2026-06-17,2026-06-23
Adventuridge Collapsible Camping Table,ALDI,19.99,other,2026-06-17,2026-06-23
Adventuridge Colorful Mini Lantern,ALDI,6.99,other,2026-06-17,2026-06-23
Adventuridge Fishing Bucket with Net,ALDI,7.99,other,2026-06-17,2026-06-23
Adventuridge Fishing Rod with Tackle,ALDI,19.99,other,2026-06-17,2026-06-23
Adventuridge Foldable Camping Chair,ALDI,12.99,other,2026-06-17,2026-06-23
Adventuridge Foldable Camping Love Seat,ALDI,49.99,other,2026-06-03,2026-06-09
Adventuridge Insulated Foam Sleep Pad,ALDI,14.99,other,2026-05-13,2026-05-19
Adventuridge Kids' Camping Chair,ALDI,12.99,other,2026-09-02,2026-09-08
Adventuridge Oversized Mesh Back Chair,ALDI,24.99,other,2026-05-20,2026-05-26
Adventuridge Portable Hammock with Stand,ALDI,69.99,other,2026-05-13,2026-05-19
Adventuridge Rechargeable Bug Zapper Lantern,ALDI,9.99,other,2026-06-03,2026-06-09
Adventuridge Rechargeable Hanging Fan,ALDI,14.99,other,2026-05-13,2026-05-19
Adventuridge Rocking Director's Chair,ALDI,49.99,other,2026-06-03,2026-06-09
Adventuridge Wood Wool Firestarters,ALDI,4.99,other,2026-05-13,2026-05-19
ALDI Assorted Summer Baked Beans,ALDI,1.59,other,2026-07-22,2026-07-28
ALDI Coleslaw,ALDI,3.59,other,2026-05-27,2026-06-02
All Play Margarita Variety Pack,ALDI,13.29,other,2026-05-20,2026-05-26
All Play Mixed Drink Variety Pack,ALDI,13.29,other,2026-05-20,2026-05-26
Ambiano 3-in-1 Mini Fan,ALDI,9.99,other,2026-06-17,2026-06-23
Ambiano 3-in-1 Mini Fan,ALDI,2.99,other,2026-06-17,2026-06-23
Ambiano 6-in-1 Belt Fan,ALDI,14.99,other,2026-06-03,2026-06-09
AMBIANO Bladeless Table Fan,ALDI,24.99,other,2026-06-10,2026-06-16
Ambiano Bug Repellent Fan,ALDI,6.99,other,2026-05-13,2026-05-19
Ambiano Countertop Ice Maker,ALDI,69.99,other,2026-06-10,2026-06-16
Ambiano Electric Kettle or 2-Slice Toaster,ALDI,19.99,other,2026-07-08,2026-07-14
Ambiano Electric Power Scrubber,ALDI,9.99,other,2026-07-01,2026-07-07
Ambiano Fan with Flexible Tripod,ALDI,9.99,other,2026-05-27,2026-06-02
Ambiano Globe Fan,ALDI,39.99,other,2026-06-17,2026-06-23
Ambiano Handheld Steam Cleaner,ALDI,19.99,other,2026-07-01,2026-07-07
Ambiano High-Speed Blending Set,ALDI,19.99,other,2026-07-08,2026-07-14
Ambiano Mini Table Fan,ALDI,7.99,other,2026-07-29,2026-08-04
Ambiano Misting Fan,ALDI,4.99,other,2026-06-24,2026-06-30
Ambiano Mobile Design Fan,ALDI,9.99,other,2026-06-17,2026-06-23
Ambiano Necklace Fan,ALDI,9.99,other,2026-06-03,2026-06-09
Ambiano Portable Air Cooler with LED,ALDI,14.99,other,2026-06-17,2026-06-23
Ambiano Portable Blender,ALDI,14.99,other,2026-07-29,2026-08-04
Ambiano Portable Evaporative Air Cooler,ALDI,49.99,other,2026-06-10,2026-06-16
"Ambiano 3.5"" Portable Fan",ALDI,6.99,other,2026-05-20,2026-05-26
Ambiano Portable Telescopic Fan,ALDI,29.99,other,2026-06-03,2026-06-09
Ambiano Portable Vacuum Cleaner,ALDI,24.99,other,2026-07-01,2026-07-07
"Ambiano 5"" Rechargeable USB Fan",ALDI,7.99,other,2026-06-03,2026-06-09
Ambiano Steam Iron or Foldable Steamer,ALDI,19.99,other,2026-07-22,2026-07-28
Fresh Antibiotic Free Family Pack Drumsticks,ALDI,0.89,other,2026-05-06,2026-05-12
Assorted Summer Baked Beans,ALDI,1.59,other,2026-05-13,2026-05-19
Baden Giant Sports Ball,ALDI,7.99,other,2026-05-20,2026-05-26
Baden Volleyball Beach Combo Set,ALDI,14.99,other,2026-05-27,2026-06-02
Baker's Corner Giant Marshmallows,ALDI,3.29,other,2026-06-03,2026-06-09
Baker's Corner Regular Marshmallows,ALDI,1.15,other,2026-05-20,2026-05-26
Banzai Aqua Summer Toys,ALDI,4.99,other,2026-05-27,2026-06-02
Barissimo Italian Sweet Cream Creamer,ALDI,2.69,other,2026-07-22,2026-07-28
Barissimo Italian Sweet Cream Creamer,ALDI,2.69,other,2026-09-02,2026-09-08
Bauhn Sport Earbuds or Bluetooth Speaker,ALDI,14.99,other,2026-05-27,2026-06-02
Bear Bros. Rosé,ALDI,7.75,other,2026-05-20,2026-05-26
"Belavi 14"" Hanging Basket",ALDI,4.99,other,2026-04-22,2026-04-28
"Belavi 15"" Plant Stand",ALDI,6.99,other,2026-05-06,2026-05-12
Belavi 2-Pack Solar Stake Lanterns,ALDI,12.99,other,2026-05-27,2026-06-02
"Belavi 20"" Planter",ALDI,12.99,other,2026-04-22,2026-04-28
Belavi 3-Tier Wooden Plant Stand,ALDI,16.99,other,2026-05-27,2026-06-02
Belavi 3D Hanging Wind Spinner,ALDI,6.99,other,2026-04-22,2026-04-28
Belavi 5-Pack Solar Flame Effect Stakes,ALDI,11.99,other,2026-05-27,2026-06-02
Belavi 71-Gallon Deck Box,ALDI,49.99,other,2026-05-20,2026-05-26
Belavi All Seasons Mat,ALDI,9.99,other,2026-05-27,2026-06-02
Belavi Basket Stake,ALDI,5.99,other,2026-04-22,2026-04-28
Belavi Bird Bath,ALDI,14.99,other,2026-06-17,2026-06-23
Belavi Bird Drinking Trough,ALDI,9.99,other,2026-05-06,2026-05-12
Belavi Chair Cushion,ALDI,19.99,other,2026-05-06,2026-05-12
Belavi Children's Potting Bench,ALDI,29.99,other,2026-04-22,2026-04-28
Belavi Decorative Glass Table,ALDI,14.99,other,2026-04-22,2026-04-28
Belavi Decorative Planter,ALDI,4.99,other,2026-05-06,2026-05-12
Belavi Double Flower Spinner Stake,ALDI,6.99,other,2026-04-22,2026-04-28
Belavi Expanding Faux Leaf Trellis,ALDI,29.99,other,2026-06-17,2026-06-23
Belavi Fairy Garden Kit,ALDI,12.99,other,2026-04-29,2026-05-05
Belavi Folding Lounge Chair,ALDI,49.99,other,2026-05-20,2026-05-26
Belavi Folding Picnic Table,ALDI,19.99,other,2026-05-20,2026-05-26
Belavi Garden Bench Cushion,ALDI,19.99,other,2026-05-06,2026-05-12
Belavi Garden Fence Panel,ALDI,5.99,other,2026-04-22,2026-04-28
Belavi Half Barrel Planter,ALDI,4.99,other,2026-04-22,2026-04-28
Belavi Hanging Hammock Chair,ALDI,19.99,other,2026-04-22,2026-04-28
Belavi Hummingbird Feeder,ALDI,9.99,other,2026-04-22,2026-04-28
Belavi Kinetic Wind Spinner,ALDI,14.99,other,2026-05-06,2026-05-12
Belavi 4' x 6' Landscape Turf Rug,ALDI,24.99,other,2026-05-06,2026-05-12
Belavi Metal Garden Figurine,ALDI,9.99,other,2026-05-06,2026-05-12
Belavi Metal Hanging Planter or Trough,ALDI,5.99,other,2026-04-22,2026-04-28
Belavi Metal Side Table,ALDI,12.99,other,2026-05-27,2026-06-02
Belavi Metal Teacup Planter,ALDI,9.99,other,2026-05-27,2026-06-02
Belavi Mini Raised Planter,ALDI,14.99,other,2026-04-29,2026-05-05
Belavi Outdoor Lantern,ALDI,9.99,other,2026-05-20,2026-05-26
Belavi Plant Caddy,ALDI,6.99,other,2026-05-06,2026-05-12
Belavi Rattan Storage Table,ALDI,24.99,other,2026-05-06,2026-05-12
Belavi Replacement Coco Liner,ALDI,2.49,other,2026-04-22,2026-04-28
Belavi Seat Pad,ALDI,9.99,other,2026-05-06,2026-05-12
Belavi Sling Folding Chair,ALDI,19.99,other,2026-05-27,2026-06-02
Belavi Solar Address Stake,ALDI,12.99,other,2026-05-27,2026-06-02
Belavi Solar Fairy House,ALDI,9.99,other,2026-04-29,2026-05-05
Belavi Large Solar Fire Bowl,ALDI,19.99,other,2026-05-06,2026-05-12
Belavi Large Solar Fire Bowl,ALDI,12.99,other,2026-05-06,2026-05-12
Belavi Solar Garden Figurine,ALDI,9.99,other,2026-04-22,2026-04-28
Belavi Solar Geometric Lantern,ALDI,6.99,other,2026-04-22,2026-04-28
Belavi Solar Hanging Bug,ALDI,4.99,other,2026-06-17,2026-06-23
Belavi Solar Hot-Air Balloon,ALDI,9.99,other,2026-05-06,2026-05-12
Belavi Solar Rock Spotlight,ALDI,12.99,other,2026-05-06,2026-05-12
Belavi Sun Shade Sail,ALDI,14.99,other,2026-06-17,2026-06-23
Belavi Tall Garden Statue,ALDI,12.99,other,2026-05-27,2026-06-02
Belavi Tall Ribbed Planter,ALDI,14.99,other,2026-05-06,2026-05-12
Belavi Teacup or Watering Can Planter,ALDI,9.99,other,2026-04-29,2026-05-05
Belavi Trellis,ALDI,8.99,other,2026-04-29,2026-05-05
Belavi Trough Planter,ALDI,12.99,other,2026-04-22,2026-04-28
Belavi Vertical Solar Address Stake,ALDI,12.99,other,2026-04-22,2026-04-28
Belavi Wooden Cube Planter,ALDI,16.99,other,2026-05-06,2026-05-12
Belavi Wooden Patio Chair,ALDI,49.99,other,2026-06-17,2026-06-23
Belavi Wooden Planter with Trellis,ALDI,19.99,other,2026-04-22,2026-04-28
Belavi Wooden Trellis,ALDI,9.99,other,2026-04-22,2026-04-28
Bendon Art & Activity Set,ALDI,9.99,other,2026-09-09,2026-09-15
Bendon Color & Activity Set,ALDI,9.99,other,2026-06-17,2026-06-23
Bendon Magnetic Tin Activities,ALDI,7.99,other,2026-06-10,2026-06-16
Bestway 4-in-1 Air Bed,ALDI,29.99,other,2026-06-03,2026-06-09
Fresh Black Angus USDA Choice,ALDI,13.79,other,2026-05-27,2026-06-02
Fresh Black Angus USDA Choice,ALDI,11.99,other,2026-07-01,2026-07-07
Fresh Black Angus USDA Choice,ALDI,9.99,other,2026-07-01,2026-07-07
Fresh Black Angus USDA Choice,ALDI,8.99,other,2026-07-01,2026-07-07
Blackberries,ALDI,1.65,other,2026-05-06,2026-05-12
Blackberries,ALDI,1.45,other,2026-06-10,2026-06-16
Blueberries,ALDI,2.29,other,2026-05-20,2026-05-26
Blueberries,ALDI,1.99,other,2026-06-03,2026-06-09
Blueberries,ALDI,1.99,other,2026-06-17,2026-06-23
Blueberries,ALDI,1.99,other,2026-07-22,2026-07-28
"Boulder 10"" Ultra Heavy-Duty Paper Plates",ALDI,4.79,other,2026-07-22,2026-07-28
Boulder Heavy Duty or Regular Aluminum Foil,ALDI,4.39,other,2026-06-03,2026-06-09
Boulder Plastic Wrap,ALDI,1.95,other,2026-06-03,2026-06-09
Boulder Unscented Flex Kitchen Bags,ALDI,5.49,other,2026-06-03,2026-06-09
Breakfast Best Breakfast Bowl,ALDI,1.85,other,2026-07-22,2026-07-28
Breakfast Best Breakfast Bowl,ALDI,1.85,other,2026-09-02,2026-09-08
Burman's Asian Stir Fry Sauce,ALDI,2.19,other,2026-05-27,2026-06-02
California Heritage Moscato,ALDI,4.95,other,2026-05-20,2026-05-26
Calla Lily in Can,ALDI,10.99,other,2026-05-06,2026-05-12
Cambalala Chenin Blanc,ALDI,5.99,other,2026-05-20,2026-05-26
Cargo or Chino Shorts,ALDI,9.99,other,2026-06-17,2026-06-23
Casa Mamita Crunchy or Soft Taco Dinner Kit,ALDI,2.75,other,2026-04-29,2026-05-05
Casa Mamita Refried Beans,ALDI,0.89,other,2026-04-29,2026-05-05
Casa Mamita Refried Beans,ALDI,0.99,other,2026-05-27,2026-06-02
CASALUX Cordless Table Lamp,ALDI,12.99,other,2026-07-29,2026-08-04
CASALUX Reading Light Assortment,ALDI,6.99,other,2026-06-24,2026-06-30
Cattlemen's Ranch Smashed Burgers,ALDI,9.99,other,2026-05-13,2026-05-19
Cattlemen's Ranch Smashed Burgers,ALDI,9.99,other,2026-06-17,2026-06-23
Cattlemen's Ranch Smashed Burgers,ALDI,9.99,other,2026-07-01,2026-07-07
Character Accessories,ALDI,4.99,other,2026-07-22,2026-07-28
Character Collapsible Cooler,ALDI,14.99,other,2026-07-01,2026-07-07
Character Hairbrush,ALDI,3.99,other,2026-07-22,2026-07-28
Children's Character Ride-Along Suitcase,ALDI,44.99,other,2026-06-10,2026-06-16
Children's Character Slippers,ALDI,6.99,other,2026-07-22,2026-07-28
Children's Character Sunglasses,ALDI,3.99,other,2026-05-13,2026-05-19
Chopped Salad Kit,ALDI,2.89,other,2026-06-03,2026-06-09
Cottage Door Press Finger Puppet Board Book,ALDI,2.99,other,2026-09-09,2026-09-15
Crane 12-lb. Weighted Vest,ALDI,19.99,other,2026-06-17,2026-06-23
Crane 6-Pack Premium No-Show Fitness Socks,ALDI,7.99,other,2026-05-27,2026-06-02
Crane Agility Ladder or Training Cones,ALDI,6.99,other,2026-04-22,2026-04-28
Crane Air Lounger,ALDI,14.99,other,2026-06-10,2026-06-16
Crane Athleisure Dress,ALDI,14.99,other,2026-05-27,2026-06-02
Crane Axe Throwing Game,ALDI,29.99,other,2026-06-10,2026-06-16
Crane Backpack Chair or Lounger,ALDI,39.99,other,2026-06-24,2026-06-30
Crane Ball Assortment,ALDI,8.99,other,2026-09-02,2026-09-08
"Crane Ball Bag, Ball Pump or Training Spots",ALDI,6.99,other,2026-04-22,2026-04-28
"Crane Basketball, Volleyball or Soccer Ball",ALDI,8.99,other,2026-04-22,2026-04-28
Crane Beach Shelter,ALDI,19.99,other,2026-06-17,2026-06-23
Crane Bean Bag Toss,ALDI,29.99,other,2026-09-02,2026-09-08
Crane Premium Bike Shorts,ALDI,8.99,other,2026-05-27,2026-06-02
Crane Carry Cooler with Ice Brick,ALDI,14.99,other,2026-05-20,2026-05-26
Crane Fitness Reformer Board,ALDI,39.99,other,2026-06-17,2026-06-23
Crane Foldable Beach Mat,ALDI,19.99,other,2026-06-03,2026-06-09
Crane Large Foldable or 2-Pack Soccer Goals,ALDI,24.99,other,2026-04-22,2026-04-28
Crane Full-Face Snorkeling Mask,ALDI,14.99,other,2026-05-27,2026-06-02
Crane Giant 4-in-a-Row,ALDI,59.99,other,2026-05-20,2026-05-26
Crane Giant Toppling Blocks or Wooden 4-in-a-Row,ALDI,34.99,other,2026-06-10,2026-06-16
Crane Golf Accessories Kit,ALDI,9.99,other,2026-06-03,2026-06-09
Crane Gripper Socks,ALDI,4.99,other,2026-06-17,2026-06-23
Crane Gymnastics Balance Beam or Tumbling Mat,ALDI,29.99,other,2026-07-22,2026-07-28
Crane Kids' Beach Shelter,ALDI,14.99,other,2026-06-03,2026-06-09
Crane Ladder Toss,ALDI,19.99,other,2026-05-20,2026-05-26
Crane Ladies' or Men's Rain Jacket,ALDI,14.99,other,2026-09-09,2026-09-15
Crane Ladies' Premium Slides,ALDI,8.99,other,2026-06-10,2026-06-16
Crane Ladies' Slip-On Trainers,ALDI,14.99,other,2026-05-27,2026-06-02
Crane Lawn Bowling or Bocce,ALDI,12.99,other,2026-05-20,2026-05-26
Crane 5 Level Resistance Tubes or 3-Pack Fabric Resistance Bands,ALDI,6.99,other,2026-06-17,2026-06-23
Crane Longline Sports Bra,ALDI,9.99,other,2026-05-27,2026-06-02
Crane Men's or Ladies' EVA Slide Sandals,ALDI,6.99,other,2026-05-27,2026-06-02
Crane Men's or Ladies' Summer Clogs,ALDI,6.99,other,2026-05-20,2026-05-26
Crane Paddle Ball Games,ALDI,9.99,other,2026-05-20,2026-05-26
Crane Pool Lounge or Seat,ALDI,9.99,other,2026-05-27,2026-06-02
Crane Pool Saddle Seat,ALDI,16.99,other,2026-05-27,2026-06-02
Crane Portable Picnic Table,ALDI,14.99,other,2026-06-03,2026-06-09
Crane Rainbow Sports Ball,ALDI,4.99,other,2026-06-10,2026-06-16
Crane Rope Handle Tub,ALDI,6.99,other,2026-06-17,2026-06-23
Crane Premium Skort,ALDI,9.99,other,2026-05-27,2026-06-02
Crane Premium Stadium Seat,ALDI,19.99,other,2026-09-02,2026-09-08
Crane Tabletop Wood Game,ALDI,9.99,other,2026-07-29,2026-08-04
Crane Tanning Pool Lounge,ALDI,19.99,other,2026-05-20,2026-05-26
"Crane Washer Toss, Ring Toss, Dice or Dominoes",ALDI,16.99,other,2026-05-20,2026-05-26
Crane Waterproof Phone Pouch,ALDI,8.99,other,2026-05-27,2026-06-02
Crane Weighted Ring or Weighted Bar Set,ALDI,9.99,other,2026-06-17,2026-06-23
Crane Wrist Weight Set,ALDI,12.99,other,2026-06-17,2026-06-23
"Crane Yoga Blocks, Balance Pad, Pilates Ring or Pilates Ball Set",ALDI,6.99,other,2026-06-17,2026-06-23
Crane Premium Yoga Mat,ALDI,19.99,other,2026-06-17,2026-06-23
Crane Yoga Storage,ALDI,12.99,other,2026-06-17,2026-06-23
Crane Yoga Top,ALDI,9.99,other,2026-06-17,2026-06-23
Creativity for Kids Travel Sensory Bin,ALDI,9.99,other,2026-06-10,2026-06-16
Crofton 10-Piece Food Storage Set,ALDI,9.99,other,2026-07-22,2026-07-28
Crofton 12-Pack Reusable Paper Towels,ALDI,6.99,other,2026-06-17,2026-06-23
Crofton 12-Piece Glass Bowls with Snapping Lids,ALDI,14.99,other,2026-05-06,2026-05-12
Crofton 12-Quart Stainless Steel Stockpot,ALDI,26.99,other,2026-05-06,2026-05-12
Crofton 2-in-1 Glass Tumbler,ALDI,9.99,other,2026-07-22,2026-07-28
Crofton 2-Pack Kitchen Towel Set,ALDI,4.99,other,2026-05-06,2026-05-12
Crofton 2-Pack Kitchen Towels,ALDI,2.99,other,2026-09-02,2026-09-08
Crofton 2-Pack Waffle Weave Kitchen Towels,ALDI,4.99,other,2026-05-20,2026-05-26
Crofton 20- or 30-Piece Meal Prep Containers,ALDI,4.99,other,2026-07-29,2026-08-04
Crofton 3-Pack Ceramic Fry Pan Set,ALDI,24.99,other,2026-07-01,2026-07-07
Crofton 3-Piece Bakeware Set,ALDI,14.99,other,2026-07-08,2026-07-14
Crofton 3-Piece Bento Box with Lid,ALDI,4.99,other,2026-07-08,2026-07-14
Crofton 3-Piece Glass Food Storage Set,ALDI,12.99,other,2026-07-08,2026-07-14
Crofton 5-Piece Detachable Nesting Cookware Set,ALDI,29.99,other,2026-07-08,2026-07-14
Crofton 8-Piece Food Storage Set,ALDI,4.99,other,2026-06-10,2026-06-16
Crofton 8-Piece Mix & Prep Set,ALDI,9.99,other,2026-07-08,2026-07-14
Crofton Acacia Centerpiece Bowl,ALDI,19.99,other,2026-05-20,2026-05-26
Crofton Air Fryer Liner,ALDI,6.99,other,2026-07-08,2026-07-14
Crofton Americana Meal Prep or Snackle,ALDI,3.99,other,2026-06-10,2026-06-16
"Crofton Americana Straws, Ice or Pops",ALDI,2.99,other,2026-06-10,2026-06-16
Crofton Antibacterial Cutting Board or 5-Pack Flex Cutting Mats,ALDI,4.99,other,2026-07-01,2026-07-07
Crofton Cast-Iron 2-in-1 Deep Skillet,ALDI,19.99,other,2026-06-10,2026-06-16
Crofton Cast-Iron Braiser,ALDI,24.99,other,2026-05-06,2026-05-12
Crofton Cast-Iron Dutch Oven 30 cm,ALDI,29.99,other,2026-09-02,2026-09-08
Crofton Cast-Iron Skillet,ALDI,9.99,other,2026-09-02,2026-09-08
Crofton Cast-Iron Skinny Grill Pan,ALDI,14.99,other,2026-06-24,2026-06-30
Crofton Ceramic Bowl Assortment,ALDI,9.99,other,2026-09-02,2026-09-08
Crofton Charcuterie To-Go Board,ALDI,19.99,other,2026-09-02,2026-09-08
Crofton Clear or Multicolor Condiment Caddy,ALDI,9.99,other,2026-05-13,2026-05-19
"Crofton Collapsible Dispenser, Carrier or Bowl",ALDI,7.99,other,2026-05-06,2026-05-12
Crofton Collapsible On-the-Go,ALDI,6.99,other,2026-07-29,2026-08-04
Crofton Collapsible Salad Spinner,ALDI,12.99,other,2026-05-20,2026-05-26
Crofton Colored Frying Pans,ALDI,14.99,other,2026-05-20,2026-05-26
Crofton Divided Snack Serving Tray,ALDI,7.99,other,2026-07-01,2026-07-07
Crofton Embossed Drinkware Set,ALDI,9.99,other,2026-06-17,2026-06-23
Crofton Fall Ceramic Kitchenware,ALDI,7.99,other,2026-09-02,2026-09-08
Crofton Flip Pod,ALDI,2.99,other,2026-05-06,2026-05-12
Crofton Fluted Glass Bento Box,ALDI,9.99,other,2026-05-20,2026-05-26
Crofton Large Food Storage Chiller Tray,ALDI,12.99,other,2026-05-06,2026-05-12
Crofton Freeze Pop or Ice Tray,ALDI,3.99,other,2026-05-20,2026-05-26
Crofton Fridge Tray,ALDI,4.99,other,2026-07-22,2026-07-28
Crofton Fruit Ceramic Baker,ALDI,5.99,other,2026-05-20,2026-05-26
Crofton Fruit-Shaped Cutting Board,ALDI,2.99,other,2026-05-20,2026-05-26
Crofton Glass Beverage Dispenser,ALDI,12.99,other,2026-05-20,2026-05-26
Crofton Glass Bowl Set,ALDI,9.99,other,2026-06-24,2026-06-30
Crofton Glass Cup with Lid,ALDI,3.99,other,2026-07-08,2026-07-14
Crofton Glass Drinking Jars,ALDI,6.99,other,2026-05-20,2026-05-26
Crofton Glass Pumpkin Dome,ALDI,19.99,other,2026-09-02,2026-09-08
Crofton Hard Anodized Frying Pan or Round Grill Pan,ALDI,16.99,other,2026-09-02,2026-09-08
Crofton Harvest Enamel Board or Tiered Tray,ALDI,14.99,other,2026-09-02,2026-09-08
Crofton Harvest Serving Dish,ALDI,14.99,other,2026-09-02,2026-09-08
Crofton Harvest Utensil or Can Opener,ALDI,2.99,other,2026-09-02,2026-09-08
Crofton Hydration Storage Caddy,ALDI,9.99,other,2026-07-22,2026-07-28
Crofton Ice Box Assortment,ALDI,6.99,other,2026-06-17,2026-06-23
Crofton Ice Cube Trays,ALDI,3.99,other,2026-07-01,2026-07-07
Crofton Icon Drinking Glass,ALDI,4.99,other,2026-06-17,2026-06-23
Crofton Kitchen Gadget,ALDI,3.49,other,2026-07-29,2026-08-04
Crofton Lazy Susan Serving Platter with Lid,ALDI,24.99,other,2026-06-10,2026-06-16
Crofton Leather Wrapped Mug,ALDI,8.99,other,2026-06-03,2026-06-09
Crofton Master Cutting Board,ALDI,12.99,other,2026-06-03,2026-06-09
Crofton Metal Bakeware,ALDI,4.99,other,2026-05-06,2026-05-12
Crofton Mini Awesome Pan,ALDI,14.99,other,2026-05-20,2026-05-26
Crofton Mini Ceramic Frying Pan,ALDI,5.99,other,2026-07-29,2026-08-04
Crofton Multifunction Chopper,ALDI,12.99,other,2026-06-24,2026-06-30
Crofton Oval Serving Platter,ALDI,7.99,other,2026-06-10,2026-06-16
Crofton Plastic Plates or Bowls,ALDI,4.99,other,2026-05-20,2026-05-26
Crofton Plastic Plates or Bowls 4-Pack,ALDI,4.99,other,2026-05-20,2026-05-26
Crofton Large Pumpkin Dish,ALDI,16.99,other,2026-09-02,2026-09-08
Crofton Reusable Cutlery Set & Box,ALDI,4.99,other,2026-07-29,2026-08-04
Crofton Silicone Edge Wooden Utensil,ALDI,3.99,other,2026-07-01,2026-07-07
Crofton Straws or Tumbler Accessories,ALDI,3.99,other,2026-06-17,2026-06-23
Crofton Summer Kitchen Gadget,ALDI,4.99,other,2026-06-24,2026-06-30
Crofton Teacher Appreciation Snackle Box,ALDI,3.99,other,2026-07-08,2026-07-14
Crofton To-Go Assortment,ALDI,3.99,other,2026-07-29,2026-08-04
Crofton Tower Fry Cutter or Chopper Assortment,ALDI,9.99,other,2026-05-06,2026-05-12
Crofton Two Burner Griddle,ALDI,14.99,other,2026-05-13,2026-05-19
Crofton Two-Tier Wooden Lazy Susan,ALDI,14.99,other,2026-06-24,2026-06-30
Crofton Vacuum Flask,ALDI,6.99,other,2026-07-29,2026-08-04
Crofton Vacuum Insulated Food Container,ALDI,7.99,other,2026-07-22,2026-07-28
Crofton Wood Fiber Cutting Board,ALDI,9.99,other,2026-06-24,2026-06-30
Crofton Wood & Glass Salad or Dessert Bowl,ALDI,12.99,other,2026-06-24,2026-06-30
Crofton Wood or Cast-Iron Trivet,ALDI,6.99,other,2026-09-02,2026-09-08
Crofton Woven Serving Tray or Flatware Caddy,ALDI,12.99,other,2026-05-20,2026-05-26
Crofton XL Snackle Box,ALDI,7.99,other,2026-06-03,2026-06-09
Dakota's Pride Assorted Baked Beans,ALDI,1.99,other,2026-09-02,2026-09-08
Dallies Rainbow Sprinkles,ALDI,3.69,other,2026-06-17,2026-06-23
Deluxe Mother's Day Bouquet,ALDI,6.49,other,2026-05-06,2026-05-12
Deutsche Küche Café Kränze,ALDI,2.49,other,2026-04-29,2026-05-05
Deutsche Küche Doppel Keks,ALDI,3.89,other,2026-04-29,2026-05-05
Deutsche Küche German Style Sauerkraut,ALDI,1.69,other,2026-04-29,2026-05-05
Deutsche Küche Savory Strudels,ALDI,4.49,other,2026-04-29,2026-05-05
Deutsche Küche Strudel,ALDI,3.49,other,2026-04-29,2026-05-05
"Disney 18"" x 30"" Character Comfort Mat",ALDI,9.99,other,2026-04-29,2026-05-05
"Disney 18"" x 30"" Character Halloween Coir",ALDI,9.99,other,2026-09-09,2026-09-15
Disney 2-Pack Hand Towels,ALDI,8.99,other,2026-04-29,2026-05-05
Disney Athleisure Dress,ALDI,14.99,other,2026-04-29,2026-05-05
Disney Backpack,ALDI,16.99,other,2026-04-29,2026-05-05
Disney Boys' Disney Short Set,ALDI,9.99,other,2026-04-29,2026-05-05
Disney Boys' Disney Shorts Set,ALDI,9.99,other,2026-04-29,2026-05-05
Disney Character 3-Piece Travel Set,ALDI,19.99,other,2026-04-29,2026-05-05
Disney Character Comfort Mat,ALDI,9.99,other,2026-04-29,2026-05-05
Disney Character Headband,ALDI,6.99,other,2026-04-29,2026-05-05
Disney Character Sneakers,ALDI,14.99,other,2026-04-29,2026-05-05
Disney Children's Character Sneakers,ALDI,12.99,other,2026-04-29,2026-05-05
Disney Disney Hat,ALDI,6.99,other,2026-04-29,2026-05-05
Disney Girls' Disney Shorts or Skort Set,ALDI,9.99,other,2026-04-29,2026-05-05
Disney Lunch Accessories,ALDI,5.99,other,2026-07-22,2026-07-28
Disney PIXAR Toy Story Plush,ALDI,12.99,other,2026-06-17,2026-06-23
Disney Single Wick Character Candle,ALDI,8.99,other,2026-04-29,2026-05-05
Disney Toddlers' Character Sneakers,ALDI,12.99,other,2026-04-29,2026-05-05
Disney Toy Story Figure,ALDI,9.99,other,2026-06-17,2026-06-23
Disney Wallet,ALDI,7.99,other,2026-04-29,2026-05-05
Each Burman's Summer Squeeze Aioli,ALDI,2.45,other,2026-06-10,2026-06-16
Each Pembrook 4-Pack Magnetic Bookmarks or 6-Pack Vinyl Stickers,ALDI,2.99,other,2026-06-24,2026-06-30
Easy Home Clear Cleaning Brush,ALDI,1.99,other,2026-05-20,2026-05-26
Easy Home Flexi Hamper,ALDI,4.99,other,2026-07-08,2026-07-14
Easy Home Folding Step Stool,ALDI,6.99,other,2026-07-01,2026-07-07
Easy Home Laundry Hamper,ALDI,6.99,other,2026-06-17,2026-06-23
Easy Home Painted Trash Can,ALDI,24.99,other,2026-07-08,2026-07-14
Easy Home Power Mop Set or Flat Mop Set,ALDI,24.99,other,2026-07-01,2026-07-07
Easy Home Reusable Ice Packs,ALDI,3.99,other,2026-06-17,2026-06-23
Easy Home Tissue Box Cover,ALDI,7.99,other,2026-07-01,2026-07-07
Easy Home Ultimate Gel Seat Cushion,ALDI,14.99,other,2026-06-10,2026-06-16
Easy Home Upright Sweep Set,ALDI,8.99,other,2026-07-22,2026-07-28
Easy Home XL Extendable Drying Rack,ALDI,34.99,other,2026-07-22,2026-07-28
Easy Home Zipper Cases,ALDI,3.99,other,2026-07-08,2026-07-14
Easy Home Zipper Pouches,ALDI,2.99,other,2026-07-01,2026-07-07
Elevation Protein Puffs,ALDI,2.99,other,2026-07-01,2026-07-07
Everlight Sainte-Victoire Rosé,ALDI,12.99,other,2026-05-06,2026-05-12
Fishing Bucket with Net,ALDI,7.99,other,2026-06-17,2026-06-23
Fluid Life Vest,ALDI,12.99,other,2026-05-13,2026-05-19
Friendly Farms Whipped Topping,ALDI,1.09,other,2026-05-20,2026-05-26
Gardenline 4-Panel Vegetable Tower,ALDI,6.99,other,2026-05-06,2026-05-12
Gardenline 50' Soaker Hose,ALDI,9.99,other,2026-06-17,2026-06-23
Gardenline Decorative Garden Hand Tools,ALDI,9.99,other,2026-04-29,2026-05-05
Gardenline Garden Hat,ALDI,6.99,other,2026-04-29,2026-05-05
Gardenline Insect Zapper Racket,ALDI,5.99,other,2026-06-17,2026-06-23
Gardenline Knee Pads or Kneeling Pad,ALDI,6.99,other,2026-04-29,2026-05-05
Gardenline Men's or Ladies' Garden Clogs,ALDI,8.99,other,2026-04-29,2026-05-05
Gardenline Outdoor Dustpan,ALDI,7.99,other,2026-06-03,2026-06-09
Gardenline Shears Assortment,ALDI,7.99,other,2026-04-29,2026-05-05
Gardenline Solar Fountain,ALDI,9.99,other,2026-06-17,2026-06-23
Gardenline Touchscreen Gardening Gloves,ALDI,6.99,other,2026-04-29,2026-05-05
Gardenline Watering Wand,ALDI,4.99,other,2026-04-29,2026-05-05
Green Grapes,ALDI,1.89,other,2026-04-29,2026-05-05
Green Grapes,ALDI,1.89,other,2026-05-13,2026-05-19
Green Grapes,ALDI,1.69,other,2026-05-27,2026-06-02
Green Grapes,ALDI,1.49,other,2026-06-10,2026-06-16
Grill Master Collection,ALDI,64.99,other,2026-06-03,2026-06-09
Gui Gui Demon Hunters,ALDI,12.99,other,2026-07-22,2026-07-28
"H2OGO! 42"" Round Pool",ALDI,9.99,other,2026-06-24,2026-06-30
THE HALLOWEEN COLLECTION,ALDI,6.99,other,2026-09-09,2026-09-15
THE HALLOWEEN COLLECTION Ceramic Ghost with Bowl,ALDI,12.99,other,2026-09-09,2026-09-15
THE HALLOWEEN COLLECTION Confetti Glass Ghost or Pumpkin,ALDI,9.99,other,2026-09-09,2026-09-15
THE HALLOWEEN COLLECTION Crashing Witch or Ghost Tree Wrap,ALDI,7.99,other,2026-09-09,2026-09-15
THE HALLOWEEN COLLECTION Embossed Ceramic Pumpkin,ALDI,9.99,other,2026-09-02,2026-09-08
THE HALLOWEEN COLLECTION Fall Reversible Porch Sign,ALDI,9.99,other,2026-09-09,2026-09-15
THE HALLOWEEN COLLECTION Ghost Lantern,ALDI,12.99,other,2026-09-09,2026-09-15
THE HALLOWEEN COLLECTION Halloween Floral Garland,ALDI,19.99,other,2026-09-02,2026-09-08
THE HALLOWEEN COLLECTION Halloween Floral Wreath,ALDI,19.99,other,2026-09-02,2026-09-08
THE HALLOWEEN COLLECTION 4' Halloween Inflatable,ALDI,12.99,other,2026-09-09,2026-09-15
THE HALLOWEEN COLLECTION Halloween Serving Bowl,ALDI,9.99,other,2026-09-02,2026-09-08
THE HALLOWEEN COLLECTION Hologram Mirror,ALDI,29.99,other,2026-09-02,2026-09-08
THE HALLOWEEN COLLECTION LED Ghost Wreath,ALDI,16.99,other,2026-09-09,2026-09-15
THE HALLOWEEN COLLECTION LED Ghosts,ALDI,29.99,other,2026-09-09,2026-09-15
THE HALLOWEEN COLLECTION LED Hanging Ghost,ALDI,7.99,other,2026-09-09,2026-09-15
THE HALLOWEEN COLLECTION LED Tabletop Ghost,ALDI,7.99,other,2026-09-09,2026-09-15
Heart to Tail ALDI Cat Scratch House,ALDI,9.99,other,2026-05-27,2026-06-02
Heart to Tail Cat Window Bed,ALDI,14.99,other,2026-05-27,2026-06-02
Heart to Tail Collapsible Pet Pool,ALDI,12.99,other,2026-05-27,2026-06-02
Heart to Tail Cooling Dog Toy,ALDI,4.99,other,2026-05-27,2026-06-02
Heart to Tail Cooling Pet Mat,ALDI,14.99,other,2026-05-27,2026-06-02
Heart to Tail Cooling Pet Mat,ALDI,14.99,other,2026-06-24,2026-06-30
Heart to Tail Duo Dog Bones,ALDI,5.99,other,2026-06-24,2026-06-30
Heart to Tail Glamping Pet Bed,ALDI,19.99,other,2026-06-03,2026-06-09
Heart to Tail Indoor/Outdoor Cooling Pet Bed,ALDI,19.99,other,2026-05-27,2026-06-02
Heart to Tail Novelty Pet Bed,ALDI,14.99,other,2026-06-24,2026-06-30
Heart to Tail Patriotic Dog Toy,ALDI,4.99,other,2026-05-06,2026-05-12
Heart to Tail Pet Backpack with Lounge,ALDI,19.99,other,2026-05-27,2026-06-02
Heart to Tail Pet Travel Gear,ALDI,6.99,other,2026-05-27,2026-06-02
Heart to Tail Plush Sports Dog Toy,ALDI,4.99,other,2026-06-24,2026-06-30
Heart to Tail Rewarding Dog Treats,ALDI,4.29,other,2026-06-24,2026-06-30
Heart to Tail Wearable Pet Towel,ALDI,7.99,other,2026-06-24,2026-06-30
Heart to Tail Wing or Monster Bone Dog Chew,ALDI,8.99,other,2026-06-24,2026-06-30
Hinkler Finger Puppet or Paint Book,ALDI,4.99,other,2026-07-22,2026-07-28
Hinkler Life Stories Journal,ALDI,9.99,other,2026-04-22,2026-04-28
Hinkler Paper Gems by Number,ALDI,4.99,other,2026-04-22,2026-04-28
Hinkler Wellness Journal Kit,ALDI,7.99,other,2026-04-29,2026-05-05
Hydro Force 2-Seat Inflatable Kayak with Paddles,ALDI,99.99,other,2026-05-13,2026-05-19
Igloo 12-Quart Cooler,ALDI,19.99,other,2026-04-22,2026-04-28
Joie Easel,ALDI,4.99,other,2026-07-29,2026-08-04
Joie Magnetic Meal Planner,ALDI,4.99,other,2026-07-22,2026-07-28
Kalanchoe in Mug,ALDI,8.99,other,2026-05-06,2026-05-12
"KIRKTON HOUSE 18"" x 30"" Coir Doormat",ALDI,6.99,other,2026-07-01,2026-07-07
"KIRKTON HOUSE 18"" x 30"" Deluxe Doormat",ALDI,6.99,other,2026-05-06,2026-05-12
KIRKTON HOUSE 2-Pack Room Darkening Curtains,ALDI,14.99,other,2026-09-09,2026-09-15
"KIRKTON HOUSE 20"" x 30"" Chenille Accent Mat",ALDI,8.99,other,2026-05-06,2026-05-12
"KIRKTON HOUSE 20"" x 34"" Washable Kitchen Mat",ALDI,7.99,other,2026-05-20,2026-05-26
"KIRKTON HOUSE 20"" x 36"" Manhattan Wyndham Doormat",ALDI,9.99,other,2026-07-01,2026-07-07
KIRKTON HOUSE 3-Segment Candle,ALDI,12.99,other,2026-04-29,2026-05-05
"KIRKTON HOUSE 30"" x 60"" Beach Towel",ALDI,5.99,other,2026-06-17,2026-06-23
"KIRKTON HOUSE 50"" x 60"" Plush Throw",ALDI,4.99,other,2026-05-06,2026-05-12
"KIRKTON HOUSE 50"" x 60"" Plush Throw",ALDI,4.99,other,2026-06-24,2026-06-30
"KIRKTON HOUSE 50"" x 60"" Plush Throw",ALDI,4.99,other,2026-07-29,2026-08-04
KIRKTON HOUSE 6-Piece Comforter & Coverlet,ALDI,39.99,other,2026-09-09,2026-09-15
KIRKTON HOUSE All Sleep Positions Bed Pillow,ALDI,6.99,other,2026-09-09,2026-09-15
KIRKTON HOUSE Amber Glass Candle,ALDI,4.99,other,2026-07-01,2026-07-07
KIRKTON HOUSE Premium Americana Wreath,ALDI,19.99,other,2026-05-06,2026-05-12
KIRKTON HOUSE Back-To-School Gel Clings,ALDI,1.99,other,2026-07-08,2026-07-14
KIRKTON HOUSE Bamboo Hair Towel or 8-Pack Washcloths,ALDI,4.99,other,2026-04-29,2026-05-05
KIRKTON HOUSE Beach Cloud Towel,ALDI,9.99,other,2026-06-03,2026-06-09
KIRKTON HOUSE Bedside Organizer,ALDI,6.99,other,2026-07-29,2026-08-04
KIRKTON HOUSE Blackout Curtains,ALDI,14.99,other,2026-06-17,2026-06-23
KIRKTON HOUSE Blanket Storage,ALDI,7.99,other,2026-07-01,2026-07-07
KIRKTON HOUSE Bolster Pillow,ALDI,12.99,other,2026-07-08,2026-07-14
KIRKTON HOUSE Book Club Candle,ALDI,7.99,other,2026-06-24,2026-06-30
KIRKTON HOUSE Book Vase,ALDI,9.99,other,2026-06-24,2026-06-30
KIRKTON HOUSE Premium Bow,ALDI,12.99,other,2026-05-06,2026-05-12
KIRKTON HOUSE Building Block Storage,ALDI,12.99,other,2026-07-01,2026-07-07
KIRKTON HOUSE Candle Warmer Lamp,ALDI,14.99,other,2026-07-29,2026-08-04
KIRKTON HOUSE Carved Wood Candle,ALDI,19.99,other,2026-09-02,2026-09-08
KIRKTON HOUSE Citronella Tin Candle,ALDI,4.99,other,2026-05-06,2026-05-12
KIRKTON HOUSE Classroom Treasure Box,ALDI,9.99,other,2026-07-08,2026-07-14
KIRKTON HOUSE Coastal Turkish Bath Towel,ALDI,5.99,other,2026-05-20,2026-05-26
KIRKTON HOUSE Cold Cap,ALDI,7.99,other,2026-06-17,2026-06-23
KIRKTON HOUSE Collapsible Closet Bin,ALDI,16.99,other,2026-09-09,2026-09-15
KIRKTON HOUSE Collapsible Zip Storage,ALDI,4.99,other,2026-07-08,2026-07-14
KIRKTON HOUSE Comfort Mat,ALDI,9.99,other,2026-07-22,2026-07-28
KIRKTON HOUSE Cool to Touch Mattress Pad,ALDI,29.99,other,2026-06-17,2026-06-23
KIRKTON HOUSE Cool Touch Body Pillow,ALDI,16.99,other,2026-06-17,2026-06-23
KIRKTON HOUSE Cooling Comforter,ALDI,34.99,other,2026-06-17,2026-06-23
KIRKTON HOUSE Cooling Throw,ALDI,19.99,other,2026-06-17,2026-06-23
KIRKTON HOUSE Cosmetic Organizer,ALDI,6.99,other,2026-04-29,2026-05-05
KIRKTON HOUSE Decor Pillow,ALDI,12.99,other,2026-07-29,2026-08-04
KIRKTON HOUSE Decorative Rope Basket,ALDI,4.99,other,2026-07-08,2026-07-14
KIRKTON HOUSE Decorative Woven Organizer,ALDI,7.99,other,2026-09-02,2026-09-08
KIRKTON HOUSE Design Storage Box,ALDI,9.99,other,2026-09-09,2026-09-15
KIRKTON HOUSE Drink Organizer,ALDI,9.99,other,2026-05-20,2026-05-26
KIRKTON HOUSE Embossed Sheet Set,ALDI,14.99,other,2026-09-09,2026-09-15
KIRKTON HOUSE Essential Oil Spray,ALDI,4.99,other,2026-06-17,2026-06-23
KIRKTON HOUSE Flower Diffuser,ALDI,4.99,other,2026-04-29,2026-05-05
KIRKTON HOUSE Full/Queen or King Comforter,ALDI,19.99,other,2026-07-08,2026-07-14
"KIRKTON HOUSE Full, Queen or King Sheet Set",ALDI,14.99,other,2026-07-08,2026-07-14
KIRKTON HOUSE Gardening Apron,ALDI,7.99,other,2026-04-29,2026-05-05
KIRKTON HOUSE Halloween Icon Wax Warmer,ALDI,9.99,other,2026-09-02,2026-09-08
KIRKTON HOUSE Harvest Decor Pillow,ALDI,12.99,other,2026-09-09,2026-09-15
KIRKTON HOUSE Hooded Beach Towel,ALDI,6.99,other,2026-05-20,2026-05-26
KIRKTON HOUSE Icon Bead Candle,ALDI,7.99,other,2026-06-17,2026-06-23
KIRKTON HOUSE 3' x 5' Indoor/Outdoor Washable Play Rug,ALDI,19.99,other,2026-05-20,2026-05-26
KIRKTON HOUSE LED Glass Pumpkin,ALDI,14.99,other,2026-09-02,2026-09-08
KIRKTON HOUSE Luxury 2-Wick Candle,ALDI,5.99,other,2026-04-22,2026-04-28
KIRKTON HOUSE Luxury Reed Diffuser,ALDI,4.99,other,2026-04-22,2026-04-28
KIRKTON HOUSE Magnetic Wall Game,ALDI,9.99,other,2026-07-29,2026-08-04
KIRKTON HOUSE Monitor Riser with Drawer,ALDI,14.99,other,2026-07-29,2026-08-04
KIRKTON HOUSE 5' x 7' Multicolor Indoor/Outdoor Rug,ALDI,39.99,other,2026-07-22,2026-07-28
KIRKTON HOUSE 2' x 6' Multicolor Runner,ALDI,16.99,other,2026-07-22,2026-07-28
KIRKTON HOUSE Outdoor Accent Mat,ALDI,7.99,other,2026-04-29,2026-05-05
KIRKTON HOUSE Pantry Storage Solution,ALDI,7.99,other,2026-07-01,2026-07-07
KIRKTON HOUSE Picture Frame with Archive,ALDI,9.99,other,2026-07-08,2026-07-14
KIRKTON HOUSE Placemat Set,ALDI,6.99,other,2026-06-24,2026-06-30
KIRKTON HOUSE 2' x 4' Plush or Berber Rug,ALDI,5.99,other,2026-07-08,2026-07-14
KIRKTON HOUSE 2' x 4' Plush or Berber Rug,ALDI,22.99,other,2026-07-08,2026-07-14
KIRKTON HOUSE Porch Decor Pillow,ALDI,7.99,other,2026-05-06,2026-05-12
KIRKTON HOUSE Jumbo Pumpkin Cushion,ALDI,14.99,other,2026-09-02,2026-09-08
KIRKTON HOUSE Jumbo Pumpkin Cushion,ALDI,9.99,other,2026-09-02,2026-09-08
KIRKTON HOUSE 5' x 7' Reversible Indoor/Outdoor Rug,ALDI,14.99,other,2026-05-20,2026-05-26
KIRKTON HOUSE Ribbed Glass Candle 2-Pack,ALDI,4.99,other,2026-04-22,2026-04-28
KIRKTON HOUSE Rotating Bottle Organizer,ALDI,9.99,other,2026-07-29,2026-08-04
KIRKTON HOUSE Rubber Gate Coir Mat,ALDI,7.99,other,2026-04-22,2026-04-28
KIRKTON HOUSE Satin Gift Set,ALDI,5.99,other,2026-04-22,2026-04-28
KIRKTON HOUSE Sculptures Doormat,ALDI,6.99,other,2026-06-17,2026-06-23
KIRKTON HOUSE Shawl Blanket with Pockets,ALDI,14.99,other,2026-09-09,2026-09-15
KIRKTON HOUSE Single-Wick Candle,ALDI,3.99,other,2026-06-03,2026-06-09
KIRKTON HOUSE 4' x 6' Soft Area Rug,ALDI,39.99,other,2026-07-29,2026-08-04
KIRKTON HOUSE Space Saving Hangers,ALDI,6.99,other,2026-09-09,2026-09-15
KIRKTON HOUSE Structured Harvest Throw,ALDI,7.99,other,2026-09-02,2026-09-08
KIRKTON HOUSE Table Runner,ALDI,9.99,other,2026-06-24,2026-06-30
KIRKTON HOUSE Table Runner or 4-Pack Place Mat Set,ALDI,9.99,other,2026-09-02,2026-09-08
KIRKTON HOUSE Temp Regulating Sheet Set,ALDI,19.99,other,2026-06-17,2026-06-23
KIRKTON HOUSE Terry Set,ALDI,14.99,other,2026-09-09,2026-09-15
KIRKTON HOUSE Twin or Full Sheet Set,ALDI,8.99,other,2026-07-29,2026-08-04
"KIRKTON HOUSE Twin, Twin XL or Full Tween Reversible Comforter",ALDI,19.99,other,2026-07-29,2026-08-04
KIRKTON HOUSE Ultra Cozy Knit Throw & Socks Gift Set,ALDI,19.99,other,2026-04-29,2026-05-05
KIRKTON HOUSE Vanity Storage Box,ALDI,4.99,other,2026-07-08,2026-07-14
KIRKTON HOUSE Vinyl Tablecloth,ALDI,2.99,other,2026-05-20,2026-05-26
KIRKTON HOUSE Vinyl Tablecloth,ALDI,2.99,other,2026-06-10,2026-06-16
KIRKTON HOUSE Waffle Blanket,ALDI,14.99,other,2026-07-22,2026-07-28
KIRKTON HOUSE 5' x 7' Washable Indoor/Outdoor Area Rug,ALDI,49.99,other,2026-04-22,2026-04-28
KIRKTON HOUSE Washable Kitchen Mat,ALDI,7.99,other,2026-07-08,2026-07-14
KIRKTON HOUSE Wedge Pillow,ALDI,14.99,other,2026-07-08,2026-07-14
KIRKTON HOUSE XL Decorative Basket,ALDI,14.99,other,2026-09-02,2026-09-08
Kirkwood Fresh Family Pack,ALDI,1.55,other,2026-07-01,2026-07-07
Klondike The Original Klondike Bar,ALDI,3.99,other,2026-06-17,2026-06-23
Knowledge Factory Magnetic Tile Organizer,ALDI,9.99,other,2026-05-13,2026-05-19
LED Halloween Garland,ALDI,6.99,other,2026-09-09,2026-09-15
LEGO Activity Book,ALDI,4.99,other,2026-07-01,2026-07-07
"LEGO City, Creator or Friends",ALDI,19.99,other,2026-07-01,2026-07-07
LEGO Creator,ALDI,29.99,other,2026-07-01,2026-07-07
LEGO Duplo Spidey Dino or Ambulance,ALDI,19.99,other,2026-07-01,2026-07-07
LEGO Hydration Bottle,ALDI,6.99,other,2026-07-01,2026-07-07
LEGO Recruitment Bag,ALDI,4.99,other,2026-07-01,2026-07-07
LEGO Speed Champions,ALDI,27.99,other,2026-06-03,2026-06-09
LEGO Toy Story Train & RC Car,ALDI,39.99,other,2026-06-17,2026-06-23
Licensed Character Backpack,ALDI,14.99,other,2026-07-22,2026-07-28
Licensed Character Platform Slides,ALDI,9.99,other,2026-07-01,2026-07-07
Licensed Character Potty Seat or Stool,ALDI,7.99,other,2026-07-22,2026-07-28
Licensed Character Travel Blanket or Neck Pillow,ALDI,7.99,other,2026-06-17,2026-06-23
Licensed Children's Character Bucket Hat or Cap,ALDI,4.99,other,2026-05-13,2026-05-19
Licensed Kids' Character Beach Towel,ALDI,9.99,other,2026-05-13,2026-05-19
Licensed My Busy Book,ALDI,8.99,other,2026-06-10,2026-06-16
Licensed Toddlers' Character Light-Up Sandals,ALDI,14.99,other,2026-05-13,2026-05-19
Licensed Toddlers' or Children's Character Sweat Suit,ALDI,12.99,other,2026-09-09,2026-09-15
Licensed Toddlers' or Children's Character Swim Set,ALDI,12.99,other,2026-06-17,2026-06-23
Licensed Travel Card Game,ALDI,5.99,other,2026-06-03,2026-06-09
Lily & Dan Children's Fall Umbrella,ALDI,4.99,other,2026-09-09,2026-09-15
Lily & Dan/L&D Toddlers' or Children's Clogs,ALDI,4.99,other,2026-05-20,2026-05-26
Lily & Dan/L&D Toddlers' or Children's Lightweight Footbed Sandals,ALDI,4.99,other,2026-05-27,2026-06-02
Lily & Dan/L & D Toddlers' or Children's Swim Cover-Up,ALDI,8.99,other,2026-05-13,2026-05-19
Lily & Dan Toddlers' or Children's Swim Set,ALDI,9.99,other,2026-06-03,2026-06-09
Little Town Busy Book,ALDI,12.99,other,2026-07-29,2026-08-04
Little Town Foam Blocks,ALDI,16.99,other,2026-07-08,2026-07-14
Little Town Huggable Plush,ALDI,9.99,other,2026-09-09,2026-09-15
Little Town Lift & Learn Toy,ALDI,4.99,other,2026-07-22,2026-07-28
Little Town Montessori Assortment,ALDI,9.99,other,2026-07-22,2026-07-28
Little Town Nest Swing,ALDI,29.99,other,2026-04-22,2026-04-28
Little Town Silicone Beach Toys,ALDI,8.99,other,2026-06-03,2026-06-09
LIVE IN STYLE 2-Piece Cooler Bag,ALDI,7.99,other,2026-05-27,2026-06-02
LIVE IN STYLE 3-Pack Neoprene Drink Sleeves,ALDI,4.99,other,2026-07-08,2026-07-14
LIVE IN STYLE Book Club Tote,ALDI,4.99,other,2026-06-24,2026-06-30
LIVE IN STYLE City Tote,ALDI,6.99,other,2026-04-22,2026-04-28
LIVE IN STYLE Small Cooler Bag,ALDI,12.99,other,2026-06-03,2026-06-09
LIVE IN STYLE Small Cooler Bag,ALDI,9.99,other,2026-07-29,2026-08-04
LIVE IN STYLE Fitness Carryall,ALDI,9.99,other,2026-06-17,2026-06-23
LIVE IN STYLE Flip Top Cooler,ALDI,14.99,other,2026-05-06,2026-05-12
LIVE IN STYLE Foldable Utility Tote,ALDI,7.99,other,2026-06-03,2026-06-09
LIVE IN STYLE Haul-It-All Accessories,ALDI,4.99,other,2026-06-03,2026-06-09
LIVE IN STYLE Haul-It-All Tote,ALDI,24.99,other,2026-06-03,2026-06-09
LIVE IN STYLE Haul-It-All Tray or Insulated Cooler,ALDI,9.99,other,2026-06-03,2026-06-09
LIVE IN STYLE Mama Appreciation Pouch,ALDI,6.99,other,2026-04-22,2026-04-28
LIVE IN STYLE Mini Haul-It-All Tote,ALDI,14.99,other,2026-06-24,2026-06-30
LIVE IN STYLE Novelty Straw Tote,ALDI,12.99,other,2026-05-27,2026-06-02
LIVE IN STYLE Quilted Mini Tote Crossbody,ALDI,9.99,other,2026-05-27,2026-06-02
LIVE IN STYLE Soft-Sided Basket Cooler,ALDI,9.99,other,2026-05-20,2026-05-26
LIVE IN STYLE Toiletry Bag,ALDI,8.99,other,2026-06-10,2026-06-16
LIVE IN STYLE Travel Packing Bags Set,ALDI,7.99,other,2026-06-10,2026-06-16
LIVE IN STYLE Travel Weekender,ALDI,29.99,other,2026-06-10,2026-06-16
MAG TECH Theme Magnetic Tiles,ALDI,9.99,other,2026-07-22,2026-07-28
Magne Builds Magnetic Character Tiles Set,ALDI,6.99,other,2026-05-13,2026-05-19
Magne Builds Magnetic Character Tiles Set 7 - Piece,ALDI,6.99,other,2026-05-13,2026-05-19
Magne Builds Magnetic Tiles Mix,ALDI,12.99,other,2026-05-13,2026-05-19
Magne Builds Travel Magnetic Blocks,ALDI,7.99,other,2026-05-13,2026-05-19
Magne Builds Travel Magnetic Tiles,ALDI,7.99,other,2026-05-13,2026-05-19
Magne Builds Travel Magnetic Tiles 36 - Piece,ALDI,7.99,other,2026-05-13,2026-05-19
Millville Protein Chewy Bars,ALDI,2.89,other,2026-06-03,2026-06-09
Mimo Moutinho Vinho Verde,ALDI,5.45,other,2026-05-20,2026-05-26
Mother's Day 10-Stem Tulip Bouquet,ALDI,5.99,other,2026-05-06,2026-05-12
Mother's Day Bouquet,ALDI,14.49,other,2026-05-06,2026-05-12
Mother's Day Bouquet,ALDI,10.99,other,2026-05-06,2026-05-12
"5"" Mother's Day Orchid",ALDI,12.99,other,2026-05-06,2026-05-12
Mr. Bar-B-Q Grill Tool,ALDI,4.99,other,2026-05-13,2026-05-19
Mr. Bar-B-Q Steam Clean Grill or Griddle Brush,ALDI,14.99,other,2026-06-03,2026-06-09
Multicolored Peppers,ALDI,2.19,other,2026-04-22,2026-04-28
Multicolored Peppers,ALDI,2.19,other,2026-05-13,2026-05-19
Multicolored Peppers,ALDI,2.29,other,2026-06-10,2026-06-16
Multicolored Peppers,ALDI,2.29,other,2026-07-22,2026-07-28
Orca Easy Setup Pickleball Set,ALDI,34.99,other,2026-04-22,2026-04-28
Orca Pickleball Paddle Set,ALDI,24.99,other,2026-05-27,2026-06-02
Party Pack Patties,ALDI,16.99,other,2026-06-17,2026-06-23
Party Pack Patties,ALDI,16.99,other,2026-07-01,2026-07-07
Pembrook 3-Pack Gel Pens,ALDI,6.99,other,2026-07-29,2026-08-04
Pembrook All-Occasion Card,ALDI,0.99,other,2026-06-03,2026-06-09
Pembrook Bulletin Board Set,ALDI,2.99,other,2026-07-08,2026-07-14
Pembrook Clipfolio or Expandable File Folder,ALDI,6.99,other,2026-07-08,2026-07-14
Pembrook Dry Erase Board or Chalkboard,ALDI,9.99,other,2026-07-08,2026-07-14
Pembrook Fidget Collection Box,ALDI,12.99,other,2026-07-08,2026-07-14
Pembrook Laminator,ALDI,19.99,other,2026-07-08,2026-07-14
Pembrook Mother's Day Card,ALDI,0.99,other,2026-04-22,2026-04-28
Pembrook Office Accessories Set,ALDI,2.99,other,2026-07-08,2026-07-14
Pembrook Reward Certificates Or Reward Sticker Book,ALDI,2.99,other,2026-07-08,2026-07-14
Pembrook Teacher Planner,ALDI,8.99,other,2026-07-08,2026-07-14
PERDUE Fresh Antibiotic Free Family Pack Drumsticks,ALDI,0.89,other,2026-07-01,2026-07-07
Phidal My Busy Book,ALDI,8.99,other,2026-07-29,2026-08-04
PLAYHEM! Silent Sports Ball,ALDI,7.99,other,2026-07-29,2026-08-04
Pokémon Booster Pack,ALDI,4.99,other,2026-09-09,2026-09-15
PurAqua Belle Vie 12-Pack,ALDI,3.99,other,2026-07-22,2026-07-28
PurAqua Belle Vie 12-Pack,ALDI,3.99,other,2026-09-02,2026-09-08
PurAqua Sparkling Frost Water,ALDI,0.59,other,2026-07-22,2026-07-28
PurAqua Sparkling Frost Water,ALDI,0.59,other,2026-09-02,2026-09-08
"Range Master 65"" Gas Grill Cover",ALDI,9.99,other,2026-05-13,2026-05-19
Range Master BBQ Caddy,ALDI,9.99,other,2026-05-13,2026-05-19
Range Master Grill Accessories,ALDI,6.99,other,2026-06-10,2026-06-16
Fresh Raspberries,ALDI,1.99,other,2026-05-27,2026-06-02
Red Grapes,ALDI,1.49,other,2026-06-03,2026-06-09
Red Grapes,ALDI,1.39,other,2026-06-17,2026-06-23
RIDE + GO Car Interior Accessories,ALDI,4.99,other,2026-06-10,2026-06-16
RIDE + GO Car Organizer,ALDI,6.99,other,2026-06-10,2026-06-16
RIDE + GO Portable Tire Inflator,ALDI,14.99,other,2026-06-10,2026-06-16
RIDE + GO Trunk Organizer with Cooler,ALDI,12.99,other,2026-06-10,2026-06-16
Robo Alive Aquatic Toy,ALDI,6.99,other,2026-06-10,2026-06-16
Season's Choice Extra Crispy Restaurant Fries,ALDI,2.99,other,2026-06-17,2026-06-23
Season's Choice Seasoned French Fries,ALDI,2.89,other,2026-06-10,2026-06-16
Season's Choice Steamed Frozen Sweet Corn,ALDI,0.97,other,2026-06-10,2026-06-16
Serra Autumn Automatic Umbrella,ALDI,5.99,other,2026-09-09,2026-09-15
Serra Beach Cover-Up,ALDI,12.99,other,2026-05-13,2026-05-19
Serra Beach Hat,ALDI,4.99,other,2026-05-13,2026-05-19
Serra Ladies' Casual Sandals,ALDI,9.99,other,2026-05-13,2026-05-19
Serra Ladies' Comfort Sandals,ALDI,9.99,other,2026-05-20,2026-05-26
Serra Ladies' Espadrille Flats,ALDI,9.99,other,2026-06-03,2026-06-09
Serra Ladies' Espadrille Sandals,ALDI,9.99,other,2026-07-01,2026-07-07
Serra Ladies' EVA Clogs,ALDI,7.99,other,2026-09-09,2026-09-15
Serra Ladies' EVA Strappy Sandals,ALDI,6.99,other,2026-07-29,2026-08-04
Serra Ladies' Footbed Sandals,ALDI,7.99,other,2026-06-17,2026-06-23
Serra Ladies' Knitted Vest,ALDI,9.99,other,2026-07-29,2026-08-04
Serra Ladies' T-Shirt,ALDI,12.99,other,2026-07-29,2026-08-04
Serra Ladies' Tiered Skirt,ALDI,12.99,other,2026-07-29,2026-08-04
Serra Ladies' Woven Flats,ALDI,9.99,other,2026-07-29,2026-08-04
Serra Leisure Set,ALDI,12.99,other,2026-07-01,2026-07-07
Serra Linen Viscose Pants,ALDI,12.99,other,2026-05-20,2026-05-26
Serra Maxi Dress,ALDI,16.99,other,2026-04-22,2026-04-28
Serra Midi Dress,ALDI,14.99,other,2026-05-20,2026-05-26
Serra Polarized Sunglasses,ALDI,4.99,other,2026-06-24,2026-06-30
Serra Ribbed Tank Dress,ALDI,12.99,other,2026-06-10,2026-06-16
Serra Skort,ALDI,9.99,other,2026-07-01,2026-07-07
Serra Sleep Shirt,ALDI,7.99,other,2026-04-22,2026-04-28
Serra Soft Robe,ALDI,12.99,other,2026-04-22,2026-04-28
Serra Premium Sweater,ALDI,14.99,other,2026-05-06,2026-05-12
Serra Swimsuit,ALDI,9.99,other,2026-05-13,2026-05-19
Serra Teacher Accessories,ALDI,4.99,other,2026-07-08,2026-07-14
Serra Viscose Pants,ALDI,8.99,other,2026-06-10,2026-06-16
Serra Viscose Shorts,ALDI,6.99,other,2026-07-01,2026-07-07
Simply Nature Organic Fruit Flavored Snacks,ALDI,4.95,other,2026-06-03,2026-06-09
Smithsonian Education Rug,ALDI,19.99,other,2026-07-08,2026-07-14
SOHL Furniture Rectangular Storage Ottoman,ALDI,19.99,other,2026-09-09,2026-09-15
Specially Selected™ California Perfect Pairing Grapes,ALDI,6.89,other,2026-09-02,2026-09-08
Spring Hydrangea,ALDI,14.99,other,2026-05-06,2026-05-12
Stonemill Assorted Protein Grilling Blends,ALDI,2.59,other,2026-05-20,2026-05-26
STRAWBERRIES,ALDI,1.79,other,2026-04-22,2026-04-28
STRAWBERRIES,ALDI,2.99,other,2026-06-17,2026-06-23
Summer Fiction Favorites,ALDI,9.99,other,2026-06-24,2026-06-30
Summit Mocktail 4-Pack,ALDI,4.49,other,2026-06-10,2026-06-16
Summit Mocktails 4-Pack,ALDI,4.49,other,2026-05-20,2026-05-26
Sunbird Books Picture Book,ALDI,6.99,other,2026-07-08,2026-07-14
Sundae Shoppe 20 Calorie Bars,ALDI,2.79,other,2026-05-20,2026-05-26
Sundae Shoppe Vanilla Bars or Crunch Bars,ALDI,2.95,other,2026-07-22,2026-07-28
Sweet Corn,ALDI,2.39,other,2026-05-20,2026-05-26
Sweet Corn,ALDI,2.39,other,2026-06-17,2026-06-23
Sweet Corn,ALDI,2.39,other,2026-07-01,2026-07-07
Sweet Corn,ALDI,2.39,other,2026-07-22,2026-07-28
Sweet Corn,ALDI,2.39,other,2026-09-02,2026-09-08
Toddlers' Character Footbed Sandals,ALDI,7.99,other,2026-07-22,2026-07-28
Toddlers' or Children's Character 3-Piece Set,ALDI,11.99,other,2026-06-17,2026-06-23
Toddlers' or Children's Character Slides,ALDI,5.99,other,2026-06-17,2026-06-23
UNO Travel Card Game,ALDI,5.99,other,2026-07-22,2026-07-28
Washington Anjou Pears,ALDI,3.29,other,2026-05-27,2026-06-02
Washington Red Cherries,ALDI,2.79,other,2026-07-01,2026-07-07
Welby Knee Pillow,ALDI,9.99,other,2026-09-09,2026-09-15
WORKZONE 16-oz. Rubber Mallet,ALDI,6.99,other,2026-06-17,2026-06-23
WORKZONE Cushion Grill Mat,ALDI,12.99,other,2026-05-13,2026-05-19
Zak! 20-oz. Character Stainless Steel Bottle,ALDI,12.99,other,2026-07-22,2026-07-28
Zak! 30-oz Character Tumbler,ALDI,16.99,other,2026-06-17,2026-06-23
Zak! Character 2-Pack Plates or 2-Piece Flatware,ALDI,4.99,other,2026-07-22,2026-07-28
Zak! Character Color-Change Tumblers,ALDI,6.99,other,2026-05-13,2026-05-19
Zak! Character Flip-It Plate or 2-Piece Flatware,ALDI,4.99,other,2026-06-17,2026-06-23
Zak! Character Sutton Grip Bottle,ALDI,4.99,other,2026-07-22,2026-07-28
Zak! Disney Character Stainless Steel Bottle,ALDI,12.99,other,2026-04-29,2026-05-05
Zarita Blue Hawaiian,ALDI,9.99,other,2026-05-20,2026-05-26
10 Inch Hanging Baskets,Food Lion,10.99,other,2026-05-06,2026-05-12
10 Stem Cut Tulips Gift Bag,Food Lion,12.99,other,2026-05-06,2026-05-12
7-up Or Canada Dry,Food Lion,4.0,other,2026-07-22,2026-07-28
7-UP OR CANADA DRY PRODUCTS,Food Lion,4.99,other,2026-04-22,2026-04-28
7-UP OR CANADA DRY PRODUCTS,Food Lion,5.0,other,2026-06-03,2026-06-09
Air Wick,Food Lion,4.79,other,2026-04-29,2026-05-05
Alani Energy,Food Lion,5.0,other,2026-07-22,2026-07-28
ALL,Food Lion,9.99,other,2026-04-22,2026-04-28
ALL,Food Lion,8.99,other,2026-06-03,2026-06-09
ALL OR PERSIL LIQUID DETERGENT,Food Lion,11.99,other,2026-06-17,2026-06-23
All or Purex,Food Lion,5.99,other,2026-07-01,2026-07-07
Allegra Adult 24-Hour Tablets,Food Lion,19.99,other,2026-04-22,2026-04-28
Always My Baby Baby Oil,Food Lion,4.19,other,2026-04-29,2026-05-05
ALWAYS MY BABY DIAPERS,Food Lion,5.49,other,2026-05-20,2026-05-26
ALWAYS MY BABY DIAPERS,Food Lion,10.0,other,2026-07-01,2026-07-07
Always My Baby Training Pants,Food Lion,6.99,other,2026-09-02,2026-09-08
Always Ultra Pads,Food Lion,9.49,other,2026-05-20,2026-05-26
American Beauty Bouquet,Food Lion,10.99,other,2026-05-20,2026-05-26
Amylu Breakfast Bites,Food Lion,4.99,other,2026-05-13,2026-05-19
Amylu Breakfast Bites,Food Lion,4.99,other,2026-05-20,2026-05-26
Amylu Entree,Food Lion,6.99,other,2026-05-06,2026-05-12
Angel Soft,Food Lion,7.99,other,2026-04-22,2026-04-28
Angel Soft,Food Lion,5.49,other,2026-06-17,2026-06-23
Angel Soft,Food Lion,5.49,other,2026-07-22,2026-07-28
Arizona Or Lipton Tea,Food Lion,6.99,other,2026-07-01,2026-07-07
Arizona Tea,Food Lion,2.99,other,2026-04-22,2026-04-28
Arizona Tea,Food Lion,0.79,other,2026-06-17,2026-06-23
Arizona Tea,Food Lion,6.99,other,2026-07-22,2026-07-28
Arm & Hammer,Food Lion,2.99,other,2026-04-22,2026-04-28
Arm & Hammer,Food Lion,6.99,other,2026-04-22,2026-04-28
Arm & Hammer,Food Lion,0.99,other,2026-05-06,2026-05-12
Arm & Hammer,Food Lion,6.99,other,2026-05-20,2026-05-26
Arm & Hammer,Food Lion,6.99,other,2026-06-17,2026-06-23
Arm & Hammer,Food Lion,2.99,other,2026-06-17,2026-06-23
Arm & Hammer Body Wash or Lotion,Food Lion,4.0,other,2026-06-17,2026-06-23
Arm & Hammer Cat Litter,Food Lion,10.49,other,2026-07-01,2026-07-07
ARM & HAMMER 100 Ct. Sheets or 18 Oz. Beads,Food Lion,2.99,other,2026-05-20,2026-05-26
Asturi Bruschettini,Food Lion,3.99,other,2026-06-03,2026-06-09
Australian Gold Continuous Spray Sunscreen,Food Lion,7.99,other,2026-07-01,2026-07-07
Bachan's Japanese Barbecue Sauce,Food Lion,7.49,other,2026-05-13,2026-05-19
Bachan's Japanese Barbecue Sauce,Food Lion,7.49,other,2026-05-20,2026-05-26
Bamboo Bonzai,Food Lion,9.99,other,2026-05-27,2026-06-02
Banquet Mega Meals or Bowls,Food Lion,2.99,other,2026-04-29,2026-05-05
Barbasol or Pure Silk Shaving Cream,Food Lion,5.0,other,2026-05-27,2026-06-02
Barbasol or Pure Silk Shaving Cream,Food Lion,5.0,other,2026-06-03,2026-06-09
Batiste Dry Shampoo,Food Lion,8.59,other,2026-06-10,2026-06-16
Bauducco Wafers,Food Lion,5.0,other,2026-06-10,2026-06-16
Bauducco Wafers,Food Lion,1.0,other,2026-07-22,2026-07-28
BelGioioso Cheese,Food Lion,5.0,other,2026-07-22,2026-07-28
"New Belgium, Blue Moon or Sam Adams",Food Lion,17.99,other,2026-05-13,2026-05-19
"New Belgium, Sierra Nevada Or Samuel Adams",Food Lion,17.99,other,2026-06-03,2026-06-09
"New Belgium, Sierra Nevada or Victory",Food Lion,10.99,other,2026-09-02,2026-09-08
Bellatoria Pizza,Food Lion,3.99,other,2026-04-29,2026-05-05
Bellatoria Pizza,Food Lion,4.99,other,2026-05-27,2026-06-02
Beneful Dry Dog Food,Food Lion,16.49,other,2026-05-06,2026-05-12
Beneful Dry Dog Food,Food Lion,16.49,other,2026-07-01,2026-07-07
Betty Crocker Frosting,Food Lion,1.69,other,2026-04-22,2026-04-28
Betty Crocker Suddenly Salad,Food Lion,4.0,other,2026-05-20,2026-05-26
Betty Crocker Suddenly Salad,Food Lion,4.0,other,2026-05-27,2026-06-02
BIBIGO ORGANIC SEAWEED SNACK,Food Lion,3.99,other,2026-04-29,2026-05-05
Birds Eye Oven Roasters or Ultimate Vegetables,Food Lion,3.0,other,2026-06-03,2026-06-09
Birds Eye Voila! Family Dinners,Food Lion,6.99,other,2026-05-13,2026-05-19
Birds Eye Voila! Family Dinners,Food Lion,6.99,other,2026-07-01,2026-07-07
Blackberries,Food Lion,4.0,other,2026-04-22,2026-04-28
Blackberries,Food Lion,2.29,other,2026-05-06,2026-05-12
Blackberries,Food Lion,2.29,other,2026-05-27,2026-06-02
Blackberries,Food Lion,3.49,other,2026-06-10,2026-06-16
Natural Bliss or Starbucks Creamer,Food Lion,4.49,other,2026-05-06,2026-05-12
Natural Bliss or Starbucks Creamer,Food Lion,4.49,other,2026-09-02,2026-09-08
Bloom Sparkling Energy,Food Lion,4.0,other,2026-05-27,2026-06-02
Bloom Sparkling Or C4 Energy,Food Lion,5.0,other,2026-06-10,2026-06-16
Blue Ribbon Frozen Dessert,Food Lion,1.99,other,2026-05-13,2026-05-19
Blue Ribbon Frozen Dessert,Food Lion,6.0,other,2026-05-27,2026-06-02
Blue Ribbon Frozen Dessert,Food Lion,3.0,other,2026-06-03,2026-06-09
Blue Ribbon Novelties,Food Lion,5.99,other,2026-07-22,2026-07-28
Blueberries,Food Lion,3.49,other,2026-04-22,2026-04-28
Blueberries,Food Lion,4.99,other,2026-04-22,2026-04-28
Blueberries,Food Lion,3.49,other,2026-04-29,2026-05-05
Blueberries,Food Lion,4.0,other,2026-05-06,2026-05-12
Blueberries,Food Lion,4.0,other,2026-05-13,2026-05-19
Blueberries,Food Lion,4.99,other,2026-05-13,2026-05-19
Blueberries,Food Lion,4.0,other,2026-05-27,2026-06-02
Blueberries,Food Lion,4.49,other,2026-05-27,2026-06-02
Blueberries,Food Lion,5.0,other,2026-06-03,2026-06-09
Blueberries,Food Lion,5.0,other,2026-06-17,2026-06-23
Blueberries,Food Lion,2.79,other,2026-07-01,2026-07-07
Blueberries,Food Lion,5.0,other,2026-07-22,2026-07-28
Bob Evans Side Dish,Food Lion,3.99,other,2026-05-06,2026-05-12
Bob Evans Family Size Side Dish,Food Lion,4.99,other,2026-05-27,2026-06-02
BodyArmor,Food Lion,6.99,other,2026-04-22,2026-04-28
BodyArmor,Food Lion,1.0,other,2026-05-13,2026-05-19
BODYARMOR FLASH I.V.,Food Lion,1.99,other,2026-04-22,2026-04-28
BODYARMOR FLASH I.V.,Food Lion,5.99,other,2026-04-22,2026-04-28
BODYARMOR FLASH I.V.,Food Lion,4.0,other,2026-06-03,2026-06-09
Bomb Pop,Food Lion,2.99,other,2026-05-20,2026-05-26
Bomb Pop,Food Lion,2.99,other,2026-06-17,2026-06-23
Bomb Pop,Food Lion,2.99,other,2026-07-22,2026-07-28
Boneless Stew Beef,Food Lion,7.59,other,2026-05-27,2026-06-02
Boneless Stew Beef,Food Lion,8.49,other,2026-06-10,2026-06-16
Boneless Stew Beef,Food Lion,8.49,other,2026-09-02,2026-09-08
Boston Market Frozen Dinners,Food Lion,6.0,other,2026-05-06,2026-05-12
Bounce Dryer Sheets,Food Lion,7.99,other,2026-04-29,2026-05-05
Bounty,Food Lion,12.89,other,2026-05-13,2026-05-19
Bounty,Food Lion,19.99,other,2026-05-20,2026-05-26
Bounty,Food Lion,6.99,other,2026-05-27,2026-06-02
Bounty,Food Lion,6.99,other,2026-07-01,2026-07-07
Bounty,Food Lion,13.89,other,2026-07-22,2026-07-28
Bounty Essentials,Food Lion,10.49,other,2026-05-06,2026-05-12
Bounty Essentials,Food Lion,4.49,other,2026-06-10,2026-06-16
Bounty Essentials,Food Lion,13.89,other,2026-06-10,2026-06-16
Bounty Essentials,Food Lion,6.99,other,2026-07-01,2026-07-07
Bounty Napkins,Food Lion,2.99,other,2026-06-10,2026-06-16
Bounty Paper Towels,Food Lion,15.99,other,2026-04-29,2026-05-05
Brawny,Food Lion,5.49,other,2026-06-03,2026-06-09
Breakstone's Cottage Doubles,Food Lion,1.0,other,2026-06-10,2026-06-16
BRITA PITCHER,Food Lion,18.99,other,2026-06-17,2026-06-23
BROOKWOOD FARMS BBQ,Food Lion,4.49,other,2026-06-17,2026-06-23
Bubba Burger Original Burgers,Food Lion,16.99,other,2026-05-20,2026-05-26
Bubba Burger Original Burgers,Food Lion,15.99,other,2026-09-02,2026-09-08
Budget Saver Pops,Food Lion,3.0,other,2026-06-03,2026-06-09
Buffalo Wild Wings Sauce,Food Lion,3.49,other,2026-05-27,2026-06-02
Busch,Food Lion,16.99,other,2026-05-13,2026-05-19
Busch,Food Lion,16.99,other,2026-05-27,2026-06-02
Busch,Food Lion,17.99,other,2026-07-01,2026-07-07
Busch Light,Food Lion,16.99,other,2026-05-20,2026-05-26
Busch Light,Food Lion,17.99,other,2026-07-22,2026-07-28
Bush's Best Baked Beans,Food Lion,5.0,other,2026-04-29,2026-05-05
Bush's Best Baked Beans,Food Lion,5.0,other,2026-05-20,2026-05-26
Bush's Best Baked Beans,Food Lion,2.5,other,2026-07-01,2026-07-07
Bush's Best Baked Beans,Food Lion,5.0,other,2026-09-02,2026-09-08
Bush's Grillin' Beans,Food Lion,5.0,other,2026-04-22,2026-04-28
Bush's Grillin' Beans,Food Lion,2.5,other,2026-07-01,2026-07-07
Campbell's Chunky Soup,Food Lion,4.0,other,2026-09-02,2026-09-08
Cancun Blooms Bouquet,Food Lion,10.99,other,2026-04-29,2026-05-05
Canine Carry Outs Dog Treats,Food Lion,1.0,other,2026-05-20,2026-05-26
Canine Carry Outs Dog Treats,Food Lion,1.0,other,2026-09-02,2026-09-08
CAPRI SUN OR COUNTRY TIME,Food Lion,3.0,other,2026-09-02,2026-09-08
Carbone Sauce,Food Lion,6.39,other,2026-04-22,2026-04-28
CareOne,Food Lion,3.99,other,2026-05-06,2026-05-12
Careone 70% Isopropyl Alcohol,Food Lion,1.99,other,2026-07-22,2026-07-28
Careone Body Wash or Lotion,Food Lion,3.49,other,2026-05-06,2026-05-12
CareOne Ibuprofen,Food Lion,1.99,other,2026-07-22,2026-07-28
Cascade,Food Lion,15.99,other,2026-05-06,2026-05-12
Cascade,Food Lion,19.99,other,2026-06-10,2026-06-16
Cascade,Food Lion,7.99,other,2026-09-02,2026-09-08
Cascade Platinum,Food Lion,7.99,other,2026-07-01,2026-07-07
CAT'S PRIDE HEALTH MONITORING OR ODOR CONTROL CRYSTALS,Food Lion,12.49,other,2026-09-02,2026-09-08
Caulipower Pizza,Food Lion,5.99,other,2026-05-13,2026-05-19
Caulipower Pizza,Food Lion,6.99,other,2026-07-01,2026-07-07
Cedar's Tzatziki Dip,Food Lion,4.99,other,2026-06-10,2026-06-16
Celsius or Alani,Food Lion,4.0,other,2026-04-22,2026-04-28
CELSIUS ORIGINAL OR VIBE,Food Lion,5.0,other,2026-06-17,2026-06-23
CeraVe Facial Cleanser or Moisturizing Lotion,Food Lion,13.69,other,2026-05-20,2026-05-26
Cesar Dog Food,Food Lion,1.0,other,2026-04-29,2026-05-05
Cetaphil Daily Facial Cleanser,Food Lion,13.99,other,2026-04-22,2026-04-28
P.F. Chang's Bowls,Food Lion,4.0,other,2026-06-03,2026-06-09
CHARLIE'S SOAP LAUNDRY POWDER,Food Lion,14.99,other,2026-06-17,2026-06-23
Charmin,Food Lion,6.99,other,2026-04-29,2026-05-05
Charmin,Food Lion,15.99,other,2026-04-29,2026-05-05
Charmin,Food Lion,12.89,other,2026-05-13,2026-05-19
Charmin,Food Lion,19.99,other,2026-05-20,2026-05-26
Charmin,Food Lion,6.99,other,2026-05-27,2026-06-02
Charmin,Food Lion,13.99,other,2026-06-10,2026-06-16
Charmin,Food Lion,6.99,other,2026-07-01,2026-07-07
Charmin,Food Lion,13.89,other,2026-07-22,2026-07-28
Charmin,Food Lion,12.89,other,2026-09-02,2026-09-08
Charmin Essentials,Food Lion,10.49,other,2026-05-06,2026-05-12
Charmin Essentials,Food Lion,4.49,other,2026-06-10,2026-06-16
Charmin Essentials,Food Lion,6.99,other,2026-07-01,2026-07-07
Cheetos or Fritos,Food Lion,6.0,other,2026-05-06,2026-05-12
Chef Kamikaze's Yum Yum Sauce,Food Lion,4.99,other,2026-04-29,2026-05-05
Cherries,Food Lion,4.99,other,2026-05-13,2026-05-19
Cherries,Food Lion,3.99,other,2026-05-20,2026-05-26
Cherries,Food Lion,4.99,other,2026-05-27,2026-06-02
Cherries,Food Lion,4.99,other,2026-06-10,2026-06-16
Cherries,Food Lion,3.99,other,2026-06-17,2026-06-23
Cherries,Food Lion,2.99,other,2026-07-01,2026-07-07
Cherries,Food Lion,4.49,other,2026-07-22,2026-07-28
Chinet,Food Lion,5.99,other,2026-06-03,2026-06-09
Chop House Burgers,Food Lion,14.99,other,2026-05-13,2026-05-19
Chop House Burgers,Food Lion,14.99,other,2026-06-03,2026-06-09
Claritin Liqui-Gels,Food Lion,11.99,other,2026-04-29,2026-05-05
Clearly Canadian or Vita Coco Water,Food Lion,5.0,other,2026-07-01,2026-07-07
Clorox Disinfecting Wipes,Food Lion,5.49,other,2026-05-13,2026-05-19
Clorox Disinfecting Wipes,Food Lion,5.49,other,2026-06-03,2026-06-09
COKE MEXICO,Food Lion,5.99,other,2026-04-29,2026-05-05
Coke Products,Food Lion,7.99,other,2026-05-27,2026-06-02
Coke Products,Food Lion,4.0,other,2026-06-03,2026-06-09
Coke Products,Food Lion,12.0,other,2026-06-03,2026-06-09
Coke Products,Food Lion,5.99,other,2026-06-17,2026-06-23
Coke Products,Food Lion,15.0,other,2026-09-02,2026-09-08
Colgate Optic White Toothpaste,Food Lion,3.99,other,2026-05-20,2026-05-26
Colgate Sensitive or Total Toothpaste,Food Lion,4.99,other,2026-09-02,2026-09-08
COLGATE TOOTHPASTE,Food Lion,1.0,other,2026-09-02,2026-09-08
Companion Cat Food,Food Lion,0.69,other,2026-04-29,2026-05-05
Companion Cat Food,Food Lion,0.69,other,2026-06-10,2026-06-16
Coppertone Spray,Food Lion,7.99,other,2026-05-20,2026-05-26
Coppertone Spray or Lotion,Food Lion,7.99,other,2026-05-13,2026-05-19
Cottonelle,Food Lion,6.99,other,2026-04-29,2026-05-05
Cottonelle,Food Lion,16.99,other,2026-06-17,2026-06-23
Country Crock Spread,Food Lion,4.99,other,2026-05-20,2026-05-26
Country Kitchen Dog Treats,Food Lion,11.99,other,2026-04-22,2026-04-28
Country Kitchen Dog Treats,Food Lion,11.99,other,2026-05-27,2026-06-02
Country Kitchen Lickable Cat Treats,Food Lion,9.99,other,2026-07-01,2026-07-07
Crest 3D White or Pro Health Toothpaste,Food Lion,4.99,other,2026-05-20,2026-05-26
Crest Pro Health or 3D White Toothpaste,Food Lion,4.99,other,2026-07-01,2026-07-07
Crest Pro Health or 3D White Toothpaste,Food Lion,4.99,other,2026-07-22,2026-07-28
Crest Toothpaste,Food Lion,2.99,other,2026-05-06,2026-05-12
Crest Toothpaste,Food Lion,2.99,other,2026-06-17,2026-06-23
Dawn Ez-Squeeze,Food Lion,2.99,other,2026-06-03,2026-06-09
Dawn Platinum or Ultra,Food Lion,5.99,other,2026-07-01,2026-07-07
Dawn Powerwash,Food Lion,4.99,other,2026-06-10,2026-06-16
Dawn Powerwash,Food Lion,4.99,other,2026-09-02,2026-09-08
Dawn Powerwash Spray,Food Lion,2.99,other,2026-04-22,2026-04-28
Deer Park or Pure Life Water,Food Lion,4.99,other,2026-05-27,2026-06-02
Degree Men's or Women's Deodorant,Food Lion,6.0,other,2026-05-27,2026-06-02
DEL REAL ENTRÉE,Food Lion,6.99,other,2026-04-29,2026-05-05
DEL REAL ENTRÉE,Food Lion,7.99,other,2026-06-03,2026-06-09
DELECTABLES SQUEEZE UP CAT TREATS,Food Lion,10.99,other,2026-09-02,2026-09-08
Devour Frozen Dinners,Food Lion,3.0,other,2026-07-01,2026-07-07
Dia de Las Madres Bouquet,Food Lion,18.99,other,2026-05-06,2026-05-12
Dial Hand Soap,Food Lion,5.0,other,2026-07-01,2026-07-07
Dietz & Watson Chicken,Food Lion,9.99,other,2026-05-06,2026-05-12
Dietz & Watson Chicken,Food Lion,9.99,other,2026-06-03,2026-06-09
Dietz & Watson Ham,Food Lion,9.99,other,2026-04-29,2026-05-05
Dietz & Watson Ham,Food Lion,7.99,other,2026-07-22,2026-07-28
Dietz & Watson Roast Beef,Food Lion,13.99,other,2026-04-22,2026-04-28
Dietz & Watson Roast Beef,Food Lion,13.99,other,2026-06-17,2026-06-23
Dietz & Watson Turkey,Food Lion,10.99,other,2026-05-13,2026-05-19
Dixie,Food Lion,6.0,other,2026-07-22,2026-07-28
Dixie Plates or Bowls,Food Lion,5.99,other,2026-06-17,2026-06-23
Dockside Classics,Food Lion,5.99,other,2026-04-29,2026-05-05
Dockside Classics,Food Lion,4.99,other,2026-07-01,2026-07-07
Dockside Classics,Food Lion,5.99,other,2026-09-02,2026-09-08
DOGSTERS FROZEN TREATS,Food Lion,5.0,other,2026-07-01,2026-07-07
Dole Fruit Bowls,Food Lion,2.59,other,2026-05-20,2026-05-26
Dove,Food Lion,9.99,other,2026-05-06,2026-05-12
Dove,Food Lion,5.99,other,2026-05-06,2026-05-12
Dove,Food Lion,6.39,other,2026-06-17,2026-06-23
Dove Body Wash,Food Lion,7.99,other,2026-05-20,2026-05-26
Dove Men+Care or Women's Advanced Care Deodorant,Food Lion,6.99,other,2026-06-10,2026-06-16
Dove Men+Care Shampoo and Conditioner,Food Lion,7.99,other,2026-06-10,2026-06-16
Dove Shampoo or Conditioner,Food Lion,2.99,other,2026-04-29,2026-05-05
Dove Women's Dry Spray,Food Lion,5.99,other,2026-07-22,2026-07-28
Downy,Food Lion,12.99,other,2026-05-27,2026-06-02
Downy,Food Lion,7.99,other,2026-06-10,2026-06-16
Downy,Food Lion,7.99,other,2026-07-01,2026-07-07
Downy Fabric Softener,Food Lion,6.99,other,2026-04-29,2026-05-05
Downy Fabric Softener,Food Lion,7.99,other,2026-05-27,2026-06-02
Downy or Bounce Dryer Sheets,Food Lion,4.99,other,2026-05-13,2026-05-19
Downy or Gain Liquid Fabric Softener,Food Lion,9.99,other,2026-06-10,2026-06-16
Downy or Gain Liquid Softener,Food Lion,9.99,other,2026-07-01,2026-07-07
Downy 16 Oz. Rinse or 5 Oz. Scent Booster,Food Lion,3.49,other,2026-05-06,2026-05-12
Downy Rinse & Refresh,Food Lion,7.99,other,2026-04-22,2026-04-28
Downy Unstopables,Food Lion,7.99,other,2026-04-22,2026-04-28
Dragon Fruit,Food Lion,3.49,other,2026-04-29,2026-05-05
Dragon Fruit,Food Lion,4.49,other,2026-07-22,2026-07-28
Earth´s Best Organic Crunchy Sticks,Food Lion,2.59,other,2026-09-02,2026-09-08
Edwards Pies,Food Lion,4.99,other,2026-07-22,2026-07-28
Edwards Pies,Food Lion,4.99,other,2026-09-02,2026-09-08
EL Monterey Breakfast Wraps,Food Lion,5.99,other,2026-06-17,2026-06-23
Emerald 100 Calorie Packs,Food Lion,3.49,other,2026-04-22,2026-04-28
EOS Body Lotion,Food Lion,9.99,other,2026-05-20,2026-05-26
Every Man Jack Body Wash,Food Lion,6.49,other,2026-06-03,2026-06-09
Evian or Fiji Water,Food Lion,6.99,other,2026-05-06,2026-05-12
Evian or Fiji Water,Food Lion,6.99,other,2026-05-13,2026-05-19
Fresh Express Chopped Salad Kits,Food Lion,7.0,other,2026-05-06,2026-05-12
Fresh Express Chopped Salad Kits,Food Lion,6.0,other,2026-06-10,2026-06-16
Fresh Express Chopped Salad Kits,Food Lion,7.0,other,2026-07-01,2026-07-07
Fresh Express Chopped Salad Kits,Food Lion,5.0,other,2026-07-22,2026-07-28
Fresh Express Salad Blends,Food Lion,6.0,other,2026-04-29,2026-05-05
Fresh Express Salad Blends,Food Lion,6.0,other,2026-05-27,2026-06-02
Fresh Express Salad Blends,Food Lion,6.0,other,2026-06-17,2026-06-23
Fresh Express Salad Kits,Food Lion,5.0,other,2026-05-20,2026-05-26
Fresh Express Salad Kits,Food Lion,7.0,other,2026-09-02,2026-09-08
Fresh Express Salad Kits Or Bowls,Food Lion,7.0,other,2026-04-22,2026-04-28
Fancy Feast Gems Cat Food,Food Lion,4.0,other,2026-05-27,2026-06-02
Fancy Feast Wet Cat Food,Food Lion,10.0,other,2026-06-03,2026-06-09
Fancy Feast Wet Cat Food,Food Lion,10.0,other,2026-09-02,2026-09-08
Farm Rich French Toast Sticks,Food Lion,3.0,other,2026-06-10,2026-06-16
Febreze,Food Lion,6.0,other,2026-06-03,2026-06-09
Febreze Plug Refills,Food Lion,9.99,other,2026-07-22,2026-07-28
Ferrero Rocher,Food Lion,6.99,other,2026-05-06,2026-05-12
Ferrero Rocher Bar,Food Lion,2.99,other,2026-05-06,2026-05-12
Fiber One Bars,Food Lion,6.0,other,2026-04-22,2026-04-28
Fiji Or Saratoga Water,Food Lion,5.0,other,2026-05-27,2026-06-02
FINISH JET DRY ORIGINAL,Food Lion,8.99,other,2026-06-17,2026-06-23
Finish Powerball Tabs,Food Lion,3.99,other,2026-04-29,2026-05-05
Finish Powerball Tabs,Food Lion,8.99,other,2026-06-17,2026-06-23
Food Lion 1-Ply Bath Tissue,Food Lion,7.49,other,2026-05-27,2026-06-02
Food Lion Aluminum Foil,Food Lion,4.29,other,2026-05-13,2026-05-19
Food Lion Aluminum Foil,Food Lion,4.29,other,2026-06-17,2026-06-23
Food Lion Aluminum Foil,Food Lion,3.49,other,2026-07-01,2026-07-07
Food Lion Aluminum Foil,Food Lion,3.99,other,2026-09-02,2026-09-08
Food Lion Baked Beans,Food Lion,1.19,other,2026-05-13,2026-05-19
Food Lion Premium Bath Tissue,Food Lion,10.99,other,2026-04-22,2026-04-28
Food Lion Premium Bath Tissue,Food Lion,8.49,other,2026-05-06,2026-05-12
Food Lion Premium Bath Tissue,Food Lion,10.99,other,2026-05-20,2026-05-26
Food Lion Premium Bath Tissue,Food Lion,9.99,other,2026-05-27,2026-06-02
Food Lion Premium Bath Tissue,Food Lion,8.99,other,2026-06-10,2026-06-16
Food Lion Beans,Food Lion,0.86,other,2026-05-27,2026-06-02
Food Lion Bleach,Food Lion,3.49,other,2026-06-17,2026-06-23
Food Lion Brewed Tea,Food Lion,2.99,other,2026-04-22,2026-04-28
Food Lion Brewed Tea,Food Lion,2.99,other,2026-05-13,2026-05-19
Food Lion Brewed Tea,Food Lion,2.99,other,2026-06-10,2026-06-16
Food Lion Brewed Tea,Food Lion,2.99,other,2026-06-17,2026-06-23
Food Lion Cooked Ham,Food Lion,4.99,other,2026-04-22,2026-04-28
Food Lion Corn,Food Lion,1.29,other,2026-05-27,2026-06-02
FOOD LION CREAMER,Food Lion,2.99,other,2026-05-20,2026-05-26
Food Lion Crispy Thin Crust Pizza,Food Lion,0.99,other,2026-05-27,2026-06-02
Food Lion Crystal Dinnerware,Food Lion,4.99,other,2026-05-13,2026-05-19
Food Lion Premium Dinnerware,Food Lion,3.0,other,2026-05-06,2026-05-12
Food Lion Premium Dinnerware,Food Lion,3.0,other,2026-05-13,2026-05-19
Food Lion Dishwasher Pods,Food Lion,6.99,other,2026-04-29,2026-05-05
Food Lion Dishwasher Pods,Food Lion,3.49,other,2026-05-13,2026-05-19
Food Lion Dishwasher Pods,Food Lion,7.49,other,2026-06-03,2026-06-09
Food Lion Dishwasher Pods,Food Lion,6.99,other,2026-07-22,2026-07-28
Food Lion Disinfecting Wipes,Food Lion,2.99,other,2026-04-22,2026-04-28
Food Lion Disinfecting Wipes,Food Lion,2.99,other,2026-05-27,2026-06-02
Food Lion Disinfecting Wipes,Food Lion,2.99,other,2026-07-22,2026-07-28
Food Lion Dressing,Food Lion,2.99,other,2026-05-06,2026-05-12
Food Lion Drinks,Food Lion,1.69,other,2026-05-06,2026-05-12
Food Lion Drinks,Food Lion,1.49,other,2026-07-01,2026-07-07
Food Lion Drinks,Food Lion,3.0,other,2026-09-02,2026-09-08
Food Lion Facial Tissue,Food Lion,5.0,other,2026-05-06,2026-05-12
Food Lion Facial Tissue,Food Lion,3.99,other,2026-05-27,2026-06-02
Food Lion Floor Refills,Food Lion,3.99,other,2026-05-13,2026-05-19
Food Lion Freeze Pops,Food Lion,5.0,other,2026-05-13,2026-05-19
Food Lion Freeze Pops,Food Lion,5.0,other,2026-05-20,2026-05-26
Food Lion Freeze Pops,Food Lion,2.99,other,2026-06-10,2026-06-16
Food Lion Freeze Pops,Food Lion,2.99,other,2026-06-17,2026-06-23
Food Lion Freeze Pops,Food Lion,5.0,other,2026-09-02,2026-09-08
FOOD LION FROZEN FRUIT,Food Lion,6.0,other,2026-06-17,2026-06-23
FOOD LION FROZEN FRUIT,Food Lion,6.0,other,2026-09-02,2026-09-08
Food Lion Fruit Bowls,Food Lion,2.29,other,2026-07-22,2026-07-28
Food Lion Glass Cleaner,Food Lion,2.49,other,2026-05-27,2026-06-02
Food Lion Kitchen Bags,Food Lion,10.99,other,2026-06-03,2026-06-09
Food Lion Kitchen Bags,Food Lion,10.99,other,2026-06-17,2026-06-23
Food Lion Liquid Bleach,Food Lion,3.99,other,2026-05-13,2026-05-19
Food Lion Liquid Dish Soap,Food Lion,1.49,other,2026-05-06,2026-05-12
Food Lion Liquid Dish Soap,Food Lion,1.49,other,2026-05-27,2026-06-02
Food Lion Marshmallows,Food Lion,1.29,other,2026-05-13,2026-05-19
Food Lion Marshmallows,Food Lion,1.29,other,2026-07-01,2026-07-07
Food Lion Mini Sweet Corn,Food Lion,4.99,other,2026-05-27,2026-06-02
Food Lion Napkins,Food Lion,1.99,other,2026-05-06,2026-05-12
Food Lion Napkins,Food Lion,1.99,other,2026-06-17,2026-06-23
Food Lion Napkins,Food Lion,4.0,other,2026-07-01,2026-07-07
Food Lion Paper Towels,Food Lion,9.49,other,2026-04-22,2026-04-28
Food Lion Paper Towels,Food Lion,8.49,other,2026-05-06,2026-05-12
Food Lion Paper Towels,Food Lion,15.99,other,2026-05-20,2026-05-26
Food Lion Paper Towels,Food Lion,5.0,other,2026-05-27,2026-06-02
Food Lion Paper Towels,Food Lion,8.99,other,2026-06-10,2026-06-16
Food Lion Paper Towels,Food Lion,5.0,other,2026-09-02,2026-09-08
Food Lion Party Cups,Food Lion,4.0,other,2026-04-29,2026-05-05
Food Lion Party Cups,Food Lion,3.99,other,2026-05-06,2026-05-12
Food Lion Party Cups,Food Lion,3.99,other,2026-05-13,2026-05-19
Food Lion Party Cups,Food Lion,3.99,other,2026-05-27,2026-06-02
Food Lion Party Cups,Food Lion,1.49,other,2026-06-10,2026-06-16
Food Lion Party Cups,Food Lion,3.99,other,2026-06-17,2026-06-23
Food Lion Party Cups,Food Lion,3.49,other,2026-07-01,2026-07-07
Food Lion Party Cups,Food Lion,3.49,other,2026-09-02,2026-09-08
Food Lion Pitcher or Packets Drink Mix,Food Lion,4.0,other,2026-05-13,2026-05-19
Food Lion Pitcher or Packets Drink Mix,Food Lion,4.0,other,2026-05-20,2026-05-26
Food Lion Pitcher or Packets Drink Mix,Food Lion,4.0,other,2026-06-10,2026-06-16
Food Lion Plates,Food Lion,4.99,other,2026-05-06,2026-05-12
Food Lion Plates,Food Lion,4.99,other,2026-05-13,2026-05-19
Food Lion Plates or Bowls,Food Lion,5.0,other,2026-06-10,2026-06-16
Food Lion Plates or Bowls,Food Lion,5.0,other,2026-07-01,2026-07-07
Food Lion Plates or Bowls,Food Lion,2.49,other,2026-09-02,2026-09-08
Food Lion Purified Drinking Water,Food Lion,3.99,other,2026-05-06,2026-05-12
Food Lion Purified Water,Food Lion,4.99,other,2026-05-13,2026-05-19
Food Lion Purified Water,Food Lion,4.99,other,2026-06-03,2026-06-09
Food Lion Purified Water,Food Lion,4.99,other,2026-06-10,2026-06-16
Food Lion Reclosable Bags,Food Lion,4.0,other,2026-04-22,2026-04-28
Food Lion Reclosable Bags,Food Lion,5.0,other,2026-04-29,2026-05-05
Food Lion Reclosable Bags,Food Lion,1.0,other,2026-05-13,2026-05-19
Food Lion Reclosable Bags,Food Lion,4.0,other,2026-06-03,2026-06-09
Food Lion Sauce,Food Lion,4.0,other,2026-05-13,2026-05-19
Food Lion Sauce,Food Lion,4.0,other,2026-05-20,2026-05-26
Food Lion Side Dish,Food Lion,3.29,other,2026-04-22,2026-04-28
Food Lion Side Dish,Food Lion,3.29,other,2026-05-13,2026-05-19
Food Lion Side Dish,Food Lion,3.29,other,2026-06-10,2026-06-16
Food Lion Singles,Food Lion,1.99,other,2026-06-10,2026-06-16
Food Lion Sliced or Chunk Cheese,Food Lion,5.0,other,2026-05-13,2026-05-19
Food Lion Sliced or Chunk Cheese,Food Lion,5.0,other,2026-06-03,2026-06-09
Food Lion Storage Bags,Food Lion,4.0,other,2026-05-20,2026-05-26
Food Lion Storage Bags,Food Lion,4.0,other,2026-06-03,2026-06-09
FOOD LION STORAGE BAGS & FREEZER BAGS,Food Lion,3.49,other,2026-05-06,2026-05-12
Food Lion Sweet Corn,Food Lion,2.49,other,2026-04-29,2026-05-05
Food Lion Sweet Corn,Food Lion,2.79,other,2026-06-03,2026-06-09
Food Lion Tall Kitchen Bags,Food Lion,6.49,other,2026-06-10,2026-06-16
Food Lion Tall Kitchen Bags,Food Lion,6.49,other,2026-07-22,2026-07-28
Food Lion Tea,Food Lion,1.99,other,2026-04-29,2026-05-05
Food Lion Trash Bags,Food Lion,6.49,other,2026-05-20,2026-05-26
Food Lion Vanilla Wafers,Food Lion,4.0,other,2026-07-22,2026-07-28
Food Lion Whiting,Food Lion,9.99,other,2026-05-06,2026-05-12
Freschetta Pizza,Food Lion,3.99,other,2026-05-06,2026-05-12
Freschetta Pizza,Food Lion,3.99,other,2026-05-13,2026-05-19
Freschetta Pizza,Food Lion,4.99,other,2026-06-17,2026-06-23
Freschetta Pizza,Food Lion,4.99,other,2026-07-01,2026-07-07
Friskies Lil' Lickables Cat Treats,Food Lion,5.49,other,2026-04-29,2026-05-05
Friskies Wet Cat Food,Food Lion,19.99,other,2026-06-03,2026-06-09
Frito Lay Dips,Food Lion,3.49,other,2026-06-10,2026-06-16
Frito Lay Mini Stack Cans,Food Lion,4.0,other,2026-04-22,2026-04-28
Frito Lay Variety Pack,Food Lion,8.99,other,2026-05-13,2026-05-19
Frito Lay Variety Pack,Food Lion,9.99,other,2026-05-20,2026-05-26
Frito Lay Variety Pack,Food Lion,9.99,other,2026-06-10,2026-06-16
Frito Lay Variety Pack,Food Lion,7.99,other,2026-06-17,2026-06-23
Frito Lay Variety Pack,Food Lion,7.99,other,2026-09-02,2026-09-08
Full Moon Dog Treats,Food Lion,10.39,other,2026-04-22,2026-04-28
Gain,Food Lion,7.99,other,2026-04-29,2026-05-05
Gain,Food Lion,3.49,other,2026-05-06,2026-05-12
Gain,Food Lion,12.99,other,2026-05-13,2026-05-19
Gain,Food Lion,6.99,other,2026-05-27,2026-06-02
Gain,Food Lion,12.99,other,2026-06-10,2026-06-16
Gain,Food Lion,11.99,other,2026-07-01,2026-07-07
Gain,Food Lion,16.99,other,2026-07-22,2026-07-28
GHOST OR BLOOM ENERGY,Food Lion,5.0,other,2026-09-02,2026-09-08
GILLETTE FOAMY SHAVE CREAM,Food Lion,2.99,other,2026-06-17,2026-06-23
Gillette or Venus Disposable Razors,Food Lion,3.99,other,2026-06-03,2026-06-09
Gillette or Venus Disposable Razors,Food Lion,6.99,other,2026-06-17,2026-06-23
Gillette Sensor3 or Venus Disposable Razor,Food Lion,6.99,other,2026-05-20,2026-05-26
Gillette Sensor3 or Venus Disposable Razors,Food Lion,6.99,other,2026-07-22,2026-07-28
Gimme Organic Seaweed,Food Lion,3.49,other,2026-05-27,2026-06-02
Gimme Organic Seaweed,Food Lion,3.49,other,2026-06-10,2026-06-16
Glacéau Smart Water,Food Lion,9.99,other,2026-07-22,2026-07-28
Glaceau Smart Water,Food Lion,2.0,other,2026-06-10,2026-06-16
Glad Kitchen Bags,Food Lion,19.99,other,2026-04-22,2026-04-28
Glad Kitchen Bags,Food Lion,7.99,other,2026-09-02,2026-09-08
Glad Kitchen Trash Bags,Food Lion,7.99,other,2026-07-01,2026-07-07
Glade Aerosol Spray,Food Lion,3.0,other,2026-06-10,2026-06-16
GLADE PLUGINS SCENTED OIL REFILLS,Food Lion,5.49,other,2026-06-10,2026-06-16
Gold Peak or Pure Leaf Tea,Food Lion,2.99,other,2026-06-10,2026-06-16
Gold Peak or Pure Leaf Tea,Food Lion,2.99,other,2026-06-17,2026-06-23
Gold Peak Tea,Food Lion,6.99,other,2026-04-22,2026-04-28
Gold Peak Tea,Food Lion,3.49,other,2026-05-13,2026-05-19
Gold Peak Tea,Food Lion,6.39,other,2026-06-17,2026-06-23
Gold Peak Tea,Food Lion,2.99,other,2026-07-01,2026-07-07
The Good Charcoal Lump Charcoal,Food Lion,7.99,other,2026-06-10,2026-06-16
GOODY'S OR BC POWDERS,Food Lion,5.99,other,2026-04-29,2026-05-05
Green Giant Boxed Vegetables,Food Lion,5.0,other,2026-05-27,2026-06-02
Green Giant Vegetables,Food Lion,5.0,other,2026-05-13,2026-05-19
Green Giant Vegetables,Food Lion,4.0,other,2026-06-17,2026-06-23
GREEN PEPPERS,Food Lion,0.69,other,2026-06-17,2026-06-23
Fresh Green Salads,Food Lion,5.0,other,2026-06-03,2026-06-09
Green Seedless Grapes,Food Lion,1.99,other,2026-06-03,2026-06-09
Green Seedless Grapes,Food Lion,1.99,other,2026-07-01,2026-07-07
Green Seedless Grapes,Food Lion,1.49,other,2026-09-02,2026-09-08
Fresh Ground Chuck Patties,Food Lion,5.99,other,2026-04-29,2026-05-05
Fresh Ground Chuck Patties,Food Lion,5.99,other,2026-05-20,2026-05-26
Fresh Ground Chuck Patties,Food Lion,6.49,other,2026-07-01,2026-07-07
Hamburger Helper,Food Lion,1.79,other,2026-05-06,2026-05-12
Hamburger Helper,Food Lion,3.0,other,2026-07-22,2026-07-28
Hanover Beans,Food Lion,1.0,other,2026-04-22,2026-04-28
Hanover Beans,Food Lion,1.0,other,2026-05-13,2026-05-19
Hanover Beans,Food Lion,1.0,other,2026-06-17,2026-06-23
Hanover Beans,Food Lion,1.0,other,2026-09-02,2026-09-08
Hanover Frozen Vegetables,Food Lion,1.6,other,2026-04-29,2026-05-05
Hanover Frozen Vegetables,Food Lion,3.0,other,2026-09-02,2026-09-08
Happy Baby Organic Teethers Wafers or Bestie Bars,Food Lion,3.49,other,2026-07-22,2026-07-28
Happy Tot Organic Bestie Bars,Food Lion,6.0,other,2026-05-20,2026-05-26
Happy Tot Organic Bestie Bars,Food Lion,6.0,other,2026-05-27,2026-06-02
Happy Tot Organics Stage 2 Or Stage 4 Pouches,Food Lion,3.0,other,2026-04-22,2026-04-28
Happy Tot Organic Stage 2 or Stage 4 Pouches,Food Lion,3.0,other,2026-04-29,2026-05-05
Happy Tot Organic Stage 2 or Stage 4 Pouches,Food Lion,5.0,other,2026-05-20,2026-05-26
Happy Tot Organic Stage 2 or Stage 4 Pouches,Food Lion,5.0,other,2026-05-27,2026-06-02
Haribo Goldbears,Food Lion,5.0,other,2026-06-03,2026-06-09
HASK,Food Lion,4.99,other,2026-06-17,2026-06-23
Hawaiian Punch,Food Lion,5.0,other,2026-05-13,2026-05-19
Hawaiian Punch,Food Lion,5.0,other,2026-05-20,2026-05-26
Hawaiian Punch,Food Lion,2.5,other,2026-07-01,2026-07-07
Hawaiian Punch,Food Lion,2.99,other,2026-09-02,2026-09-08
Hawaiian Tropic,Food Lion,9.99,other,2026-05-13,2026-05-19
Hawaiian Tropic Spray or Lotion,Food Lion,9.99,other,2026-07-01,2026-07-07
Head & Shoulders,Food Lion,6.99,other,2026-05-20,2026-05-26
Healthy Choice Dinners or Marie Callender's Bowls,Food Lion,6.0,other,2026-05-20,2026-05-26
Healthy Choice Dinners or Marie Callender's Bowls,Food Lion,5.0,other,2026-09-02,2026-09-08
Hefty Trash Bags,Food Lion,7.99,other,2026-04-29,2026-05-05
Heluva Good! Dip,Food Lion,4.0,other,2026-04-29,2026-05-05
Heluva Good! Dip,Food Lion,0.99,other,2026-05-27,2026-06-02
Heluva Good! Dip,Food Lion,3.0,other,2026-06-10,2026-06-16
Heluva Good! Dip,Food Lion,3.0,other,2026-07-01,2026-07-07
Heluva Good! or Dean's Dip,Food Lion,4.0,other,2026-05-20,2026-05-26
Hershey's Syrup,Food Lion,3.99,other,2026-05-06,2026-05-12
Hershey's XL Bar,Food Lion,2.79,other,2026-04-22,2026-04-28
Hidden Valley Dressing,Food Lion,3.67,other,2026-05-06,2026-05-12
Hidden Valley Dressing,Food Lion,3.99,other,2026-05-27,2026-06-02
Hidden Valley Dressing,Food Lion,4.0,other,2026-06-03,2026-06-09
Hidden Valley Dressing,Food Lion,3.49,other,2026-07-22,2026-07-28
Hidden Valley Ranch Salad Dressing,Food Lion,4.79,other,2026-04-29,2026-05-05
Hidden Valley Ranch Salad Dressing,Food Lion,3.99,other,2026-09-02,2026-09-08
Hidden Valley Salad Dressing Mix,Food Lion,3.0,other,2026-05-20,2026-05-26
Hidden Valley Salad Dressing Mix,Food Lion,3.0,other,2026-06-17,2026-06-23
Hormel Chili With Beans or No Beans,Food Lion,5.0,other,2026-09-02,2026-09-08
HORMEL DINTY MOORE OR COMPLEATS,Food Lion,4.0,other,2026-04-22,2026-04-28
Hormel Party Tray,Food Lion,11.99,other,2026-05-20,2026-05-26
Hormel Pepperoni,Food Lion,6.0,other,2026-05-27,2026-06-02
Hormel Pepperoni,Food Lion,3.49,other,2026-07-01,2026-07-07
Hormel Snack Tray,Food Lion,7.99,other,2026-04-22,2026-04-28
Hostess Donettes,Food Lion,5.0,other,2026-05-20,2026-05-26
Hostess Donettes,Food Lion,2.79,other,2026-09-02,2026-09-08
Hostess Multi Pack Snacks,Food Lion,6.0,other,2026-05-13,2026-05-19
Hostess Multi Pack Snacks,Food Lion,6.0,other,2026-05-27,2026-06-02
Hostess Multi Pack Snacks,Food Lion,3.49,other,2026-07-01,2026-07-07
Huggies Baby Wipes,Food Lion,6.69,other,2026-04-22,2026-04-28
Huggies Baby Wipes,Food Lion,6.69,other,2026-04-29,2026-05-05
Huggies Baby Wipes,Food Lion,5.0,other,2026-05-06,2026-05-12
Huggies Baby Wipes,Food Lion,5.0,other,2026-05-13,2026-05-19
Hugs and Kisses Bouquet,Food Lion,16.99,other,2026-05-06,2026-05-12
Hungry Man Dinners,Food Lion,4.99,other,2026-05-27,2026-06-02
Imitation Alaskan Snow Legs,Food Lion,10.99,other,2026-04-22,2026-04-28
6 INCH ASSORTED FALL MUMS,Food Lion,9.99,other,2026-09-02,2026-09-08
4 Inch Calla Lily,Food Lion,8.99,other,2026-05-06,2026-05-12
4 Inch Calla Lily,Food Lion,7.99,other,2026-06-17,2026-06-23
6 Inch Mini Rose,Food Lion,8.29,other,2026-06-03,2026-06-09
4 Inch Mini Roses,Food Lion,8.0,other,2026-07-01,2026-07-07
4 Inch Potted Mini Roses,Food Lion,8.29,other,2026-05-06,2026-05-12
6 Inch Potted Tulips in Gift Bag,Food Lion,14.99,other,2026-05-06,2026-05-12
InnovAsian Frozen Meals,Food Lion,6.79,other,2026-05-27,2026-06-02
Irish Spring Body Wash,Food Lion,4.99,other,2026-06-17,2026-06-23
Irish Spring Body Wash,Food Lion,4.99,other,2026-09-02,2026-09-08
Irish Spring or Softsoap Body Wash,Food Lion,2.99,other,2026-07-22,2026-07-28
IRISH SPRING SOAP,Food Lion,6.0,other,2026-09-02,2026-09-08
JALAPEÑO PEPPERS,Food Lion,0.99,other,2026-06-17,2026-06-23
Jet Dry,Food Lion,3.99,other,2026-04-29,2026-05-05
Jim's Own Barbeque Sauce,Food Lion,5.99,other,2026-05-27,2026-06-02
Jimmy Dean Breakfast Sandwiches Or Burittos,Food Lion,5.99,other,2026-05-06,2026-05-12
John Soules Chicken,Food Lion,2.99,other,2026-04-22,2026-04-28
Jonny Pops,Food Lion,3.99,other,2026-04-29,2026-05-05
Jonny Pops,Food Lion,4.99,other,2026-09-02,2026-09-08
José OLé Shredded Taquitos,Food Lion,5.99,other,2026-06-10,2026-06-16
Jumex Nectar,Food Lion,0.79,other,2026-05-13,2026-05-19
Jumex Nectar,Food Lion,0.79,other,2026-05-20,2026-05-26
Just Bare Chicken,Food Lion,8.99,other,2026-05-06,2026-05-12
Just Bare Chicken,Food Lion,8.99,other,2026-06-03,2026-06-09
Kellogg's Nutri Grain Bars,Food Lion,6.0,other,2026-05-06,2026-05-12
KELLOGG'S POP-TARTS,Food Lion,5.0,other,2026-04-22,2026-04-28
KELLOGG'S POP-TARTS,Food Lion,5.0,other,2026-05-13,2026-05-19
KELLOGG'S POP-TARTS OR NUTRI GRAIN BARS,Food Lion,8.99,other,2026-09-02,2026-09-08
KELLOGG'S POP-TARTS PROTEIN,Food Lion,3.0,other,2026-06-10,2026-06-16
Kellogg's Pop-Tarts Super Stuffed,Food Lion,5.0,other,2026-05-20,2026-05-26
Ken's Salad Dressing,Food Lion,6.0,other,2026-05-06,2026-05-12
Ken's Salad Dressing,Food Lion,6.0,other,2026-05-13,2026-05-19
Ken's Salad Dressing,Food Lion,6.0,other,2026-07-01,2026-07-07
Kinder Bueno Mini,Food Lion,4.99,other,2026-05-06,2026-05-12
Kingsford Original or Match Light Briquets,Food Lion,9.19,other,2026-05-06,2026-05-12
Kingsford Original or Match Light Briquets,Food Lion,9.99,other,2026-06-17,2026-06-23
Kingsford Original or Match Light Briquets,Food Lion,8.99,other,2026-07-01,2026-07-07
Kingsford Original or Match Light Briquets,Food Lion,8.49,other,2026-09-02,2026-09-08
Kleenex Facial Tissues,Food Lion,3.99,other,2026-04-22,2026-04-28
Kodiak French Toast Sticks or Frozen Waffles,Food Lion,4.99,other,2026-07-22,2026-07-28
Kodiak Frozen Waffles or French Toast Sticks,Food Lion,3.99,other,2026-04-29,2026-05-05
Kraft Barbecue Sauce,Food Lion,3.0,other,2026-05-06,2026-05-12
Kraft Barbecue Sauce,Food Lion,3.0,other,2026-05-13,2026-05-19
Kraft Barbecue Sauce,Food Lion,3.0,other,2026-06-10,2026-06-16
KRAFT DELUXE OR VELVEETA SHELLS & CHEESE,Food Lion,5.0,other,2026-06-17,2026-06-23
KRAFT DELUXE OR VELVEETA SHELLS & CHEESE,Food Lion,2.5,other,2026-07-01,2026-07-07
Kraft Miracle Whip,Food Lion,4.99,other,2026-05-06,2026-05-12
Kraft Miracle Whip,Food Lion,4.0,other,2026-07-01,2026-07-07
KRAFT OR VELVEETA EASY MAC CUPS,Food Lion,4.99,other,2026-07-22,2026-07-28
Kraft Protein Snack,Food Lion,4.0,other,2026-05-27,2026-06-02
Kraft Salad Dressing,Food Lion,5.0,other,2026-05-20,2026-05-26
Kraft Salad Dressing,Food Lion,4.0,other,2026-05-27,2026-06-02
Kraft Salad Dressing,Food Lion,5.0,other,2026-06-10,2026-06-16
Kraft Salad Dressing,Food Lion,5.0,other,2026-09-02,2026-09-08
Kraft Singles,Food Lion,3.99,other,2026-05-13,2026-05-19
Kraft Singles,Food Lion,2.99,other,2026-05-20,2026-05-26
Kraft Singles,Food Lion,4.0,other,2026-05-27,2026-06-02
Kraft Singles,Food Lion,3.0,other,2026-07-01,2026-07-07
Kraft Singles,Food Lion,3.99,other,2026-07-22,2026-07-28
Kraft Singles,Food Lion,3.0,other,2026-09-02,2026-09-08
Kraft Velveeta Cheese,Food Lion,7.99,other,2026-05-27,2026-06-02
Kraft Velveeta Cheese,Food Lion,4.99,other,2026-06-03,2026-06-09
La Megic Pizza,Food Lion,4.99,other,2026-04-29,2026-05-05
Lawry's Marinade,Food Lion,2.99,other,2026-05-20,2026-05-26
Lawry's Marinade,Food Lion,2.99,other,2026-07-22,2026-07-28
Lean Cuisine Entrées,Food Lion,6.0,other,2026-06-17,2026-06-23
LEGACY STEAM BAG,Food Lion,8.99,other,2026-09-02,2026-09-08
"NATURAL LIGHT, BUSCH, HIGH LIFE OR PABST",Food Lion,14.99,other,2026-06-17,2026-06-23
"Natural Light, Busch, Miller High Life or Pabst",Food Lion,16.99,other,2026-04-22,2026-04-28
"Natural Light, Miller High Life or Pabst",Food Lion,16.99,other,2026-05-13,2026-05-19
"Natural Light, Miller High Life or Pabst",Food Lion,16.99,other,2026-05-20,2026-05-26
"Natural Light, Miller High Life or Pabst",Food Lion,16.99,other,2026-05-27,2026-06-02
"Natural Light, Miller High Life or Pabst",Food Lion,17.99,other,2026-07-22,2026-07-28
Lily's Toaster Grills,Food Lion,2.99,other,2026-04-29,2026-05-05
Lindsay Sliced Black Ripe Olives,Food Lion,4.0,other,2026-04-29,2026-05-05
Lindt Assorted Truffles,Food Lion,5.99,other,2026-09-02,2026-09-08
Lindt Excellence Bar,Food Lion,4.39,other,2026-04-29,2026-05-05
Lindt Truffle Bag,Food Lion,5.99,other,2026-05-06,2026-05-12
Lindy's Italian or Swirled Italian Ice,Food Lion,4.0,other,2026-05-06,2026-05-12
Lindy's Italian or Swirled Italian Ice,Food Lion,5.0,other,2026-05-27,2026-06-02
Lindy's Italian or Swirled Italian Ice,Food Lion,5.0,other,2026-07-01,2026-07-07
Lindy's Italian or Swirled Italian Ice,Food Lion,5.0,other,2026-09-02,2026-09-08
Lindy's Swirled or Italian Ice,Food Lion,5.0,other,2026-04-29,2026-05-05
Lipton or Pure Leaf Tea,Food Lion,5.99,other,2026-06-03,2026-06-09
Lipton Family Size Tea,Food Lion,6.0,other,2026-06-03,2026-06-09
Lipton Tea,Food Lion,6.99,other,2026-06-17,2026-06-23
Lipton Tea,Food Lion,10.0,other,2026-09-02,2026-09-08
Little Debbie Big Packs,Food Lion,4.39,other,2026-04-22,2026-04-28
Little Debbie Snacks,Food Lion,3.99,other,2026-06-10,2026-06-16
Loacker Quadratini Wafer,Food Lion,6.0,other,2026-05-06,2026-05-12
Louisiana Seasoned Fry Mix,Food Lion,3.0,other,2026-07-01,2026-07-07
Luck's Beans,Food Lion,3.0,other,2026-04-29,2026-05-05
Lunchables Uploaded,Food Lion,3.49,other,2026-05-20,2026-05-26
Lunchables Uploaded,Food Lion,4.0,other,2026-09-02,2026-09-08
Luvs Diapers,Food Lion,17.99,other,2026-07-22,2026-07-28
Luzianne Tea,Food Lion,5.0,other,2026-05-06,2026-05-12
Lysol Cleaner,Food Lion,3.99,other,2026-04-29,2026-05-05
Lysol Cleaner,Food Lion,3.99,other,2026-05-06,2026-05-12
Lysol Disinfectant Spray,Food Lion,7.99,other,2026-05-27,2026-06-02
Lysol Laundry or Air Sanitizer,Food Lion,6.99,other,2026-07-22,2026-07-28
Lysol Laundry Sanitizer,Food Lion,6.99,other,2026-04-29,2026-05-05
Lysol Laundry Sanitizer,Food Lion,6.99,other,2026-05-27,2026-06-02
Mac's Skins,Food Lion,3.0,other,2026-06-17,2026-06-23
Mamba Fruit Chews,Food Lion,4.0,other,2026-07-01,2026-07-07
Marc Angelo Skewers,Food Lion,3.99,other,2026-06-03,2026-06-09
Marie Callender's Dessert Pies,Food Lion,5.99,other,2026-05-13,2026-05-19
Marie Callender's Dessert Pies,Food Lion,5.99,other,2026-07-01,2026-07-07
Marie Callender's Dinners or Healthy Choice Simply Steamers,Food Lion,3.0,other,2026-06-03,2026-06-09
Marie Callender's Mini Pies,Food Lion,3.0,other,2026-06-10,2026-06-16
Master of Mixes Cocktail Mixers,Food Lion,3.99,other,2026-07-01,2026-07-07
McCormick Grill Mates Marinade,Food Lion,5.0,other,2026-06-03,2026-06-09
Meal Deal,Food Lion,10.0,other,2026-04-22,2026-04-28
MEN'S SPEED STICK,Food Lion,5.0,other,2026-04-22,2026-04-28
Meow Mix Dry Cat Food,Food Lion,4.99,other,2026-06-10,2026-06-16
Meow Mix Dry Cat Food,Food Lion,4.99,other,2026-07-22,2026-07-28
Meow Mix Gravy Bursts Or Irresistibles Cat Treats,Food Lion,3.0,other,2026-05-13,2026-05-19
Metamucil 4-in-1 Fiber,Food Lion,17.99,other,2026-04-22,2026-04-28
Metamucil 4-in-1 Fiber,Food Lion,17.99,other,2026-06-10,2026-06-16
Michelob Ultra,Food Lion,22.99,other,2026-04-22,2026-04-28
Michelob Ultra,Food Lion,21.99,other,2026-05-06,2026-05-12
Michelob Ultra,Food Lion,22.99,other,2026-05-13,2026-05-19
Michelob Ultra,Food Lion,21.99,other,2026-06-03,2026-06-09
Michelob Ultra,Food Lion,20.99,other,2026-06-17,2026-06-23
Michelob Ultra,Food Lion,20.99,other,2026-07-01,2026-07-07
Michelob Ultra,Food Lion,20.99,other,2026-09-02,2026-09-08
Michelob Ultra Zero,Food Lion,14.99,other,2026-06-17,2026-06-23
Michelob Ultra Zero,Food Lion,20.99,other,2026-06-17,2026-06-23
"Miller High Life, Natural Light or Icehouse",Food Lion,19.99,other,2026-07-01,2026-07-07
"Miller High Life, Natural Light or Pabst",Food Lion,17.99,other,2026-07-01,2026-07-07
Minute Maid Punches or Ades,Food Lion,3.0,other,2026-05-13,2026-05-19
Minute Maid Punches or Ades,Food Lion,3.0,other,2026-05-20,2026-05-26
Minute Maid Punches or Ades,Food Lion,4.0,other,2026-06-17,2026-06-23
Minute Maid Zero or Simply Ades,Food Lion,4.0,other,2026-09-02,2026-09-08
MiraLax 14-Day Powder,Food Lion,13.49,other,2026-09-02,2026-09-08
Q Mixers,Food Lion,4.0,other,2026-06-03,2026-06-09
Q Mixers,Food Lion,4.49,other,2026-07-01,2026-07-07
Modern Mill Salad Topper,Food Lion,4.79,other,2026-04-29,2026-05-05
Modern Mill Salad Topper,Food Lion,4.99,other,2026-06-03,2026-06-09
Monday Hair Care or Organix Shampoo and Conditioner,Food Lion,6.99,other,2026-05-13,2026-05-19
Monster Original or Ultra,Food Lion,5.0,other,2026-04-29,2026-05-05
Morning Star Farms Frozen Foods,Food Lion,3.99,other,2026-05-27,2026-06-02
Mother's Day Dozen Roses Bouquet,Food Lion,19.99,other,2026-05-06,2026-05-12
Mother's Hug Bouquet,Food Lion,12.99,other,2026-05-06,2026-05-12
Mother's Love Bouquet,Food Lion,14.99,other,2026-05-06,2026-05-12
Mr. Clean,Food Lion,3.99,other,2026-05-13,2026-05-19
Mrs. Meyer's Liquid Hand Soap,Food Lion,3.99,other,2026-04-22,2026-04-28
Mrs. T' s Pierogies,Food Lion,3.49,other,2026-07-22,2026-07-28
Mrs. Richardson's Toppings,Food Lion,3.99,other,2026-06-03,2026-06-09
Mrs. Smith's Pies,Food Lion,4.99,other,2026-05-20,2026-05-26
Mt. Olive Peppers,Food Lion,5.0,other,2026-04-22,2026-04-28
MT. Olive Pickle Pouch,Food Lion,1.0,other,2026-06-03,2026-06-09
MUSCADINE GRAPES,Food Lion,2.99,other,2026-09-02,2026-09-08
Nabisco Mini Snack-Saks,Food Lion,2.99,other,2026-06-03,2026-06-09
Nabisco Multi Packs,Food Lion,5.99,other,2026-05-20,2026-05-26
Nabisco Multi Packs,Food Lion,4.99,other,2026-07-01,2026-07-07
Nathan's Famous Franks,Food Lion,3.99,other,2026-06-03,2026-06-09
Nature's Own Wheat Protein Loaf,Food Lion,5.99,other,2026-04-22,2026-04-28
Nature's Promise Baby Wipes,Food Lion,2.59,other,2026-04-29,2026-05-05
Nature's Promise Baby Wipes,Food Lion,2.59,other,2026-06-17,2026-06-23
Nature's Promise Baby Wipes,Food Lion,2.59,other,2026-07-22,2026-07-28
Nature's Promise Organic Croutons,Food Lion,5.0,other,2026-05-06,2026-05-12
Nature's Promise Greenhouse Grown Salads,Food Lion,2.69,other,2026-05-13,2026-05-19
Nature's Promise Half Loaves,Food Lion,2.29,other,2026-06-10,2026-06-16
Nature's Promise Organic Seaweed Snacks,Food Lion,7.99,other,2026-05-13,2026-05-19
Nature's Promise Organic Seaweed Snacks,Food Lion,0.99,other,2026-05-13,2026-05-19
Nature's Promise Wet Dog Food,Food Lion,5.0,other,2026-04-29,2026-05-05
Neosporin Plus,Food Lion,5.99,other,2026-06-03,2026-06-09
Nestlé Drumstick Cones,Food Lion,6.99,other,2026-04-22,2026-04-28
Nestlé Drumstick Cones,Food Lion,5.99,other,2026-05-20,2026-05-26
Nestlé Drumstick Cones,Food Lion,5.99,other,2026-07-01,2026-07-07
Nestlé Pure Life Water,Food Lion,4.99,other,2026-07-22,2026-07-28
Nestle Drumstick Cones,Food Lion,5.99,other,2026-05-27,2026-06-02
Nestle Drumstick Cones,Food Lion,3.99,other,2026-06-17,2026-06-23
Neutrogena Beach Defense Sunscreen,Food Lion,9.99,other,2026-07-01,2026-07-07
NEUTROGENA HYDRO BOOST,Food Lion,14.99,other,2026-09-02,2026-09-08
Nice'n Easy Hair Color or Clairol Permanent Root Touch Up,Food Lion,7.99,other,2026-04-29,2026-05-05
Night Hawk Dinners,Food Lion,6.0,other,2026-06-17,2026-06-23
NOT YOUR MOTHER'S CURL TALK OR DRY SHAMPOO,Food Lion,8.99,other,2026-06-17,2026-06-23
Olay Body Wash,Food Lion,6.99,other,2026-05-20,2026-05-26
Olay Lotion Or Trial Size,Food Lion,11.99,other,2026-05-06,2026-05-12
Old El Paso Dinner Kit,Food Lion,6.0,other,2026-05-13,2026-05-19
Old El Paso Dinner Kit,Food Lion,6.0,other,2026-09-02,2026-09-08
Old El Paso Rice,Food Lion,5.0,other,2026-04-29,2026-05-05
Old El Paso Taco or Fajita Dinner Kit,Food Lion,6.0,other,2026-04-29,2026-05-05
Ortega Taco Sauce,Food Lion,1.6,other,2026-04-22,2026-04-28
Ortega Taco Sauce,Food Lion,3.49,other,2026-06-10,2026-06-16
Oscar Mayer Basic Lunchables,Food Lion,5.0,other,2026-04-29,2026-05-05
Oscar Mayer Basic Lunchables,Food Lion,5.0,other,2026-06-17,2026-06-23
Oscar Mayer Basic Lunchables,Food Lion,5.0,other,2026-07-22,2026-07-28
Oscar Mayer Basic Lunchables,Food Lion,5.0,other,2026-09-02,2026-09-08
Oscar Mayer Lunchables Fun Pack,Food Lion,5.0,other,2026-05-27,2026-06-02
Outshine Fruit Bars,Food Lion,4.99,other,2026-04-22,2026-04-28
Outshine Fruit Bars,Food Lion,4.99,other,2026-06-17,2026-06-23
OXICLEAN,Food Lion,6.99,other,2026-04-22,2026-04-28
OXICLEAN,Food Lion,6.99,other,2026-06-17,2026-06-23
Palmolive,Food Lion,3.99,other,2026-04-22,2026-04-28
Pampers Baby Wipes,Food Lion,16.99,other,2026-05-20,2026-05-26
Pampers Baby Wipes,Food Lion,16.99,other,2026-05-27,2026-06-02
Pampers Baby Wipes,Food Lion,12.99,other,2026-06-03,2026-06-09
Pampers Baby Wipes,Food Lion,12.99,other,2026-06-10,2026-06-16
Pampers Baby Wipes,Food Lion,6.99,other,2026-06-17,2026-06-23
Pampers Baby Wipes,Food Lion,12.99,other,2026-07-01,2026-07-07
Panera Mac and Cheese,Food Lion,5.0,other,2026-05-20,2026-05-26
Panera Mac and Cheese,Food Lion,9.99,other,2026-06-10,2026-06-16
Panera Mac and Cheese,Food Lion,8.99,other,2026-07-01,2026-07-07
Panera Soups,Food Lion,5.0,other,2026-06-03,2026-06-09
Pantene Shampoo Or Conditioner,Food Lion,6.99,other,2026-07-22,2026-07-28
Patak's Sauce,Food Lion,4.0,other,2026-06-10,2026-06-16
Pedigree Dry Dog Food,Food Lion,15.99,other,2026-06-03,2026-06-09
Pedigree Wet Dog Food,Food Lion,19.99,other,2026-06-03,2026-06-09
Pepperidge Farm Goldfish,Food Lion,4.0,other,2026-05-20,2026-05-26
Pepperidge Farm Goldfish,Food Lion,2.5,other,2026-07-01,2026-07-07
Perfect Bar or Once Upon A Farm Organic Pouches,Food Lion,5.0,other,2026-05-27,2026-06-02
Persil,Food Lion,8.99,other,2026-06-03,2026-06-09
Petals Of May Bouquet,Food Lion,11.99,other,2026-05-13,2026-05-19
PictSweet Frozen Vegetables,Food Lion,6.0,other,2026-07-01,2026-07-07
Pillsbury Toaster Strudel,Food Lion,6.0,other,2026-04-22,2026-04-28
Pillsbury Toaster Strudel,Food Lion,3.0,other,2026-06-03,2026-06-09
Pillsbury Toaster Strudel,Food Lion,6.0,other,2026-07-01,2026-07-07
Pirate's Booty,Food Lion,5.99,other,2026-05-06,2026-05-12
Pitboss Barbecue Hardwood Pellets,Food Lion,8.99,other,2026-07-01,2026-07-07
Playtex Sport Tampons,Food Lion,7.99,other,2026-06-10,2026-06-16
Pocky,Food Lion,5.0,other,2026-05-13,2026-05-19
Popeyes Dipping Sauce,Food Lion,4.49,other,2026-04-29,2026-05-05
POWER WATER,Food Lion,1.49,other,2026-07-01,2026-07-07
PREP CHEF PROTEIN STARTER,Food Lion,8.99,other,2026-04-29,2026-05-05
President Crumbled Feta Cheese,Food Lion,2.99,other,2026-05-20,2026-05-26
Puffs Facial Tissue,Food Lion,5.49,other,2026-04-22,2026-04-28
Pup-Peroni Dog Treats,Food Lion,6.0,other,2026-05-27,2026-06-02
Pup-Peroni Dog Treats,Food Lion,9.99,other,2026-06-10,2026-06-16
Pure Leaf or Gold Peak Tea,Food Lion,5.99,other,2026-05-20,2026-05-26
Purex Liquid Laundry Detergent,Food Lion,7.99,other,2026-04-29,2026-05-05
Purex Liquid Laundry Detergent,Food Lion,8.99,other,2026-07-22,2026-07-28
PURINA BENEFUL DRY DOG FOOD,Food Lion,5.99,other,2026-06-17,2026-06-23
Purina Beneful Wet Dog Food,Food Lion,2.69,other,2026-04-22,2026-04-28
Purina Beneful Wet Dog Food,Food Lion,2.69,other,2026-07-22,2026-07-28
Purina Cat Chow Dry Cat Food,Food Lion,10.79,other,2026-06-03,2026-06-09
Purina Cat Chow Naturals Dry Cat Food,Food Lion,6.59,other,2026-05-27,2026-06-02
Purina Dog Chow Dry Dog Food,Food Lion,15.99,other,2026-04-29,2026-05-05
Purina Dog Chow Dry Dog Food,Food Lion,15.99,other,2026-07-22,2026-07-28
Purina FRISKIES LIL' LICKABLES CAT TREATS,Food Lion,5.49,other,2026-06-17,2026-06-23
Purina ONE Dry Cat Food,Food Lion,17.99,other,2026-04-29,2026-05-05
Purina ONE Dry Cat Food,Food Lion,17.99,other,2026-06-17,2026-06-23
Purina One Wet Dog Food,Food Lion,2.39,other,2026-05-13,2026-05-19
Quilted Northern,Food Lion,5.49,other,2026-06-03,2026-06-09
RAGÚ KETTLE COOKED SAUCE,Food Lion,2.79,other,2026-04-29,2026-05-05
Rainbow Pepper,Food Lion,5.99,other,2026-07-22,2026-07-28
Rao's Soup,Food Lion,4.0,other,2026-06-10,2026-06-16
"Red Baron 12"" or Crunch Time Pizza",Food Lion,3.49,other,2026-07-22,2026-07-28
"Red Baron 12"" Pizza",Food Lion,3.49,other,2026-04-22,2026-04-28
"Red Baron 12"" Pizza",Food Lion,3.49,other,2026-04-29,2026-05-05
"Red Baron 12"" Pizza",Food Lion,3.49,other,2026-05-20,2026-05-26
"Red Baron 12"" Pizza",Food Lion,2.99,other,2026-05-27,2026-06-02
"Red Baron 12"" Pizza",Food Lion,3.49,other,2026-06-17,2026-06-23
RED OAK OR BOLD ROCK,Food Lion,18.99,other,2026-04-22,2026-04-28
Red Seedless Grapes,Food Lion,1.99,other,2026-05-27,2026-06-02
Red Seedless Grapes,Food Lion,1.99,other,2026-06-17,2026-06-23
Reser's American Classics Sides,Food Lion,2.99,other,2026-05-13,2026-05-19
Reser's American Classics Sides,Food Lion,2.99,other,2026-06-17,2026-06-23
Reser's American Classics Sides,Food Lion,2.99,other,2026-09-02,2026-09-08
Ritas,Food Lion,10.99,other,2026-07-01,2026-07-07
Rockin' Protein Builder,Food Lion,5.0,other,2026-05-27,2026-06-02
Rockin' Protein Builder,Food Lion,5.0,other,2026-06-03,2026-06-09
Rosina Meatballs,Food Lion,5.99,other,2026-09-02,2026-09-08
Samyang Buldak Ramen,Food Lion,7.99,other,2026-05-13,2026-05-19
Samyang Buldak Ramen,Food Lion,7.99,other,2026-07-22,2026-07-28
Sanpellegrino or Ciao! Water,Food Lion,4.99,other,2026-07-01,2026-07-07
Sara Lee Half Loaf,Food Lion,2.29,other,2026-04-29,2026-05-05
Sargento Cheese,Food Lion,5.0,other,2026-05-06,2026-05-12
Sargento Mighty Bites,Food Lion,4.0,other,2026-06-10,2026-06-16
Schweid & Sons Gourmet Burgers,Food Lion,10.99,other,2026-05-06,2026-05-12
Schweid & Sons Gourmet Burgers,Food Lion,10.99,other,2026-06-17,2026-06-23
Schweid & Sons Gourmet Burgers,Food Lion,10.99,other,2026-09-02,2026-09-08
Scope Mouthwash,Food Lion,4.99,other,2026-05-27,2026-06-02
Scott Bath Tissue,Food Lion,8.99,other,2026-06-03,2026-06-09
Scott Bath Tissue,Food Lion,16.99,other,2026-06-17,2026-06-23
Scott Bath Tissue,Food Lion,4.49,other,2026-09-02,2026-09-08
Scott Paper Towels,Food Lion,8.99,other,2026-06-03,2026-06-09
Scrubbing Bubbles Cleaner,Food Lion,3.99,other,2026-07-22,2026-07-28
Secret Aluminum Free or Fresh Collection,Food Lion,6.99,other,2026-04-22,2026-04-28
SECRET ALUMINUM FREE OR FRESH COLLECTION DEODORANT,Food Lion,6.99,other,2026-06-17,2026-06-23
SECRET Deodorant or Dry Spray,Food Lion,5.99,other,2026-09-02,2026-09-08
ORGANIC SEEDLESS GREEN OR RED GRAPES,Food Lion,2.99,other,2026-09-02,2026-09-08
M&M'S Sharing Size,Food Lion,5.49,other,2026-04-22,2026-04-28
M&M'S Sharing Size,Food Lion,5.49,other,2026-06-10,2026-06-16
Sharwood's Sauce,Food Lion,3.99,other,2026-05-13,2026-05-19
Sheba Perfect Portions Entrée,Food Lion,1.19,other,2026-05-20,2026-05-26
Sheba Perfect Portions Entrée,Food Lion,10.0,other,2026-07-22,2026-07-28
Sheba Premium Purée,Food Lion,4.0,other,2026-05-20,2026-05-26
Sierra Nevada,Food Lion,18.99,other,2026-06-17,2026-06-23
"Sierra Nevada, New Belgium or Sam Adams",Food Lion,17.99,other,2026-05-27,2026-06-02
"Sierra Nevada, New Belgium Or Victory",Food Lion,10.99,other,2026-07-22,2026-07-28
"Sierra Nevada, Blue Moon, New Belgium or Sam Adams",Food Lion,17.99,other,2026-06-10,2026-06-16
Sierra Nevada or New Belgium,Food Lion,18.99,other,2026-05-06,2026-05-12
Sierra Nevada or Foothills,Food Lion,11.99,other,2026-06-03,2026-06-09
Sierra Nevada Or Red Oak,Food Lion,18.99,other,2026-05-13,2026-05-19
Simek's Kids Meatballs,Food Lion,6.99,other,2026-09-02,2026-09-08
SIMEK'S MEATBALLS,Food Lion,7.49,other,2026-04-22,2026-04-28
SIMEK'S MEATBALLS,Food Lion,6.99,other,2026-06-03,2026-06-09
Fresh & Simple Meals,Food Lion,5.99,other,2026-04-22,2026-04-28
Simple Mills Gluten Free Bars,Food Lion,4.99,other,2026-05-20,2026-05-26
Fresh & Simple Pizza,Food Lion,4.99,other,2026-04-29,2026-05-05
Fresh & Simple Pizza,Food Lion,4.99,other,2026-06-17,2026-06-23
Simply Ades or Punches,Food Lion,4.0,other,2026-04-29,2026-05-05
Simply Ades or Punches,Food Lion,4.0,other,2026-05-20,2026-05-26
Simply Ades or Punches,Food Lion,5.0,other,2026-06-03,2026-06-09
Simply Ades or Punches,Food Lion,5.0,other,2026-06-17,2026-06-23
Simply Ades or Punches,Food Lion,2.5,other,2026-07-01,2026-07-07
Smart Living Charcoal Briquettes,Food Lion,4.89,other,2026-05-06,2026-05-12
Smart Ones Frozen Dinners,Food Lion,1.99,other,2026-06-03,2026-06-09
Smirnoff,Food Lion,15.99,other,2026-04-22,2026-04-28
Smirnoff,Food Lion,10.99,other,2026-07-01,2026-07-07
Smirnoff,Food Lion,16.99,other,2026-09-02,2026-09-08
Smirnoff Ice,Food Lion,15.99,other,2026-04-29,2026-05-05
Smirnoff Ice,Food Lion,15.99,other,2026-06-03,2026-06-09
Smirnoff Ice or Cayman Jack,Food Lion,9.99,other,2026-05-06,2026-05-12
Smucker's Microwave Hot Topping,Food Lion,6.0,other,2026-05-27,2026-06-02
Smucker's Sundae Syrup,Food Lion,6.0,other,2026-05-13,2026-05-19
Smucker's Sundae Syrup,Food Lion,6.0,other,2026-07-01,2026-07-07
Smucker's Uncrustables,Food Lion,3.99,other,2026-09-02,2026-09-08
Snack Pies,Food Lion,5.0,other,2026-06-03,2026-06-09
Snack Pies,Food Lion,5.0,other,2026-07-22,2026-07-28
Snapdragon Cup Or Bowl,Food Lion,5.0,other,2026-07-22,2026-07-28
Snapdragon Ramen,Food Lion,5.0,other,2026-05-13,2026-05-19
Snuggle,Food Lion,2.99,other,2026-04-22,2026-04-28
Snuggle,Food Lion,2.99,other,2026-06-03,2026-06-09
Snuggle,Food Lion,2.99,other,2026-07-22,2026-07-28
Softsoap Body Wash,Food Lion,4.99,other,2026-09-02,2026-09-08
Softsoap Hand Soap,Food Lion,5.0,other,2026-05-20,2026-05-26
Softsoap Hand Soap,Food Lion,5.0,other,2026-09-02,2026-09-08
Spam,Food Lion,6.0,other,2026-05-27,2026-06-02
SPAM LUNCHEON MEAT,Food Lion,3.99,other,2026-06-17,2026-06-23
Sparkle,Food Lion,7.99,other,2026-04-22,2026-04-28
Sparkle,Food Lion,5.49,other,2026-06-17,2026-06-23
Sparkle,Food Lion,5.49,other,2026-07-22,2026-07-28
Sparkling Ice,Food Lion,1.0,other,2026-05-13,2026-05-19
Sparkling Ice,Food Lion,11.99,other,2026-06-03,2026-06-09
Spring Sun and Fun Bouquet,Food Lion,11.99,other,2026-04-22,2026-04-28
St. Ives Scrubs,Food Lion,3.49,other,2026-05-20,2026-05-26
Starbucks Frappuccino,Food Lion,6.99,other,2026-04-22,2026-04-28
Starbucks Frappuccino,Food Lion,6.0,other,2026-06-03,2026-06-09
Starbucks Frappuccino,Food Lion,6.99,other,2026-07-22,2026-07-28
Starkist Chunk Light or Low,Food Lion,5.0,other,2026-04-22,2026-04-28
Stayfree Maxi Pads,Food Lion,3.99,other,2026-07-22,2026-07-28
Stayfree Classic Pads,Food Lion,3.99,other,2026-04-22,2026-04-28
Fresh Step Cat Litter,Food Lion,13.49,other,2026-05-13,2026-05-19
STOUFFER'S ENTRÉES,Food Lion,6.0,other,2026-04-22,2026-04-28
Stouffer's Family Size Dinners,Food Lion,7.99,other,2026-05-06,2026-05-12
Stouffer's Family Size Dinners,Food Lion,7.99,other,2026-06-03,2026-06-09
Stouffer's Family Size Dinners,Food Lion,7.99,other,2026-07-01,2026-07-07
Stouffer's Family Size Dinners,Food Lion,7.99,other,2026-09-02,2026-09-08
STRAWBERRIES,Food Lion,4.0,other,2026-04-22,2026-04-28
STRAWBERRIES,Food Lion,4.0,other,2026-05-06,2026-05-12
STRAWBERRIES,Food Lion,5.0,other,2026-05-13,2026-05-19
STRAWBERRIES,Food Lion,5.0,other,2026-05-20,2026-05-26
STRAWBERRIES,Food Lion,5.0,other,2026-06-03,2026-06-09
Suave,Food Lion,6.0,other,2026-04-22,2026-04-28
Suave Body Wash,Food Lion,6.0,other,2026-05-27,2026-06-02
Suave Body Wash,Food Lion,6.0,other,2026-06-10,2026-06-16
Suave Invisible Solid or Arm & Hammer Ultra Max Deodorant,Food Lion,5.0,other,2026-05-13,2026-05-19
Success Boil-in-Bag Rice,Food Lion,5.0,other,2026-05-06,2026-05-12
Success Boil-in-Bag Rice,Food Lion,4.0,other,2026-06-03,2026-06-09
Sukhi's Entree,Food Lion,7.99,other,2026-05-13,2026-05-19
Sunny D,Food Lion,7.99,other,2026-07-22,2026-07-28
Supreme Source Dog Food,Food Lion,19.99,other,2026-05-20,2026-05-26
Supreme Source Dog Food,Food Lion,19.99,other,2026-06-03,2026-06-09
Supreme Source Or Artisan Inspired Dog Treats,Food Lion,7.99,other,2026-06-03,2026-06-09
Supreme Source Or Artisan Inspired Dog Treats,Food Lion,7.99,other,2026-09-02,2026-09-08
Swaggerty's Breakfast Sandwiches,Food Lion,5.99,other,2026-06-10,2026-06-16
Swanson Broth,Food Lion,2.0,other,2026-06-03,2026-06-09
Swanson Premium Chicken,Food Lion,3.99,other,2026-05-20,2026-05-26
Swanson Premium Chicken,Food Lion,3.99,other,2026-09-02,2026-09-08
Sweet Baby Ray's Barbecue Sauce,Food Lion,4.49,other,2026-04-22,2026-04-28
Sweet Baby Ray's Barbecue Sauce,Food Lion,4.0,other,2026-06-03,2026-06-09
Sweet Baby Ray's Barbecue Sauce,Food Lion,4.49,other,2026-07-22,2026-07-28
Swiffer Dry or Wet Refills,Food Lion,7.99,other,2026-05-27,2026-06-02
Taco Bell Dinner Kits,Food Lion,3.0,other,2026-06-03,2026-06-09
Taco Bell Sauce,Food Lion,1.99,other,2026-04-29,2026-05-05
Taco Bell Sauce,Food Lion,2.0,other,2026-06-10,2026-06-16
Tai Pei Frozen Meals,Food Lion,6.0,other,2026-05-20,2026-05-26
Takis,Food Lion,3.49,other,2026-04-29,2026-05-05
Takis,Food Lion,3.49,other,2026-06-03,2026-06-09
Takis,Food Lion,2.99,other,2026-09-02,2026-09-08
Tampax Pearl Tampons,Food Lion,7.99,other,2026-05-13,2026-05-19
Taste of Inspirations Crumbled Feta Cheese,Food Lion,2.49,other,2026-05-06,2026-05-12
Taste of Inspirations Dip,Food Lion,3.99,other,2026-05-13,2026-05-19
Taste of Inspirations Dip,Food Lion,3.99,other,2026-06-10,2026-06-16
Taste of Inspirations Feta Cheese,Food Lion,2.49,other,2026-06-10,2026-06-16
Taste of Inspirations Feta Cheese,Food Lion,2.49,other,2026-06-17,2026-06-23
Taste of Inspirations Ham,Food Lion,7.99,other,2026-05-27,2026-06-02
Taste of Inspirations Marinade,Food Lion,2.99,other,2026-06-10,2026-06-16
TASTE OF INSPIRATIONS OLIVES,Food Lion,3.99,other,2026-06-17,2026-06-23
Taste of Inspirations Frozen Pastries,Food Lion,5.49,other,2026-04-22,2026-04-28
Taste of Inspirations Protein Salads,Food Lion,4.99,other,2026-06-10,2026-06-16
Taste of Inspirations Roast Beef,Food Lion,9.99,other,2026-06-10,2026-06-16
Taste of Inspirations Roast Beef,Food Lion,10.99,other,2026-09-02,2026-09-08
Taste of Inspirations Soups,Food Lion,3.99,other,2026-05-27,2026-06-02
Taste of Inspirations Wicked Good Tartar Sauce,Food Lion,2.69,other,2026-06-10,2026-06-16
Taste Of Inspirations Wing Sauce,Food Lion,2.99,other,2026-06-10,2026-06-16
Temptations Cat Treats,Food Lion,2.59,other,2026-04-22,2026-04-28
Temptations Wet Cat Food,Food Lion,0.79,other,2026-04-22,2026-04-28
Texas Pete Wing Sauce,Food Lion,2.79,other,2026-04-29,2026-05-05
TGI Fridays Appetizers,Food Lion,5.99,other,2026-04-29,2026-05-05
TGI FRIDAYS SNACKS,Food Lion,3.99,other,2026-05-20,2026-05-26
TGI FRIDAYS SNACKS,Food Lion,4.0,other,2026-06-03,2026-06-09
That's It Fruit Bars,Food Lion,7.19,other,2026-04-29,2026-05-05
TheraBreath Toothpaste,Food Lion,6.99,other,2026-04-22,2026-04-28
TheraBreath Toothpaste,Food Lion,6.99,other,2026-05-13,2026-05-19
Tide,Food Lion,7.99,other,2026-04-29,2026-05-05
Tide,Food Lion,12.99,other,2026-05-13,2026-05-19
Tide,Food Lion,6.99,other,2026-05-27,2026-06-02
Tide,Food Lion,12.99,other,2026-06-10,2026-06-16
Tide,Food Lion,11.99,other,2026-07-01,2026-07-07
Tide,Food Lion,16.99,other,2026-07-22,2026-07-28
TIDE 55-63 Oz. Liquid or 18-31 Ct. Pods,Food Lion,7.99,other,2026-09-02,2026-09-08
TIDE 55-63 Oz. Liquid or 18-31 Ct. Pods GAIN 81 Oz. Liquid or 31 Ct. Flings,Food Lion,7.99,other,2026-09-02,2026-09-08
Tide Simply,Food Lion,8.99,other,2026-05-13,2026-05-19
Tide Simply Liquid Detergent,Food Lion,7.99,other,2026-07-01,2026-07-07
Tidy Cats Cat Litter,Food Lion,6.59,other,2026-04-29,2026-05-05
Tidy Cats Cat Litter,Food Lion,11.49,other,2026-05-06,2026-05-12
Tidy Cats Cat Litter,Food Lion,8.99,other,2026-06-03,2026-06-09
TombStone Original Pizza,Food Lion,3.99,other,2026-06-10,2026-06-16
Top Round London Broil,Food Lion,7.59,other,2026-04-29,2026-05-05
Top Round London Broil,Food Lion,5.99,other,2026-05-13,2026-05-19
Top Round London Broil,Food Lion,7.99,other,2026-06-10,2026-06-16
Topo Chico Water,Food Lion,6.79,other,2026-04-22,2026-04-28
Tresemmé Shampoo or Conditioner,Food Lion,5.99,other,2026-07-01,2026-07-07
Tropical Fruit Bowl,Food Lion,4.29,other,2026-05-13,2026-05-19
Tropical Fruit Bowl,Food Lion,3.99,other,2026-06-10,2026-06-16
TROPICAL TIKI BOUQUET,Food Lion,11.99,other,2026-06-10,2026-06-16
Tropicana Premium Ades or Punches,Food Lion,5.0,other,2026-05-13,2026-05-19
Tropicana Premium Ades or Punches,Food Lion,5.0,other,2026-06-10,2026-06-16
Tropicana Hydrate Drinks,Food Lion,5.0,other,2026-05-27,2026-06-02
Tutti Fruity Bouquet,Food Lion,9.99,other,2026-07-22,2026-07-28
Twisted Tea,Food Lion,15.99,other,2026-04-29,2026-05-05
Tyson Better For You Chicken,Food Lion,7.99,other,2026-05-13,2026-05-19
Tyson Frozen Chicken,Food Lion,7.99,other,2026-06-03,2026-06-09
Tyson Frozen Chicken,Food Lion,5.99,other,2026-07-01,2026-07-07
Tyson Frozen Chicken,Food Lion,4.99,other,2026-07-22,2026-07-28
V8 SPLASH,Food Lion,2.49,other,2026-07-01,2026-07-07
V8 SPLASH,Food Lion,2.49,other,2026-07-22,2026-07-28
Vanity Fair Napkins,Food Lion,6.0,other,2026-05-20,2026-05-26
Vick's PainQuil,Food Lion,8.99,other,2026-06-17,2026-06-23
Viva Paper Towels,Food Lion,6.99,other,2026-04-29,2026-05-05
Welch's Squeeze,Food Lion,2.54,other,2026-04-22,2026-04-28
Whiting Fillets,Food Lion,8.99,other,2026-05-20,2026-05-26
Whiting Fillets,Food Lion,8.99,other,2026-09-02,2026-09-08
Whole Boston Butt,Food Lion,1.99,other,2026-05-06,2026-05-12
Whole Boston Butt,Food Lion,0.99,other,2026-05-20,2026-05-26
Whole Boston Butt,Food Lion,1.79,other,2026-09-02,2026-09-08
Wicked Crisps,Food Lion,2.49,other,2026-06-03,2026-06-09
WICKED WEED,Food Lion,18.99,other,2026-04-22,2026-04-28
WICKED WEED,Food Lion,18.99,other,2026-05-06,2026-05-12
WICKED WEED,Food Lion,18.99,other,2026-05-13,2026-05-19
WICKED WEED,Food Lion,11.99,other,2026-06-03,2026-06-09
WICKED WEED OR BOLD ROCK,Food Lion,18.99,other,2026-06-17,2026-06-23
Wicked Weed or Noda,Food Lion,10.99,other,2026-04-29,2026-05-05
Wicked Weed or Noda,Food Lion,11.99,other,2026-06-10,2026-06-16
Wicked Weed or Noda,Food Lion,10.99,other,2026-07-22,2026-07-28
Wild Mike's Pizza,Food Lion,2.99,other,2026-09-02,2026-09-08
Wings & Sides,Food Lion,9.99,other,2026-06-03,2026-06-09
Yoplait Go-Gurt or Protein Go-Gurt,Food Lion,2.99,other,2026-04-29,2026-05-05
Zatarain's Frozen Dinners,Food Lion,3.49,other,2026-04-22,2026-04-28
Zatarain's Rice,Food Lion,3.0,other,2026-07-01,2026-07-07
Zaxbys Zax Sauce,Food Lion,2.49,other,2026-05-27,2026-06-02
Ziploc,Food Lion,6.99,other,2026-05-27,2026-06-02
Ziploc Slider Storage Bags,Food Lion,3.49,other,2026-04-29,2026-05-05
100% Natural or Classic Glaze,Harris Teeter,7.99,other,2026-05-20,2026-06-16
18.2 - 19.4 OZ. Downy In-Wash Scent Beads or 48 oz. Downy & Tide Rinse,Harris Teeter,9.99,other,2026-04-29,2026-05-05
19 Crimes Uprising or Andre Extra Dry,Harris Teeter,7.19,other,2026-07-22,2026-07-28
24 - 54 ct. Harris Teeter Everyday or 20 - 30 ct. Ultra Plates or Bowl,Harris Teeter,6.0,other,2026-09-02,2026-09-08
24 - 54 ct. Harris Teeter Everyday Plates or Bowls or 20 - 30 ct. Ultra Plates or Bowls,Harris Teeter,6.0,other,2026-05-20,2026-05-26
36-42 Ct. L. Feminine Pads or 80-100 ct Liners,Harris Teeter,3.0,other,2026-04-29,2026-05-05
73 - 84 oz. Tide Liquid or 25 - 42 ct. PODS Laundry Detergent,Harris Teeter,9.99,other,2026-09-02,2026-09-08
73 -84 oz Tide Liquid or 25 - 42 ct. Tide PODS Laundry Detergent,Harris Teeter,7.99,other,2026-04-29,2026-05-05
Abound Wed Dog Food,Harris Teeter,13.49,other,2026-05-06,2026-05-12
Against the Grain Pizza,Harris Teeter,11.49,other,2026-04-22,2026-04-28
Agalima Organic Drink Mix,Harris Teeter,9.99,other,2026-06-17,2026-07-14
Air Heads Bites,Harris Teeter,3.49,other,2026-05-13,2026-05-19
Ajax Dish Detergent,Harris Teeter,2.79,other,2026-06-03,2026-06-09
6 pk. Alani Nu or 12 pk. Pure Leaf Tea,Harris Teeter,9.99,other,2026-05-20,2026-05-26
All Free & Clear Liquid Laundry Detergent,Harris Teeter,4.99,other,2026-05-06,2026-05-12
All Free & Clear Liquid Laundry Detergent,Harris Teeter,11.99,other,2026-05-13,2026-05-19
All Free & Clear Liquid Laundry Detergent,Harris Teeter,10.0,other,2026-07-22,2026-07-28
All Laundry Detergent,Harris Teeter,4.99,other,2026-05-06,2026-05-12
All Laundry Detergent,Harris Teeter,10.0,other,2026-05-27,2026-06-02
Always Feminine Pads or Tampax Tampons,Harris Teeter,1.0,other,2026-05-27,2026-06-02
Amber Fields Bouquet,Harris Teeter,10.99,other,2026-09-02,2026-09-08
Amos Peelerz,Harris Teeter,7.0,other,2026-06-10,2026-06-16
12 pk. Amstel Light or Mike's Hard or 15 pk. Southern Tier,Harris Teeter,16.99,other,2026-07-22,2026-07-28
Andes Creme de Menthe,Harris Teeter,6.0,other,2026-06-03,2026-06-09
André Extra Dry or La Vieille Ferme Rosé,Harris Teeter,9.99,other,2026-05-27,2026-06-02
Angel Soft Bath Tissue,Harris Teeter,7.99,other,2026-06-10,2026-06-16
Angel Soft Bath Tissue,Harris Teeter,4.49,other,2026-07-01,2026-07-07
Angie's Boom Chicka Pop,Harris Teeter,5.0,other,2026-05-20,2026-05-26
Angie's Boom Chicka Pop,Harris Teeter,4.0,other,2026-07-01,2026-07-07
Angie's Boom Chicka Pop,Harris Teeter,5.0,other,2026-09-02,2026-09-08
"Angry Orchard, Athletic or Peroni",Harris Teeter,17.99,other,2026-06-17,2026-06-23
"Angry Orchard, Leinenkugel's or Smirnoff",Harris Teeter,16.99,other,2026-09-02,2026-09-08
"Angry Orchard, Leinenkugel's or Stone",Harris Teeter,16.99,other,2026-05-06,2026-05-12
"Angry Orchard, Leinenkugel's or Victory",Harris Teeter,16.99,other,2026-04-22,2026-04-28
"Angry Orchard, Shiner Bock or Bold Rock",Harris Teeter,9.99,other,2026-05-20,2026-05-26
Annie's Natural Mac and Cheese,Harris Teeter,3.0,other,2026-07-01,2026-07-07
Annie's Organic Shells Dinner,Harris Teeter,6.0,other,2026-05-06,2026-05-12
"Apothic, Bogle or Clos du Bois",Harris Teeter,7.99,other,2026-04-29,2026-05-05
Apothic Clos du Bois or Seaglass,Harris Teeter,9.99,other,2026-05-27,2026-06-02
Aquafina Water,Harris Teeter,5.99,other,2026-04-22,2026-04-28
Aria Bath Tissue,Harris Teeter,7.99,other,2026-04-29,2026-05-05
Arm & Hammer Laundry Detergent,Harris Teeter,3.99,other,2026-06-10,2026-06-16
Arm & Hammer Liquid Laundry Detergent,Harris Teeter,3.99,other,2026-05-27,2026-06-02
Artisan Half Loaves,Harris Teeter,6.0,other,2026-06-10,2026-06-16
"Athletic, Lone River or Leinenkugel's",Harris Teeter,16.99,other,2026-07-01,2026-07-07
"Athletic, Stone or SmirnoffIce",Harris Teeter,16.99,other,2026-06-10,2026-06-16
"Athletic, Victory or Mike's Hard",Harris Teeter,17.99,other,2026-05-20,2026-05-26
AUSTIN Yellowbird Sauces,Harris Teeter,5.99,other,2026-06-17,2026-07-14
"Avissi, La Marca, Banshee Brut or Domaine Alante",Harris Teeter,12.97,other,2026-05-06,2026-05-12
Ayoh!Foods Sando Sauce,Harris Teeter,7.99,other,2026-06-17,2026-07-14
Bachan's Japanese Sauces,Harris Teeter,7.99,other,2026-06-17,2026-07-14
Backerhaus Sliced Loaves,Harris Teeter,4.59,other,2026-04-29,2026-05-05
Baked Lay's,Harris Teeter,7.0,other,2026-05-06,2026-05-12
"Banshee, Decoy, Meiomi or Juggernaut",Harris Teeter,16.97,other,2026-06-17,2026-06-23
"Barefoot, Black Box, Bota Box or Summit",Harris Teeter,15.97,other,2026-06-10,2026-06-16
"Barefoot, Sutter Home or Yellow Tail",Harris Teeter,8.97,other,2026-07-01,2026-07-07
"Barefoot, Sutter Home or Yellowtail",Harris Teeter,8.79,other,2026-07-22,2026-07-28
"Barefoot, Woodbridge, Yellow Tail or Sutter Home",Harris Teeter,8.97,other,2026-04-29,2026-05-05
"Barefoot, Yellow Tail or Sutter Home",Harris Teeter,9.97,other,2026-06-03,2026-06-09
Barilla Pesto,Harris Teeter,6.0,other,2026-05-20,2026-05-26
Barilla Pesto Sauce,Harris Teeter,6.0,other,2026-07-01,2026-07-07
Barsmith Cocktail Syrup,Harris Teeter,8.0,other,2026-07-15,2026-08-11
Beautiful Opulence Bouquet,Harris Teeter,49.99,other,2026-05-06,2026-05-12
Beautiful Sunflowers,Harris Teeter,9.0,other,2026-06-10,2026-06-16
"New Belgium, Samuel Adams, Sierra Nevada or Wicked Weed",Harris Teeter,16.99,other,2026-05-27,2026-06-02
"New Belgium, Sierra Nevada, Blake's or Wicked Weed",Harris Teeter,10.99,other,2026-09-02,2026-09-08
"New Belgium, Sierra Nevada or Victory",Harris Teeter,10.99,other,2026-06-17,2026-06-23
"New Belgium, Sierra Nevada or Wicked Weed",Harris Teeter,10.99,other,2026-04-22,2026-04-28
"New Belgium, Sierra Nevada or Wicked Weed",Harris Teeter,10.99,other,2026-05-06,2026-05-12
"New Belgium, Sierra Nevada or Wicked Weed",Harris Teeter,10.99,other,2026-05-20,2026-05-26
"New Belgium, Sierra Nevada or Wicked Weed",Harris Teeter,10.99,other,2026-06-03,2026-06-09
"New Belgium, Sierra Nevada or Wicked Weed",Harris Teeter,10.99,other,2026-07-01,2026-07-07
"Bell's, Blake's or Bold Rock",Harris Teeter,10.99,other,2026-07-22,2026-07-28
"Bell's, Blake's or Victory",Harris Teeter,10.99,other,2026-05-13,2026-05-19
"Bell's, Founders or Goose Island",Harris Teeter,18.99,other,2026-07-22,2026-07-28
"Bell's, Goose Island, Founders or Bold Rock",Harris Teeter,18.99,other,2026-04-29,2026-05-05
"Bell's, Peroni or Founder's",Harris Teeter,18.99,other,2026-05-27,2026-06-02
Ben's Ready Rice,Harris Teeter,4.0,other,2026-05-06,2026-05-12
Ben's Ready Rice,Harris Teeter,5.0,other,2026-06-17,2026-06-23
Ben's Ready Rice,Harris Teeter,5.0,other,2026-07-01,2026-07-07
Beneful Dry Dog Food,Harris Teeter,5.99,other,2026-05-27,2026-06-02
Bertolli or P.F. Chang's Entrees,Harris Teeter,5.99,other,2026-06-10,2026-06-16
Bertolli or P.F. Chang's Entrees,Harris Teeter,5.99,other,2026-07-22,2026-07-28
Betty Crocker Birthday Candles,Harris Teeter,3.99,other,2026-07-22,2026-07-28
Betty Crocker Bisquick,Harris Teeter,8.0,other,2026-05-06,2026-05-12
Beyond Burger,Harris Teeter,9.99,other,2026-07-01,2026-07-07
Bibigo Sauces,Harris Teeter,5.99,other,2026-06-17,2026-07-14
BIBIGO ORGANIC SEAWEED SNACK,Harris Teeter,4.0,other,2026-05-20,2026-06-16
BIBIGO ORGANIC SEAWEED SNACK,Harris Teeter,4.0,other,2026-06-17,2026-07-14
Bibigo Seaweed Snack Pack,Harris Teeter,4.99,other,2026-06-17,2026-07-14
Bibigo Organic Seaweed Snacks,Harris Teeter,4.99,other,2026-05-20,2026-06-16
Bigelow Pea Flower Tea,Harris Teeter,8.0,other,2026-05-06,2026-05-12
Bigs Sunflower Seeds,Harris Teeter,4.0,other,2026-06-10,2026-06-16
Biltmore,Harris Teeter,12.99,other,2026-05-20,2026-05-26
Birds Eye Voila! Skillet Meals,Harris Teeter,8.0,other,2026-05-27,2026-06-02
"Black Box, Bota Box or Barefoot",Harris Teeter,17.99,other,2026-09-02,2026-09-08
Blake's Cider,Harris Teeter,10.99,other,2026-06-17,2026-06-23
Natural Bliss Creamer,Harris Teeter,8.0,other,2026-05-06,2026-05-12
Natural Bliss Creamer,Harris Teeter,8.0,other,2026-06-17,2026-06-23
Bloom Pop,Harris Teeter,4.0,other,2026-07-22,2026-07-28
"4.5"" Blooming in Bee Bag",Harris Teeter,9.99,other,2026-05-13,2026-05-19
Blooming Plants,Harris Teeter,6.99,other,2026-05-27,2026-06-02
Blue Buffalo Dog Food,Harris Teeter,15.49,other,2026-06-10,2026-06-16
Blue Buffalo Life Protection Dog Food,Harris Teeter,16.49,other,2026-04-29,2026-05-05
Blue Buffalo Life Protection Formula Dog Food,Harris Teeter,15.49,other,2026-09-02,2026-09-08
Blue Buffalo Nudges,Harris Teeter,6.99,other,2026-06-17,2026-06-23
Blue Moon,Harris Teeter,14.99,other,2026-05-27,2026-06-02
Blue Moon,Harris Teeter,8.99,other,2026-06-03,2026-06-09
Blue Moon or LandShark,Harris Teeter,14.99,other,2026-04-29,2026-05-05
Blue Moon or LandShark,Harris Teeter,14.99,other,2026-05-13,2026-05-19
Blue Moon or LandShark,Harris Teeter,14.99,other,2026-06-17,2026-06-23
Blue Moon or Twisted Tea,Harris Teeter,15.99,other,2026-07-01,2026-07-07
Boar's Head Deluxe Ham,Harris Teeter,11.99,other,2026-04-22,2026-04-28
Boar's Head Deluxe Ham,Harris Teeter,11.99,other,2026-05-20,2026-05-26
Boar's Head Deluxe Ham,Harris Teeter,11.99,other,2026-09-02,2026-09-08
Bob Evans Sides,Harris Teeter,10.0,other,2026-04-22,2026-04-28
Bob Evans Sides,Harris Teeter,2.5,other,2026-07-01,2026-07-07
Bob Evans Sides & Singles,Harris Teeter,8.0,other,2026-05-06,2026-05-12
Bob Evans Singles or Sides,Harris Teeter,8.0,other,2026-05-20,2026-05-26
Body Armor Flash I.V. Hydration Booster,Harris Teeter,6.99,other,2026-07-01,2026-07-07
BodyArmor,Harris Teeter,5.0,other,2026-05-27,2026-06-02
BodyArmor,Harris Teeter,5.99,other,2026-06-10,2026-06-16
Bookbinder's Horseradish,Harris Teeter,6.0,other,2026-06-17,2026-07-14
Bookbinder's Sauces,Harris Teeter,5.0,other,2026-06-17,2026-07-14
Boston Fern,Harris Teeter,19.99,other,2026-05-06,2026-05-12
Boulder Canyon,Harris Teeter,8.0,other,2026-05-13,2026-05-19
Bounce Dryer Sheets,Harris Teeter,3.99,other,2026-04-29,2026-05-05
Bounce Dryer Sheets,Harris Teeter,3.99,other,2026-05-27,2026-06-02
Bounty Napkins,Harris Teeter,5.99,other,2026-04-22,2026-04-28
Bounty Paper Towels,Harris Teeter,16.99,other,2026-04-29,2026-05-05
Bounty Paper Towels,Harris Teeter,10.99,other,2026-05-27,2026-06-02
Bounty Paper Towels,Harris Teeter,15.99,other,2026-09-02,2026-09-08
Bounty Quilted Napkins,Harris Teeter,2.99,other,2026-06-17,2026-06-23
Brianna's Dressing,Harris Teeter,8.0,other,2026-06-17,2026-07-14
Bright & Cheerful,Harris Teeter,8.0,other,2026-07-22,2026-07-28
Brutus Bone Broth,Harris Teeter,4.99,other,2026-04-29,2026-05-05
Bubba Burger,Harris Teeter,14.99,other,2026-05-06,2026-05-12
Bubba Burgers,Harris Teeter,16.99,other,2026-05-20,2026-05-26
Bubba Burgers,Harris Teeter,16.99,other,2026-07-01,2026-07-07
Bubba Burgers,Harris Teeter,16.99,other,2026-09-02,2026-09-08
Bubs Sour Candies,Harris Teeter,7.0,other,2026-06-17,2026-07-14
Bush's Baked Beans,Harris Teeter,5.0,other,2026-06-10,2026-06-16
Busy Bone Dog Treats,Harris Teeter,9.99,other,2026-09-02,2026-09-08
Calbee Harvest Snaps,Harris Teeter,5.0,other,2026-04-22,2026-04-28
Califia Farms Refreshers,Harris Teeter,3.99,other,2026-06-17,2026-06-23
Califia Refreshers,Harris Teeter,3.99,other,2026-05-06,2026-05-12
Campbell's Chunky Soup,Harris Teeter,1.97,other,2026-04-29,2026-05-05
Campbell's Chunky Soup,Harris Teeter,1.97,other,2026-05-20,2026-05-26
Campbell's Chunky Soup,Harris Teeter,1.97,other,2026-09-02,2026-09-08
Carando Italian Dinner Links,Harris Teeter,4.99,other,2026-05-06,2026-05-12
Cascade Action Pacs,Harris Teeter,15.99,other,2026-04-29,2026-05-05
Cascade Action Pacs,Harris Teeter,16.99,other,2026-05-27,2026-06-02
Cascade Dish Pacs,Harris Teeter,12.99,other,2026-07-01,2026-07-07
Cascade Dishwasher Pods,Harris Teeter,12.99,other,2026-06-17,2026-06-23
Cat's Pride Cat Litter,Harris Teeter,9.99,other,2026-04-29,2026-05-05
Cat's Pride Cat Litter,Harris Teeter,9.99,other,2026-06-03,2026-06-09
Cayman Jack,Harris Teeter,15.99,other,2026-06-10,2026-06-16
Celebrate the 4th! Patriotic Bouquet,Harris Teeter,12.99,other,2026-07-01,2026-07-07
Charmin Bath Tissue,Harris Teeter,16.99,other,2026-04-29,2026-05-05
Charmin Bath Tissue,Harris Teeter,10.99,other,2026-05-27,2026-06-02
Charmin Bath Tissue,Harris Teeter,12.99,other,2026-09-02,2026-09-08
Chinet Plates or Platters,Harris Teeter,6.99,other,2026-07-01,2026-07-07
Chinet Platters or Plates,Harris Teeter,6.99,other,2026-05-20,2026-05-26
Chobani 20g Drinks,Harris Teeter,5.0,other,2026-05-06,2026-05-12
Chobani 20g Multi Serve,Harris Teeter,10.0,other,2026-05-06,2026-05-12
Chobani 20G Protein Drinks,Harris Teeter,5.0,other,2026-06-10,2026-06-16
Chosen Foods Dressing & Chosen Marinade,Harris Teeter,5.99,other,2026-05-20,2026-06-16
Chosen Foods Squeeze Mayo,Harris Teeter,10.99,other,2026-04-22,2026-04-28
Clearly Canadian,Harris Teeter,6.99,other,2026-05-20,2026-05-26
Clif ZBar,Harris Teeter,11.0,other,2026-04-22,2026-04-28
Clorox Bleach,Harris Teeter,5.99,other,2026-04-29,2026-05-05
Clorox Disinfecting Wipes,Harris Teeter,9.99,other,2026-06-10,2026-06-16
Clorox Pure Allergen Neutralizer,Harris Teeter,4.99,other,2026-06-10,2026-06-16
Clorox Pure Allergen Neutralizer Spray,Harris Teeter,4.99,other,2026-04-29,2026-05-05
Cobia Fillets,Harris Teeter,8.99,other,2026-04-29,2026-05-05
Cobia Fillets,Harris Teeter,9.99,other,2026-06-03,2026-06-09
Q Cocktail Mixers,Harris Teeter,7.99,other,2026-07-15,2026-08-11
Coco Real Real Gourmet Cream of Caconut,Harris Teeter,4.99,other,2026-06-17,2026-07-14
Coke de Mexico Glass Bottles,Harris Teeter,14.0,other,2026-04-29,2026-05-05
Cooked Prefect Meatballs,Harris Teeter,9.99,other,2026-05-13,2026-05-19
"Cool Dad 4"" White Kalanchoe",Harris Teeter,9.99,other,2026-06-17,2026-06-23
Core Power 26G Protein,Harris Teeter,4.69,other,2026-05-27,2026-06-02
Cottonelle Bath Tissue,Harris Teeter,12.99,other,2026-05-13,2026-05-19
Cottonelle Bath Tissue,Harris Teeter,6.47,other,2026-05-27,2026-06-02
Cottonelle Bath Tissue,Harris Teeter,19.99,other,2026-05-27,2026-06-02
Cottonelle Bath Tissue,Harris Teeter,6.99,other,2026-07-22,2026-07-28
Cremax Wafers,Harris Teeter,3.0,other,2026-09-02,2026-09-08
Crest 3D White Deep Stain Remover Daily Toothpaste,Harris Teeter,2.0,other,2026-05-27,2026-06-02
Crunchy Corn,Harris Teeter,2.0,other,2026-05-20,2026-06-16
Premium Custom Designed Floral Arrangements,Harris Teeter,39.99,other,2026-05-06,2026-05-12
DampRid Moisture Absorbers,Harris Teeter,3.99,other,2026-05-27,2026-06-02
Danimals Pouches,Harris Teeter,3.99,other,2026-06-17,2026-06-23
"Dark Horse, 750 ml, Robert Mondavi Private Selection or 19 Crimes",Harris Teeter,8.99,other,2026-05-27,2026-06-02
Dasani Bottled Water,Harris Teeter,9.0,other,2026-05-06,2026-05-12
Dasani Water,Harris Teeter,9.0,other,2026-06-03,2026-06-09
Dawn Dish Detergent,Harris Teeter,9.99,other,2026-07-22,2026-07-28
Dawn EZ Squeeze Dish Detergent,Harris Teeter,3.99,other,2026-05-20,2026-05-26
Dawn Kitchen Brushes,Harris Teeter,6.59,other,2026-04-22,2026-04-28
Dawn Powerwash Starter Kit,Harris Teeter,2.99,other,2026-04-29,2026-05-05
"Decoy, Meiomi, Banshee or Josh Reserve",Harris Teeter,16.14,other,2026-05-06,2026-05-12
Deebee's Organic Freeze Pops,Harris Teeter,4.99,other,2026-06-17,2026-07-14
Deebee's Organic Organic Freezie Pops,Harris Teeter,4.99,other,2026-05-20,2026-06-16
Deebee's Superfruit Freezie Pops,Harris Teeter,4.99,other,2026-07-15,2026-08-11
Deer Park Purified Water,Harris Teeter,3.0,other,2026-05-06,2026-05-12
Deer Park Water,Harris Teeter,5.0,other,2026-04-22,2026-04-28
Deer Park Water,Harris Teeter,9.0,other,2026-04-29,2026-05-05
Deer Park Water,Harris Teeter,3.0,other,2026-05-20,2026-05-26
Deer Park Water,Harris Teeter,9.0,other,2026-05-20,2026-05-26
Deer Park Water,Harris Teeter,5.0,other,2026-06-10,2026-06-16
Deer Park Water,Harris Teeter,3.97,other,2026-07-01,2026-07-07
Deer Park Water,Harris Teeter,9.0,other,2026-07-22,2026-07-28
Deer Park Water,Harris Teeter,3.97,other,2026-09-02,2026-09-08
Denim Dad Bouquet,Harris Teeter,12.99,other,2026-06-17,2026-06-23
Devour Frozen Entrees,Harris Teeter,6.0,other,2026-05-20,2026-05-26
Devour Frozen Entrees,Harris Teeter,6.0,other,2026-06-17,2026-06-23
Devour Frozen Meals,Harris Teeter,7.0,other,2026-05-06,2026-05-12
DiGiorno or CPK Pizza,Harris Teeter,12.0,other,2026-04-29,2026-05-05
DiGiorno or CPK Pizza,Harris Teeter,12.0,other,2026-05-13,2026-05-19
DiGiorno Pizza,Harris Teeter,10.0,other,2026-05-27,2026-06-02
Divina Olives,Harris Teeter,4.99,other,2026-05-06,2026-05-12
Dixie Value Pack 8.5 Inch Ultra Plates,Harris Teeter,5.99,other,2026-04-29,2026-05-05
Dixie Paper Plates,Harris Teeter,5.99,other,2026-04-22,2026-04-28
Dixie Ultra 8.5 inch Plates,Harris Teeter,7.0,other,2026-05-20,2026-05-26
Dogsters Dog Treats,Harris Teeter,6.0,other,2026-05-06,2026-05-12
Dole Fruit Cups,Harris Teeter,6.0,other,2026-05-06,2026-05-12
Dole Fruit Cups,Harris Teeter,6.0,other,2026-05-27,2026-06-02
Domaine Chandon Brut and Brut Rose,Harris Teeter,22.99,other,2026-05-06,2026-05-12
Doritos,Harris Teeter,7.0,other,2026-05-06,2026-05-12
Downy In-Wash Scent Beads,Harris Teeter,9.99,other,2026-05-27,2026-06-02
Downy In-Wash Scent Booster,Harris Teeter,12.99,other,2026-09-02,2026-09-08
Downy Liquid Fabric Conditioner,Harris Teeter,8.99,other,2026-04-29,2026-05-05
Downy Liquid Fabric Conditioner,Harris Teeter,8.99,other,2026-05-27,2026-06-02
Downy Liquid Fabric Enhancer,Harris Teeter,9.99,other,2026-09-02,2026-09-08
Downy Rinse,Harris Teeter,9.99,other,2026-09-02,2026-09-08
Downy Unlimited In-Wash Scent Beads,Harris Teeter,12.99,other,2026-05-27,2026-06-02
A Dozen Cousins Beans,Harris Teeter,7.0,other,2026-07-15,2026-08-11
Dozen Roses,Harris Teeter,18.99,other,2026-05-06,2026-05-12
Dreft Laundry Detergent,Harris Teeter,9.99,other,2026-05-27,2026-06-02
Drizzilicious Variety Pack,Harris Teeter,10.99,other,2026-04-29,2026-05-05
Dude Wipes,Harris Teeter,12.49,other,2026-05-06,2026-05-12
Dude Wipes,Harris Teeter,12.49,other,2026-05-27,2026-06-02
Dum-Dums Original Mix,Harris Teeter,9.99,other,2026-06-10,2026-06-16
Duncan Hines Frosting,Harris Teeter,4.0,other,2026-05-13,2026-05-19
Duplin Carolina Red or Hatteras Red,Harris Teeter,7.99,other,2026-05-20,2026-05-26
Duracell Batteries,Harris Teeter,9.99,other,2026-04-22,2026-04-28
Duracell Batteries,Harris Teeter,10.0,other,2026-05-20,2026-05-26
Duracell Batteries,Harris Teeter,16.99,other,2026-06-03,2026-06-09
Duracell Coppertop Batteries,Harris Teeter,10.49,other,2026-06-17,2026-06-23
Easy Street Street Taco,Harris Teeter,5.99,other,2026-06-17,2026-06-23
"7.5"" Echinacea",Harris Teeter,15.99,other,2026-07-22,2026-07-28
Edwards Sundae Singles,Harris Teeter,10.0,other,2026-05-06,2026-05-12
Edwards Sundae Singles,Harris Teeter,10.0,other,2026-05-27,2026-06-02
Elan Organic Dried Fruit,Harris Teeter,6.0,other,2026-05-20,2026-06-16
Electrolit Hydration Drink,Harris Teeter,5.0,other,2026-06-17,2026-06-23
Endless Occasion Bouquet,Harris Teeter,10.99,other,2026-04-22,2026-04-28
Evian Bottled Water,Harris Teeter,13.99,other,2026-07-22,2026-07-28
Evolve Dry Cat Food,Harris Teeter,9.49,other,2026-05-06,2026-05-12
Evolve Grain-Free Cat Food,Harris Teeter,9.99,other,2026-06-10,2026-06-16
Fresh Express Caesar Salad Kits,Harris Teeter,3.99,other,2026-06-03,2026-06-09
Fresh Express Chopped Salad Kits,Harris Teeter,3.99,other,2026-05-06,2026-05-12
Fresh Express Cole Slaw Kit,Harris Teeter,6.0,other,2026-05-20,2026-05-26
Fresh Express Cole Slaw Kit,Harris Teeter,5.0,other,2026-09-02,2026-09-08
Fresh Express Salad Kit,Harris Teeter,3.99,other,2026-09-02,2026-09-08
Fresh Express Salad Kits,Harris Teeter,3.99,other,2026-05-06,2026-05-12
Fresh Express Salad Kits,Harris Teeter,3.99,other,2026-05-20,2026-05-26
Fresh Express Salads,Harris Teeter,3.99,other,2026-06-17,2026-06-23
Fresh Express Salads,Harris Teeter,3.99,other,2026-07-01,2026-07-07
Fancy Feast Gems Cat Food,Harris Teeter,15.99,other,2026-05-06,2026-05-12
Fancy Feast Gems Cat Food,Harris Teeter,8.0,other,2026-06-03,2026-06-09
"Fanta, Barq's or Minute Made",Harris Teeter,6.0,other,2026-06-10,2026-06-16
Farmer Market Bartlett Pears,Harris Teeter,1.99,other,2026-07-22,2026-07-28
Farmer Market Snack Packs,Harris Teeter,10.0,other,2026-07-22,2026-07-28
"Farmers Market Bartlett, Bosc or Red Pears",Harris Teeter,2.49,other,2026-09-02,2026-09-08
Farmers Market Bartlett or Anjou Pears,Harris Teeter,1.99,other,2026-06-03,2026-06-09
Farmers Market Bartlett or Bosc Pears,Harris Teeter,2.49,other,2026-04-22,2026-04-28
Farmers Market Bean Dip,Harris Teeter,5.99,other,2026-04-29,2026-05-05
Farmers Market Bean Dip,Harris Teeter,5.99,other,2026-09-02,2026-09-08
Farmers Market Blackberries,Harris Teeter,3.79,other,2026-04-22,2026-04-28
Farmers Market Blackberries,Harris Teeter,2.99,other,2026-09-02,2026-09-08
Farmers Market Bosc or Red Pears,Harris Teeter,0.99,other,2026-06-03,2026-06-09
Farmers Market Bulk White Corn,Harris Teeter,2.0,other,2026-04-29,2026-05-05
Farmers Market Diced Vegetables,Harris Teeter,5.0,other,2026-04-29,2026-05-05
Farmers Market Fruit Medley,Harris Teeter,4.49,other,2026-05-06,2026-05-12
Farmers Market Organic Green Pears,Harris Teeter,4.99,other,2026-04-22,2026-04-28
Farmers Market Organic Green Pears,Harris Teeter,4.79,other,2026-06-10,2026-06-16
Farmers Market Green Peppers,Harris Teeter,1.79,other,2026-05-20,2026-05-26
Farmers Market Green Seedless Grapes,Harris Teeter,2.99,other,2026-09-02,2026-09-08
Farmers Market Italian Blend Salad,Harris Teeter,2.99,other,2026-06-10,2026-06-16
Farmers Market Mini Sweet Peppers,Harris Teeter,5.0,other,2026-04-29,2026-05-05
Farmers Market Mini Sweet Peppers,Harris Teeter,5.0,other,2026-05-13,2026-05-19
Farmers Market Mini Sweet Peppers,Harris Teeter,5.0,other,2026-06-17,2026-06-23
Farmers Market Rainier Cherries,Harris Teeter,7.99,other,2026-06-17,2026-06-23
Farmers Market Rainier Cherries,Harris Teeter,6.99,other,2026-07-01,2026-07-07
Farmers Market Jumbo Red Cherries,Harris Teeter,5.99,other,2026-05-20,2026-05-26
Farmers Market Jumbo Red Cherries,Harris Teeter,5.99,other,2026-05-27,2026-06-02
Farmers Market Jumbo Red Cherries,Harris Teeter,3.99,other,2026-06-10,2026-06-16
Farmers Market Jumbo Red Cherries,Harris Teeter,2.99,other,2026-07-01,2026-07-07
Farmers Market Jumbo Red Cherries,Harris Teeter,4.99,other,2026-07-22,2026-07-28
Farmers Market Red Seedless Grapes,Harris Teeter,1.79,other,2026-06-03,2026-06-09
Farmers Market Seedless Red Grapes,Harris Teeter,2.99,other,2026-06-17,2026-06-23
Farmers Market Strawberries,Harris Teeter,3.49,other,2026-05-13,2026-05-19
Farmers Market Strawberries,Harris Teeter,10.0,other,2026-05-20,2026-05-26
Farmers Market Sweet Corn,Harris Teeter,1.0,other,2026-05-13,2026-05-19
Farmers Market Sweet Corn,Harris Teeter,2.99,other,2026-05-13,2026-05-19
Farmers Market Sweet Corn,Harris Teeter,5.0,other,2026-05-20,2026-05-26
Farmers Market Sweet Corn,Harris Teeter,1.0,other,2026-05-20,2026-05-26
Farmers Market Sweet Corn,Harris Teeter,5.0,other,2026-05-27,2026-06-02
Farmers Market Sweet Corn,Harris Teeter,5.0,other,2026-06-10,2026-06-16
Farmers Market Sweet Corn,Harris Teeter,1.0,other,2026-07-01,2026-07-07
Farmers Market Sweet Corn,Harris Teeter,5.0,other,2026-07-01,2026-07-07
Farmers Market Sweet Corn,Harris Teeter,1.0,other,2026-07-22,2026-07-28
Farmers Market Sweet Corn,Harris Teeter,1.0,other,2026-09-02,2026-09-08
Farmers Market Large Vegetable Tray with Ranch Dip,Harris Teeter,8.99,other,2026-05-06,2026-05-12
Farmers Market White Corn,Harris Teeter,2.0,other,2026-05-06,2026-05-12
Farmers Market White Corn,Harris Teeter,2.0,other,2026-05-13,2026-05-19
Farmers Market White Corn,Harris Teeter,2.0,other,2026-05-27,2026-06-02
Farmers Market White Corn,Harris Teeter,1.0,other,2026-06-03,2026-06-09
Farmers Market White Corn,Harris Teeter,1.0,other,2026-06-17,2026-06-23
Febreze Car or Bathroom,Harris Teeter,1.49,other,2026-05-27,2026-06-02
Febreze Fabric Refresher,Harris Teeter,3.49,other,2026-04-29,2026-05-05
Febreze Fabric Spray,Harris Teeter,3.99,other,2026-09-02,2026-09-08
Febreze Plug ins,Harris Teeter,9.99,other,2026-06-03,2026-06-09
Federalist,Harris Teeter,13.59,other,2026-06-03,2026-06-09
Fever Tree Mixers,Harris Teeter,5.99,other,2026-04-22,2026-04-28
Fever Tree Mixers,Harris Teeter,5.49,other,2026-05-20,2026-05-26
Fever Tree Mixers,Harris Teeter,5.99,other,2026-07-22,2026-07-28
FIJI Water,Harris Teeter,4.99,other,2026-04-22,2026-04-28
FIJI Water,Harris Teeter,4.99,other,2026-06-10,2026-06-16
FIJI Water,Harris Teeter,3.0,other,2026-06-17,2026-06-23
FIJI Water,Harris Teeter,9.99,other,2026-09-02,2026-09-08
Finish Ultimate Dish Tabs,Harris Teeter,14.99,other,2026-06-10,2026-06-16
Firebarns Condiments,Harris Teeter,4.99,other,2026-07-15,2026-08-11
"Firm, Extra Firm or Silken Tofu",Harris Teeter,5.0,other,2026-07-15,2026-08-11
Fresh Food Market Whole Subs,Harris Teeter,6.99,other,2026-04-22,2026-04-28
Fresh Foods Market,Harris Teeter,4.99,other,2026-07-22,2026-07-28
Fresh Foods Market 10 inch Fruit Tart,Harris Teeter,15.99,other,2026-05-06,2026-05-12
Fresh Foods Market 10 inch Fruit Tart,Harris Teeter,15.99,other,2026-06-17,2026-06-23
Fresh Foods Market Artisan Half Loaves,Harris Teeter,6.0,other,2026-05-13,2026-05-19
Fresh Foods Market Dessert Shells,Harris Teeter,2.49,other,2026-05-27,2026-06-02
Fresh Foods Market Double-Dipped Fried or Baked Chicken,Harris Teeter,7.99,other,2026-05-06,2026-05-12
Fresh Foods Market Double-Dipped Fried or Baked Chicken,Harris Teeter,7.99,other,2026-06-03,2026-06-09
Fresh Foods Market Double-Dipped Fried or Baked Chicken,Harris Teeter,7.99,other,2026-06-17,2026-06-23
Fresh Foods Market Double-Dipped Fried or Baked Chicken,Harris Teeter,6.49,other,2026-07-01,2026-07-07
Fresh Foods Market 8 inch Fruit Tart,Harris Teeter,11.99,other,2026-04-29,2026-05-05
Fresh Foods Market 9 inch Gourmet Fruit Pies,Harris Teeter,6.99,other,2026-07-01,2026-07-07
Fresh Foods Market 9 inch Gourmet Fruit Pies,Harris Teeter,6.99,other,2026-09-02,2026-09-08
Fresh Foods Market 4 inch Mini Fruit Pies,Harris Teeter,4.0,other,2026-05-27,2026-06-02
Fresh Foods Market Pane di Casa or Harvest Loaf,Harris Teeter,5.99,other,2026-04-22,2026-04-28
Fresh Foods Market Perfect Pair,Harris Teeter,19.99,other,2026-04-29,2026-05-05
Fresh Foods Market Perfect Pair,Harris Teeter,19.99,other,2026-05-13,2026-05-19
Fresh Foods Market Pre-Sliced Meats & Cheese,Harris Teeter,5.99,other,2026-05-06,2026-05-12
Fresh Foods Market Take & Bake Pizzas,Harris Teeter,10.0,other,2026-09-02,2026-09-08
Fresh Foods Market Whole Subs,Harris Teeter,6.99,other,2026-05-13,2026-05-19
Fresh Foods Market Whole Subs,Harris Teeter,6.99,other,2026-05-27,2026-06-02
Fresh Foods Market Whole Subs,Harris Teeter,6.99,other,2026-06-10,2026-06-16
Fresh Foods Market Whole Subs,Harris Teeter,6.99,other,2026-07-22,2026-07-28
Friskies Lil' Soups Wot Cot Food,Harris Teeter,5.0,other,2026-07-22,2026-07-28
Frito Lay Stax,Harris Teeter,5.0,other,2026-04-22,2026-04-28
Fritos,Harris Teeter,7.0,other,2026-05-13,2026-05-19
Fruit Riot,Harris Teeter,5.99,other,2026-07-22,2026-07-28
Large Fruit Tart,Harris Teeter,15.99,other,2026-05-20,2026-05-26
Large Fruit Tart,Harris Teeter,15.99,other,2026-07-01,2026-07-07
Full Moon Pure Protein Air Dried Dog Food,Harris Teeter,11.99,other,2026-06-17,2026-06-23
Fun Pops,Harris Teeter,2.99,other,2026-07-01,2026-07-07
Gain Liquid Laundry Detergent,Harris Teeter,12.99,other,2026-05-27,2026-06-02
Gain Liquid or Flings Laundry Detergent,Harris Teeter,7.99,other,2026-09-02,2026-09-08
Garden Vase Arrangement,Harris Teeter,69.99,other,2026-05-06,2026-05-12
Gardenia Bush,Harris Teeter,32.99,other,2026-04-22,2026-04-28
Gardenia Topiary,Harris Teeter,36.99,other,2026-04-22,2026-04-28
Ghirardelli Morsels,Harris Teeter,6.39,other,2026-05-06,2026-05-12
Ghirardelli Morsels,Harris Teeter,6.49,other,2026-07-01,2026-07-07
Ghirardelli Sauces,Harris Teeter,5.99,other,2026-05-06,2026-05-12
Gillette Fusions ProGlide or Venus Razors,Harris Teeter,6.5,other,2026-09-02,2026-09-08
Gillette or Venus Cartridge Refills,Harris Teeter,8.0,other,2026-04-29,2026-05-05
Gillette & Venus Cartridge Refills,Harris Teeter,3.0,other,2026-05-27,2026-06-02
Gimme Organic Roasted Seaweed Snacks,Harris Teeter,8.0,other,2026-07-15,2026-08-11
Gimme Organic Seaweed Snacks,Harris Teeter,10.0,other,2026-06-17,2026-07-14
Organic Girl Salads,Harris Teeter,3.79,other,2026-06-17,2026-06-23
Glad Take-Aways Meal Prep Containers,Harris Teeter,7.99,other,2026-07-22,2026-07-28
Glad Tall Kitchen Trash Bags,Harris Teeter,8.99,other,2026-07-01,2026-07-07
Glad Tall Kitchen Trash Bags,Harris Teeter,8.99,other,2026-09-02,2026-09-08
Glad Trash Bags,Harris Teeter,8.99,other,2026-05-06,2026-05-12
Glad Trash Bags,Harris Teeter,4.99,other,2026-05-27,2026-06-02
Glade Candles,Harris Teeter,5.99,other,2026-04-29,2026-05-05
Gleezy Carolina Dog Sauce,Harris Teeter,7.99,other,2026-05-20,2026-05-26
Glory Collard Greens,Harris Teeter,4.0,other,2026-05-06,2026-05-12
Glory Seasoned Greens,Harris Teeter,2.79,other,2026-05-20,2026-05-26
Go-Gurt,Harris Teeter,5.0,other,2026-06-17,2026-06-23
GoGo Squeez,Harris Teeter,11.99,other,2026-05-06,2026-05-12
Gold Peak Tea,Harris Teeter,7.0,other,2026-05-13,2026-05-19
Gold Peak Tea,Harris Teeter,7.0,other,2026-06-10,2026-06-16
"Golden Road, Kona or Pacifico",Harris Teeter,15.99,other,2026-05-20,2026-05-26
Good Mallow Plant-Based Marshmallows,Harris Teeter,9.0,other,2026-07-15,2026-08-11
Goodles Mac & Cheese,Harris Teeter,8.0,other,2026-06-17,2026-07-14
Green Giant Steam Crisp Vegetables,Harris Teeter,1.27,other,2026-06-17,2026-06-23
Green Giant Vegetables,Harris Teeter,6.0,other,2026-07-22,2026-07-28
Organic Green Pears,Harris Teeter,4.99,other,2026-04-22,2026-05-19
Organic Green Pears,Harris Teeter,4.79,other,2026-05-20,2026-06-16
Organic Green Pears,Harris Teeter,4.79,other,2026-06-17,2026-07-14
Grill Mates Bottle Blends,Harris Teeter,4.0,other,2026-05-20,2026-05-26
Grown in Idaho French Fries,Harris Teeter,8.0,other,2026-09-02,2026-09-08
Guayaki Yerba Madre Tea,Harris Teeter,5.0,other,2026-06-17,2026-06-23
8 pk. Guinness or 12 pk. Michelob Ultra,Harris Teeter,14.99,other,2026-04-22,2026-04-28
8 pk. Guinness or 12 pk. Michelob Ultra,Harris Teeter,14.99,other,2026-05-06,2026-05-12
8 pk. Guinness or 12 pk. Michelob Ultra,Harris Teeter,14.99,other,2026-05-27,2026-06-02
8 pk. Guinness or 12 pk. Michelob Ultra,Harris Teeter,14.99,other,2026-07-22,2026-07-28
Halo Top Pints,Harris Teeter,4.99,other,2026-07-01,2026-07-07
Halo Top Pints,Harris Teeter,4.99,other,2026-09-02,2026-09-08
Hanover Beans,Harris Teeter,5.0,other,2026-05-13,2026-05-19
Harries Teeter Frozen Vegetables,Harris Teeter,3.0,other,2026-05-13,2026-05-19
Harris Teeter 10 inch Everyday or Ultra Paper Plates,Harris Teeter,5.29,other,2026-05-27,2026-06-02
Harris Teeter 100% Pure Pumpkin,Harris Teeter,5.0,other,2026-04-29,2026-05-05
Harris Teeter 90 Second Rice,Harris Teeter,5.0,other,2026-05-13,2026-05-19
Harris Teeter 90 Second Rice,Harris Teeter,5.0,other,2026-06-10,2026-06-16
Harris Teeter Alkaline Water,Harris Teeter,5.39,other,2026-05-13,2026-05-19
Harris Teeter Alkaline Water,Harris Teeter,5.39,other,2026-06-10,2026-06-16
Harris Teeter Alkaline Water,Harris Teeter,5.39,other,2026-09-02,2026-09-08
Harris Teeter Aluminum Foil,Harris Teeter,3.99,other,2026-04-22,2026-04-28
Harris Teeter Aluminum Foil,Harris Teeter,4.29,other,2026-07-22,2026-07-28
Harris Teeter Antacid,Harris Teeter,4.49,other,2026-05-27,2026-06-02
Harris Teeter Appetizers,Harris Teeter,5.49,other,2026-05-06,2026-05-12
Harris Teeter Appetizers,Harris Teeter,5.49,other,2026-05-20,2026-05-26
Harris Teeter Appetizers,Harris Teeter,5.49,other,2026-06-17,2026-06-23
Harris Teeter Appetizers,Harris Teeter,10.0,other,2026-07-22,2026-07-28
Harris Teeter Baked Beans,Harris Teeter,4.0,other,2026-05-13,2026-05-19
Harris Teeter Baked Beans,Harris Teeter,4.0,other,2026-06-10,2026-06-16
Harris Teeter Baked Beans,Harris Teeter,4.0,other,2026-06-17,2026-06-23
Harris Teeter Baked Beans,Harris Teeter,4.0,other,2026-07-22,2026-07-28
Harris Teeter Baking Mix,Harris Teeter,2.49,other,2026-07-01,2026-07-07
Harris Teeter Black Oil Sunflower Seed,Harris Teeter,8.99,other,2026-05-13,2026-05-19
Harris Teeter Black Olives,Harris Teeter,4.0,other,2026-05-06,2026-05-12
Harris Teeter Breakfast Links or Patties,Harris Teeter,7.0,other,2026-05-27,2026-06-02
Harris Teeter Buffalo Wing Sauce,Harris Teeter,4.0,other,2026-05-27,2026-06-02
Harris Teeter Burrata Bites,Harris Teeter,6.79,other,2026-05-20,2026-06-16
Harris Teeter Chili Sauce,Harris Teeter,1.79,other,2026-06-03,2026-06-09
Harris Teeter Chunk Cheese,Harris Teeter,3.99,other,2026-05-06,2026-05-12
Harris Teeter Chunk Cheese,Harris Teeter,3.99,other,2026-06-10,2026-06-16
Harris Teeter Chunk Cheese,Harris Teeter,2.99,other,2026-06-17,2026-06-23
Harris Teeter Chunk Cheese,Harris Teeter,4.0,other,2026-07-01,2026-07-07
Harris Teeter Cocktail Sauce,Harris Teeter,1.99,other,2026-06-03,2026-06-09
Harris Teeter Croutons,Harris Teeter,5.0,other,2026-04-22,2026-04-28
Harris Teeter Croutons,Harris Teeter,5.0,other,2026-05-13,2026-05-19
Harris Teeter Croutons,Harris Teeter,5.0,other,2026-06-03,2026-06-09
Harris Teeter Croutons,Harris Teeter,5.0,other,2026-07-22,2026-07-28
Harris Teeter Croutons,Harris Teeter,5.0,other,2026-09-02,2026-09-08
Harris Teeter Designer Plates,Harris Teeter,5.29,other,2026-06-17,2026-06-23
Harris Teeter Disinfection Wipes,Harris Teeter,1.89,other,2026-04-29,2026-05-05
Harris Teeter Dryer Sheets,Harris Teeter,3.99,other,2026-04-22,2026-04-28
Harris Teeter Everyday Napkins,Harris Teeter,4.99,other,2026-06-10,2026-06-16
Harris Teeter Everyday Plates,Harris Teeter,9.99,other,2026-07-22,2026-07-28
Harris Teeter Everyday Plates and Bowls 24 - 54 ct. or Ultra Plates and Bowls 20 - 30 ct.,Harris Teeter,6.0,other,2026-05-06,2026-05-12
Harris Teeter Facial Tissues,Harris Teeter,3.0,other,2026-06-10,2026-06-16
Harris Teeter Natural Fire Starters,Harris Teeter,5.99,other,2026-06-17,2026-07-14
Harris Teeter Fruit & Grain Bars,Harris Teeter,4.0,other,2026-06-10,2026-06-16
16 oz. Harris Teeter Frozen Fruit or 16 oz. French Toast Sticks,Harris Teeter,6.0,other,2026-05-06,2026-05-12
16 oz. Harris Teeter Frozen Fruit or 16 oz. French Toast Sticks,Harris Teeter,6.0,other,2026-07-01,2026-07-07
16 oz. Harris Teeter Frozen Fruit or 16 oz. French Toast Sticks,Harris Teeter,6.0,other,2026-07-22,2026-07-28
Harris Teeter Frozen Fruit or 16 oz. French Toast Sticks or 8.8 oz. Crust-Offs,Harris Teeter,6.0,other,2026-05-27,2026-06-02
Harris Teeter Giant Lunch Bags,Harris Teeter,2.29,other,2026-06-10,2026-06-16
Harris Teeter Hardwood Briquettes,Harris Teeter,6.99,other,2026-07-01,2026-07-07
Harris Teeter Hardwood Lump Charcoal,Harris Teeter,17.99,other,2026-07-22,2026-07-28
Harris Teeter Heavy Duty or Nonstick Aluminum Foil,Harris Teeter,3.99,other,2026-05-06,2026-05-12
Harris Teeter Heavy Duty Paper Plates,Harris Teeter,4.99,other,2026-05-13,2026-05-19
Harris Teeter Hot Cups with Lids,Harris Teeter,5.59,other,2026-05-06,2026-05-12
Harris Teeter Instant Grits,Harris Teeter,5.0,other,2026-06-10,2026-06-16
Harris Teeter Insulated Freezer Bag,Harris Teeter,9.99,other,2026-05-13,2026-05-19
Harris Teeter Jalapeño Slices,Harris Teeter,1.79,other,2026-04-22,2026-04-28
Harris Teeter Junior Pops,Harris Teeter,3.99,other,2026-05-20,2026-05-26
Harris Teeter Junior Pops,Harris Teeter,8.0,other,2026-07-22,2026-07-28
Harris Teeter Lasagna,Harris Teeter,3.0,other,2026-06-10,2026-06-16
Harris Teeter Lasagna,Harris Teeter,3.0,other,2026-07-22,2026-07-28
Harris Teeter Latex Gloves,Harris Teeter,4.0,other,2026-04-22,2026-04-28
Harris Teeter Liquid Hand Soap,Harris Teeter,3.0,other,2026-04-22,2026-04-28
Harris Teeter Mac & Cheese,Harris Teeter,0.79,other,2026-06-10,2026-06-16
Harris Teeter Maraschino Cherries,Harris Teeter,5.0,other,2026-06-03,2026-06-09
Harris Teeter Frozen Margarita Mixer,Harris Teeter,3.49,other,2026-07-15,2026-08-11
Harris Teeter Marinades,Harris Teeter,4.0,other,2026-04-22,2026-04-28
Harris Teeter Marinades,Harris Teeter,4.0,other,2026-05-13,2026-05-19
Harris Teeter Marinades,Harris Teeter,4.0,other,2026-07-22,2026-07-28
Harris Teeter Jumbo Marshmallows,Harris Teeter,1.79,other,2026-06-17,2026-06-23
Harris Teeter Jumbo Marshmallows,Harris Teeter,1.79,other,2026-07-22,2026-07-28
Harris Teeter Frozen Mixers,Harris Teeter,6.0,other,2026-07-22,2026-07-28
Harris Teeter Morsels,Harris Teeter,8.0,other,2026-05-06,2026-05-12
Harris Teeter Munchie Mix,Harris Teeter,6.99,other,2026-06-03,2026-06-09
Harris Teeter Non-Dairy Creamer,Harris Teeter,2.99,other,2026-06-10,2026-06-16
Harris Teeter Non-Steam or Steamable Vegetables,Harris Teeter,5.0,other,2026-05-06,2026-05-12
Harris Teeter Novelties Cones or Bars,Harris Teeter,2.97,other,2026-05-13,2026-05-19
Harris Teeter Novelty Bars,Harris Teeter,7.0,other,2026-06-10,2026-06-16
Harris Teeter Occasions Party Cups,Harris Teeter,7.29,other,2026-04-22,2026-04-28
Harris Teeter Occasions Party Cups,Harris Teeter,2.59,other,2026-05-27,2026-06-02
Harris Teeter Occasions Party Cups,Harris Teeter,4.49,other,2026-09-02,2026-09-08
Harris Teeter Original or Free & Clear Laundry Pacs,Harris Teeter,9.99,other,2026-04-22,2026-04-28
Harris Teeter or HT Traders Breakfast Sandwiches,Harris Teeter,5.49,other,2026-04-29,2026-05-05
Harris Teeter or HT Traders Breakfast Sandwiches,Harris Teeter,5.49,other,2026-05-27,2026-06-02
Harris Teeter Oxy Stain Remover Powder,Harris Teeter,8.49,other,2026-04-22,2026-04-28
Harris Teeter Oxy Stain Remover Powder,Harris Teeter,8.99,other,2026-05-27,2026-06-02
Harris Teeter Paper Towels,Harris Teeter,6.49,other,2026-06-10,2026-06-16
Harris Teeter Parboiled Rice,Harris Teeter,2.29,other,2026-06-10,2026-06-16
Harris Teeter Parchment Paper Sheets,Harris Teeter,3.49,other,2026-07-15,2026-08-11
Harris Teeter Peppers,Harris Teeter,1.79,other,2026-05-13,2026-05-19
Harris Teeter Plastic Cups,Harris Teeter,4.49,other,2026-05-06,2026-05-12
Harris Teeter Plastic Cups,Harris Teeter,3.99,other,2026-05-20,2026-05-26
Harris Teeter Prime Pub Burgers,Harris Teeter,6.99,other,2026-07-01,2026-07-07
Harris Teeter Prime Pub Burgers,Harris Teeter,6.99,other,2026-07-22,2026-07-28
Harris Teeter Pub Burger,Harris Teeter,6.99,other,2026-09-02,2026-09-08
Harris Teeter Purified Water,Harris Teeter,10.0,other,2026-05-06,2026-05-12
Harris Teeter Purified Water,Harris Teeter,10.0,other,2026-05-20,2026-05-26
Harris Teeter Purified Water,Harris Teeter,1.99,other,2026-06-10,2026-06-16
Harris Teeter Purified Water,Harris Teeter,10.0,other,2026-06-17,2026-06-23
Harris Teeter Quick Grits,Harris Teeter,2.49,other,2026-07-22,2026-07-28
Harris Teeter Raisin Bran,Harris Teeter,3.49,other,2026-04-29,2026-05-05
10 oz. Harris Teeter Red Enchilada Sauce or 7 oz Diced Green Chiles,Harris Teeter,3.0,other,2026-04-29,2026-05-05
12 oz Harris Teeter Salad Cubes or 38 oz Sliced Black Olives,Harris Teeter,3.0,other,2026-09-02,2026-09-08
Harris Teeter Simply Clear,Harris Teeter,0.69,other,2026-04-22,2026-04-28
Harris Teeter Family Size Pure Ground Black Pepper,Harris Teeter,5.99,other,2026-05-13,2026-05-19
Harris Teeter Snack Cheese,Harris Teeter,6.0,other,2026-05-06,2026-05-12
Harris Teeter Snack Cheese,Harris Teeter,6.0,other,2026-06-17,2026-06-23
Harris Teeter Soft or Hard Taco Kits,Harris Teeter,5.0,other,2026-06-17,2026-06-23
Harris Teeter Sprinkles,Harris Teeter,4.0,other,2026-05-20,2026-05-26
Harris Teeter Squeeze Mayo,Harris Teeter,3.49,other,2026-04-22,2026-04-28
Harris Teeter Squeeze Mayo,Harris Teeter,3.49,other,2026-07-22,2026-07-28
Harris Teeter Steamable or Non-Steam Vegetables,Harris Teeter,5.0,other,2026-06-03,2026-06-09
Harris Teeter Small Sweet Peas,Harris Teeter,3.0,other,2026-05-06,2026-05-12
Harris Teeter Toaster Pastries,Harris Teeter,3.0,other,2026-06-17,2026-06-23
Harris Teeter Triple Action Dish Pacs,Harris Teeter,8.99,other,2026-05-13,2026-05-19
Harris Teeter Ultra Max Batteries,Harris Teeter,5.79,other,2026-04-29,2026-05-05
Harris Teeter Unbleached Parchment Paper,Harris Teeter,3.29,other,2026-06-17,2026-07-14
Harris Teeter Vanilla Sandwiches,Harris Teeter,6.0,other,2026-06-17,2026-06-23
Harris Teeter Frozen Vegetables,Harris Teeter,5.0,other,2026-04-22,2026-04-28
Harris Teeter Frozen Vegetables,Harris Teeter,3.0,other,2026-05-27,2026-06-02
Harris Teeter Waffles,Harris Teeter,5.0,other,2026-04-29,2026-05-05
Harris Teeter Waffles,Harris Teeter,5.0,other,2026-05-27,2026-06-02
Harris Teeter Whipped Topping,Harris Teeter,4.0,other,2026-04-22,2026-04-28
Harris Teeter Whipped Topping,Harris Teeter,5.0,other,2026-04-22,2026-04-28
Harris Teeter Whipped Topping,Harris Teeter,5.0,other,2026-05-20,2026-05-26
Harris Teeter Whipped Topping,Harris Teeter,7.0,other,2026-05-27,2026-06-02
Harris Teeter Whipped Topping,Harris Teeter,5.0,other,2026-06-10,2026-06-16
Harvest Loaf,Harris Teeter,5.99,other,2026-05-20,2026-05-26
Harvest Snaps,Harris Teeter,4.0,other,2026-07-22,2026-07-28
Hatch Select Chiles,Harris Teeter,4.0,other,2026-07-15,2026-08-11
Hawaiian Punch,Harris Teeter,6.0,other,2026-07-01,2026-07-07
Healthy Choice Max or Bowls,Harris Teeter,7.0,other,2026-09-02,2026-09-08
Healthy Choice Power Bowls or Entrees,Harris Teeter,7.0,other,2026-06-03,2026-06-09
Healthy Choice PowerBowls or Plates,Harris Teeter,8.0,other,2026-07-01,2026-07-07
Hearts of Palm,Harris Teeter,3.99,other,2026-06-17,2026-07-14
Hefty Trash Bags,Harris Teeter,8.79,other,2026-05-13,2026-05-19
Helados Mexico Mini Bars,Harris Teeter,8.0,other,2026-06-03,2026-06-09
Heluva Good! Dip,Harris Teeter,5.0,other,2026-05-27,2026-06-02
Heluva Good! Dips,Harris Teeter,5.0,other,2026-05-20,2026-05-26
Hershey's Share Size Bags,Harris Teeter,6.49,other,2026-06-10,2026-06-16
Hershey's Share Size Bags,Harris Teeter,6.49,other,2026-07-01,2026-07-07
Hidden Valley Ranch Mix,Harris Teeter,5.0,other,2026-05-20,2026-05-26
Hint Flavored Water,Harris Teeter,15.99,other,2026-05-20,2026-06-16
Hint Star Spangled Fruit-Infused Water,Harris Teeter,15.99,other,2026-06-17,2026-07-14
Hiyo Non-Alcoholic Sunset Sixer,Harris Teeter,18.99,other,2026-07-15,2026-08-11
Hop Wtr Non-Alcoholic Water,Harris Teeter,9.99,other,2026-07-15,2026-08-11
Hormel Chili No Beans,Harris Teeter,6.0,other,2026-05-20,2026-05-26
Hormel Entrees,Harris Teeter,7.99,other,2026-07-22,2026-07-28
HT Traders Bruschetta,Harris Teeter,3.99,other,2026-05-13,2026-05-19
HT Traders Country Mix Pitted Olives,Harris Teeter,3.29,other,2026-04-22,2026-04-28
HT Traders Dessert Blossoms,Harris Teeter,3.99,other,2026-09-02,2026-09-08
HT Traders Desserts,Harris Teeter,10.0,other,2026-05-06,2026-05-12
HT Traders Fire Roasted Chiles,Harris Teeter,2.99,other,2026-07-15,2026-08-11
HT Traders Lavender Soap,Harris Teeter,3.99,other,2026-06-17,2026-06-23
HT Traders Marinara Sauce,Harris Teeter,3.99,other,2026-06-10,2026-06-16
HT Traders Olives,Harris Teeter,6.0,other,2026-05-06,2026-05-12
HT Traders Olives,Harris Teeter,2.99,other,2026-05-27,2026-06-02
HT Traders Olives,Harris Teeter,2.99,other,2026-07-01,2026-07-07
HT Traders Rubs,Harris Teeter,3.99,other,2026-05-06,2026-05-12
HT Traders Siracha Sauce,Harris Teeter,2.99,other,2026-05-27,2026-06-02
G Hughes Dressing,Harris Teeter,8.0,other,2026-06-17,2026-07-14
Hungry Jack Syrup,Harris Teeter,8.0,other,2026-06-10,2026-06-16
Hydrangeas,Harris Teeter,27.99,other,2026-04-29,2026-05-05
Iams Dry Cat Food,Harris Teeter,10.99,other,2026-04-22,2026-04-28
Iams Dry Cat Food,Harris Teeter,18.99,other,2026-09-02,2026-09-08
9 inch Fresh Baked Fruit Pies,Harris Teeter,6.99,other,2026-05-20,2026-05-26
8 inch Outdoor Hardy Mums,Harris Teeter,12.0,other,2026-09-02,2026-09-08
6 inch White Mum Plant,Harris Teeter,10.99,other,2026-05-20,2026-05-26
IZZE Sparkling Beverage,Harris Teeter,12.0,other,2026-09-02,2026-09-08
Jack Daniel's BBQ,Harris Teeter,6.99,other,2026-05-27,2026-06-02
Jimmy Dean Breakfast Bowls,Harris Teeter,10.0,other,2026-07-22,2026-07-28
Jimmy Dean Breakfast Sandwiches,Harris Teeter,6.49,other,2026-05-06,2026-05-12
Jimmy Dean Breakfast Sandwiches,Harris Teeter,6.49,other,2026-06-03,2026-06-09
Jimmy Dean Breakfast Sandwiches,Harris Teeter,6.49,other,2026-07-01,2026-07-07
Jimmy Dean Breakfast Sandwiches,Harris Teeter,11.79,other,2026-07-22,2026-07-28
Jimmy Dean Simple Scrambles,Harris Teeter,7.0,other,2026-05-13,2026-05-19
"Joel Gott, La Marca or La Crema",Harris Teeter,14.99,other,2026-05-20,2026-05-26
Jonny Pops,Harris Teeter,4.99,other,2026-04-29,2026-05-05
Jordan's Skinny Mixes Margarita Mix,Harris Teeter,5.99,other,2026-05-20,2026-06-16
Jose Cuervo Margarita Max,Harris Teeter,9.99,other,2026-04-29,2026-05-05
"Josh Cellars, Matua, Wente or Kendall-Jackson",Harris Teeter,10.99,other,2026-06-17,2026-06-23
"Josh Cellars, Wente Matua or Kendall-Jackson",Harris Teeter,11.99,other,2026-04-22,2026-04-28
Josh Reserve,Harris Teeter,15.29,other,2026-06-03,2026-06-09
Juneteenth Bouquet,Harris Teeter,12.99,other,2026-06-17,2026-06-23
Just Bare Chicken,Harris Teeter,8.99,other,2026-06-10,2026-06-16
Just Bare Chicken,Harris Teeter,9.99,other,2026-07-22,2026-07-28
Kanzen Meal,Harris Teeter,5.99,other,2026-04-29,2026-05-05
Kellogg's Nutri Grain Bars,Harris Teeter,5.0,other,2026-04-29,2026-05-05
Kellogg's Nutri Grain Bars,Harris Teeter,5.0,other,2026-05-27,2026-06-02
Kellogg's Pop•Tarts,Harris Teeter,5.0,other,2026-04-29,2026-05-05
KELLOGG'S POP-TARTS,Harris Teeter,5.0,other,2026-06-03,2026-06-09
Ken's Salad Dressing,Harris Teeter,3.99,other,2026-06-17,2026-06-23
Kevin's Entrees,Harris Teeter,4.99,other,2026-06-03,2026-06-09
Kickin' Krab Salad,Harris Teeter,5.0,other,2026-05-27,2026-06-02
Kinder's Wing or Dipping Sauce,Harris Teeter,5.49,other,2026-05-13,2026-05-19
Kingsford Charcoal,Harris Teeter,8.99,other,2026-09-02,2026-09-08
Kingsford Charcoal or Match Light,Harris Teeter,8.99,other,2026-07-01,2026-07-07
Kingsford or Match Light Charcoal,Harris Teeter,8.99,other,2026-05-06,2026-05-12
Kingsford or Match Light Charcoal,Harris Teeter,8.99,other,2026-05-20,2026-05-26
Kleenex Ultra Facial Tissue,Harris Teeter,4.0,other,2026-05-06,2026-05-12
Kodiak Waffles,Harris Teeter,5.29,other,2026-05-06,2026-05-12
"Kona, Pacifico or Golden Road",Harris Teeter,16.99,other,2026-06-17,2026-06-23
"Kona, Pacifico or Golden Road",Harris Teeter,16.99,other,2026-07-01,2026-07-07
"Kona, Pacifico or Golden Road",Harris Teeter,16.99,other,2026-09-02,2026-09-08
Koyo Ramen Singles,Harris Teeter,5.0,other,2026-06-17,2026-07-14
Kraft American Singles,Harris Teeter,6.0,other,2026-05-06,2026-05-12
Kraft American Singles,Harris Teeter,5.0,other,2026-05-20,2026-05-26
Kraft American Singles,Harris Teeter,6.0,other,2026-07-01,2026-07-07
Kraft American Singles,Harris Teeter,8.0,other,2026-07-22,2026-07-28
Kraft American Singles,Harris Teeter,6.0,other,2026-09-02,2026-09-08
Kraft Deluxe or 16 oz. Kraft Singles,Harris Teeter,8.0,other,2026-04-22,2026-04-28
Kraft Original Mac & Cheese,Harris Teeter,5.0,other,2026-05-27,2026-06-02
Kraft Original Mac & Cheese,Harris Teeter,10.0,other,2026-06-17,2026-06-23
Kraft Miracle Whip,Harris Teeter,2.99,other,2026-05-06,2026-05-12
Kraft Miracle Whip,Harris Teeter,2.99,other,2026-05-20,2026-05-26
Kraft Miracle Whip,Harris Teeter,3.99,other,2026-06-17,2026-06-23
Kraft Miracle Whip,Harris Teeter,3.99,other,2026-07-01,2026-07-07
Kraft Miracle Whip,Harris Teeter,3.99,other,2026-09-02,2026-09-08
Kraft Family Size Mac & Cheese,Harris Teeter,3.0,other,2026-07-01,2026-07-07
Kraft Tartar Sauce,Harris Teeter,5.0,other,2026-05-27,2026-06-02
Kraft Tartar Sauce,Harris Teeter,5.0,other,2026-09-02,2026-09-08
Kraft Velveeta Cheese,Harris Teeter,7.99,other,2026-06-03,2026-06-09
La Terra Fina Dips,Harris Teeter,7.0,other,2026-07-01,2026-07-07
La Terra Fina Dips,Harris Teeter,3.99,other,2026-09-02,2026-09-08
Landshark,Harris Teeter,14.99,other,2026-05-20,2026-05-26
LaraBar,Harris Teeter,10.0,other,2026-07-01,2026-07-07
LaraBar,Harris Teeter,12.0,other,2026-07-01,2026-07-07
LaraBars,Harris Teeter,10.0,other,2026-06-10,2026-06-16
Lawry's Marinades,Harris Teeter,7.0,other,2026-05-06,2026-05-12
Lean Cuisine or Stouffer's Entrees,Harris Teeter,2.47,other,2026-05-27,2026-06-02
Lean Cuisine or Stouffer's Entrees,Harris Teeter,9.0,other,2026-06-10,2026-06-16
Lean Cuisine or Stouffer's Entrees,Harris Teeter,2.37,other,2026-06-17,2026-06-23
Lean Cuisine or Stouffer's Entrees,Harris Teeter,2.37,other,2026-09-02,2026-09-08
Lean Cuisine pr Stouffer's Entrees,Harris Teeter,10.0,other,2026-04-22,2026-04-28
"Natural Light, Miller High Life or Pabst Blue Ribbon",Harris Teeter,16.99,other,2026-04-29,2026-05-05
"Natural Light, Miller High Life or Pabst Blue Ribbon",Harris Teeter,16.99,other,2026-05-27,2026-06-02
"Natural Light, Miller High Life or Pabst Blue Ribbon",Harris Teeter,16.99,other,2026-07-22,2026-07-28
"Natural Light, Pabst Blue Ribbon or Miller High Life",Harris Teeter,16.99,other,2026-06-10,2026-06-16
Lillie's Q Sauce,Harris Teeter,4.99,other,2026-06-17,2026-07-14
Lindor Truffles,Harris Teeter,6.99,other,2026-05-06,2026-05-12
Liquid Death Flavored Sparkling Tea,Harris Teeter,7.99,other,2026-05-20,2026-06-16
Liquid Tide Laundry Detergent,Harris Teeter,10.99,other,2026-06-17,2026-06-23
Log Cabin Syrup,Harris Teeter,5.0,other,2026-04-22,2026-04-28
Log Cabin Syrup,Harris Teeter,6.0,other,2026-05-06,2026-05-12
I and Love and You Dog Food Toppers,Harris Teeter,4.0,other,2026-06-03,2026-06-09
"3 ltr. Barefoot, Black Box, Bota Box or Summit",Harris Teeter,17.99,other,2026-05-13,2026-05-19
Lucky Leaf Premium Fruit Filling,Harris Teeter,3.99,other,2026-06-17,2026-06-23
Lunchskins Compostable Gallon Bags,Harris Teeter,5.49,other,2026-07-15,2026-08-11
Lunchskins Ziptop Compostable Freezer-Safe Snack Storage Bags,Harris Teeter,3.99,other,2026-07-15,2026-08-11
Luxardo Maraschino Cherries,Harris Teeter,19.99,other,2026-06-17,2026-07-14
Lysol Disinfectant Spray or Air Sanitizer,Harris Teeter,7.29,other,2026-06-03,2026-06-09
Maille Cornichons,Harris Teeter,6.99,other,2026-06-17,2026-07-14
Maison Perrier or SanPellegrino,Harris Teeter,12.0,other,2026-05-20,2026-05-26
Maraschino Cherries,Harris Teeter,4.49,other,2026-06-17,2026-07-14
Marie's Salad Dressing,Harris Teeter,3.99,other,2026-07-01,2026-07-07
Mario Sliced Ripe Olives,Harris Teeter,3.0,other,2026-05-06,2026-05-12
Master Of Mixes Margarita Mix,Harris Teeter,7.99,other,2026-06-17,2026-07-14
McCormick Black Pepper,Harris Teeter,4.99,other,2026-07-01,2026-07-07
McCormick Black Pepper,Harris Teeter,4.99,other,2026-09-02,2026-09-08
Melissa's Clean Snax,Harris Teeter,10.0,other,2026-06-17,2026-07-14
Melissa's Clean Snax,Harris Teeter,10.0,other,2026-07-15,2026-08-11
Menage Red Blend Cook's Brut or Bogle,Harris Teeter,8.49,other,2026-06-03,2026-06-09
Mentos Bottled Gum,Harris Teeter,3.99,other,2026-05-06,2026-05-12
Meow Mix Cat Food,Harris Teeter,5.49,other,2026-05-27,2026-06-02
Meow Mix Dry Cat Food,Harris Teeter,5.49,other,2026-06-03,2026-06-09
Meow Mix Kibble Cat Food,Harris Teeter,9.99,other,2026-07-22,2026-07-28
Method All Purpose Cleaner,Harris Teeter,3.99,other,2026-07-01,2026-07-07
Mighty Spark Snack Sticks,Harris Teeter,6.99,other,2026-05-20,2026-06-16
Mission Carb Balance Soft Taco,Harris Teeter,9.0,other,2026-07-01,2026-07-07
Mixed Colors 4 inch Daisies,Harris Teeter,4.99,other,2026-06-03,2026-06-09
Modern Mill Salad Toppers,Harris Teeter,5.99,other,2026-06-17,2026-07-14
Monk Fruit in the Raw,Harris Teeter,7.29,other,2026-06-03,2026-06-09
Morning Star Farms,Harris Teeter,3.99,other,2026-06-03,2026-06-09
Morning Star Farms,Harris Teeter,6.99,other,2026-06-17,2026-06-23
"Morning Star Farms Burgers, Wings or BBQ Riblets",Harris Teeter,6.99,other,2026-04-22,2026-04-28
Morning Star Farms Ribs,Harris Teeter,6.99,other,2026-05-20,2026-05-26
Morton Season All,Harris Teeter,4.0,other,2026-09-02,2026-09-08
Mother's Day Bouquet,Harris Teeter,14.99,other,2026-05-06,2026-05-12
Mother's Day Floral Bouquet,Harris Teeter,14.99,other,2026-05-06,2026-05-12
Mr. Clean Clean Freak with Spray,Harris Teeter,5.99,other,2026-06-17,2026-06-23
Mr. Clean Multi-Surface Cleaner,Harris Teeter,2.99,other,2026-09-02,2026-09-08
Mrs. Meyer's Dish Soap,Harris Teeter,3.99,other,2026-04-22,2026-04-28
Mrs. Meyers Dish Detergent,Harris Teeter,3.99,other,2026-07-22,2026-07-28
Multi Purpose BIC Lighter,Harris Teeter,4.99,other,2026-05-20,2026-05-26
My Gratitude Bouquet,Harris Teeter,12.99,other,2026-04-29,2026-05-05
NATIVE Toothpaste,Harris Teeter,4.0,other,2026-04-29,2026-05-05
Nature's Path Waffles,Harris Teeter,6.0,other,2026-05-06,2026-05-12
Nature's Recipe Dry Dog Food,Harris Teeter,26.99,other,2026-04-29,2026-05-05
Nature's Recipe Wet Dog Food,Harris Teeter,1.29,other,2026-07-01,2026-07-07
Nestle Baking Morsels,Harris Teeter,10.0,other,2026-09-02,2026-09-08
Nestle Drumstick Variety Pack,Harris Teeter,6.99,other,2026-07-01,2026-07-07
"750 ml. Noble Vines, Chateau Ste. Michelle or 1.5 ltr. Woodbridge",Harris Teeter,8.49,other,2026-06-03,2026-06-09
NoDa,Harris Teeter,17.99,other,2026-06-03,2026-06-09
Nonni's Biscotti,Harris Teeter,7.0,other,2026-06-03,2026-06-09
Nonni's Thinaddictives,Harris Teeter,7.0,other,2026-04-22,2026-04-28
Noosa Finest Yoghurt,Harris Teeter,5.0,other,2026-04-29,2026-05-05
Noosa Finest Yoghurt,Harris Teeter,5.0,other,2026-06-10,2026-06-16
OFF! Adults or Kids Insect Repellent,Harris Teeter,8.99,other,2026-05-20,2026-05-26
Off! Clean Feel Mist,Harris Teeter,11.99,other,2026-05-27,2026-06-02
Off! Clean Feel Mist,Harris Teeter,11.99,other,2026-06-17,2026-06-23
Old El Paso Dinner Kits,Harris Teeter,6.0,other,2026-07-22,2026-07-28
Old Mother Hubbard Dog Treats,Harris Teeter,4.49,other,2026-05-20,2026-05-26
Olde Mecklenberg,Harris Teeter,17.99,other,2026-05-06,2026-05-12
Olde Mecklenberg,Harris Teeter,17.99,other,2026-07-01,2026-07-07
Ore-Ida Fries,Harris Teeter,4.49,other,2026-04-29,2026-05-05
Organicgirl Salad,Harris Teeter,3.99,other,2026-04-22,2026-04-28
Oscar Mayer Fun Pack Lunchables,Harris Teeter,6.0,other,2026-05-06,2026-05-12
Outshine Fruit Bars,Harris Teeter,3.99,other,2026-07-22,2026-07-28
Owen's Mixers,Harris Teeter,10.0,other,2026-06-10,2026-06-16
Pacific Organic Broth,Harris Teeter,6.0,other,2026-04-29,2026-05-05
Pacific Organic Broth,Harris Teeter,6.0,other,2026-05-20,2026-05-26
Pacific Organic Broth,Harris Teeter,6.0,other,2026-09-02,2026-09-08
Pacific Organic Broths,Harris Teeter,6.0,other,2026-07-01,2026-07-07
Pacific Organic Condensed Soup,Harris Teeter,6.0,other,2026-04-22,2026-04-28
Pacific Organic Soup,Harris Teeter,3.99,other,2026-04-22,2026-04-28
Pacific Organic Soup,Harris Teeter,6.0,other,2026-04-22,2026-04-28
Pacific Organic Soup,Harris Teeter,3.99,other,2026-05-20,2026-05-26
Pacific Organic Soup,Harris Teeter,6.0,other,2026-09-02,2026-09-08
Pacific Organic Soups,Harris Teeter,3.99,other,2026-07-01,2026-07-07
Pacific Organic Stock,Harris Teeter,8.0,other,2026-09-02,2026-09-08
Value Pack Mentos Gum,Harris Teeter,6.99,other,2026-06-10,2026-06-16
Palmetto Pimento Cheese,Harris Teeter,6.99,other,2026-09-02,2026-09-08
Palmolive Dish Detergent,Harris Teeter,2.79,other,2026-05-06,2026-05-12
Pampers 360° Diapers,Harris Teeter,4.0,other,2026-05-27,2026-06-02
Peace Tea,Harris Teeter,3.0,other,2026-04-29,2026-05-05
Peace Tea,Harris Teeter,5.0,other,2026-06-10,2026-06-16
Pearl Milling Company Syrup,Harris Teeter,6.0,other,2026-07-01,2026-07-07
Peeled Tomatillos,Harris Teeter,3.79,other,2026-04-29,2026-05-05
Pepperidge Farm Goldfish,Harris Teeter,7.99,other,2026-05-06,2026-05-12
Pepperidge Farm Goldfish,Harris Teeter,5.0,other,2026-05-13,2026-05-19
Pepperidge Farm Goldfish,Harris Teeter,7.99,other,2026-05-20,2026-05-26
Pepperidge Farm Goldfish,Harris Teeter,7.99,other,2026-05-27,2026-06-02
Pepperidge Farm Goldfish,Harris Teeter,3.0,other,2026-06-03,2026-06-09
Pepperidge Farm Goldfish,Harris Teeter,4.0,other,2026-07-01,2026-07-07
Perdue Perfect Portions,Harris Teeter,9.99,other,2026-04-22,2026-04-28
Perdue Perfect Portions,Harris Teeter,9.99,other,2026-07-22,2026-07-28
Perfect Bar Mini Bars,Harris Teeter,7.99,other,2026-04-29,2026-05-05
Perfect Bar Mini Snack Bars,Harris Teeter,7.99,other,2026-09-02,2026-09-08
Perfect Bar Mini Snack Size,Harris Teeter,7.99,other,2026-05-13,2026-05-19
Persil Laundry Detergent,Harris Teeter,13.99,other,2026-04-22,2026-04-28
Persil Laundry Detergent,Harris Teeter,12.99,other,2026-06-03,2026-06-09
Persil Original Liquid Laundry Detergent,Harris Teeter,3.99,other,2026-05-06,2026-05-12
Persil Original Liquid Laundry Detergent,Harris Teeter,3.99,other,2026-05-13,2026-05-19
Persil Original Liquid Laundry Detergent,Harris Teeter,12.99,other,2026-07-22,2026-07-28
Pet Pride Adult Dog Food,Harris Teeter,13.99,other,2026-08-12,2026-09-08
pet Pride Dog Dental Chews,Harris Teeter,9.99,other,2026-05-27,2026-06-02
Pillsbury Toaster Strudel,Harris Teeter,5.0,other,2026-05-06,2026-05-12
Poppi Singles,Harris Teeter,10.0,other,2026-05-27,2026-06-02
Porta Pizza,Harris Teeter,9.99,other,2026-06-17,2026-07-14
President Whipped Creme,Harris Teeter,4.99,other,2026-06-17,2026-06-23
Primal Kitchen Dipping Sauce,Harris Teeter,6.99,other,2026-07-01,2026-07-07
Primal Kitchen Dipping Sauces,Harris Teeter,6.99,other,2026-05-27,2026-06-02
Primal Kitchen Salad Dressing,Harris Teeter,4.49,other,2026-07-01,2026-07-07
Prime Ground Patty,Harris Teeter,10.0,other,2026-06-03,2026-06-09
Pringles Party Stacks,Harris Teeter,5.0,other,2026-07-22,2026-07-28
Private Selection Burgers,Harris Teeter,13.99,other,2026-05-20,2026-05-26
Private Selection Capote Capers,Harris Teeter,1.99,other,2026-05-06,2026-05-12
Private Selection Chili Crisp,Harris Teeter,3.99,other,2026-05-27,2026-06-02
Private Selection Chuck Patties,Harris Teeter,12.0,other,2026-05-20,2026-05-26
Private Selection Chuck Patties,Harris Teeter,12.0,other,2026-07-01,2026-07-07
Private Selection Citrus Capers,Harris Teeter,2.19,other,2026-08-12,2026-09-08
Private Selection Grinders,Harris Teeter,3.99,other,2026-06-03,2026-06-09
Private Selection Pizza,Harris Teeter,5.99,other,2026-05-27,2026-06-02
Private Selection Pizza,Harris Teeter,6.99,other,2026-06-17,2026-06-23
Private Selection Pizza,Harris Teeter,5.49,other,2026-07-22,2026-07-28
Private Selection Pizzas,Harris Teeter,7.99,other,2026-08-12,2026-09-08
Private Selection Pre-Sliced Meats & Cheeses,Harris Teeter,5.99,other,2026-05-20,2026-05-26
Private Selection Pure Vanilla Extract,Harris Teeter,7.99,other,2026-04-22,2026-04-28
Private Selection Salad Bowls,Harris Teeter,5.0,other,2026-08-12,2026-09-08
Private Selection Salad Dressing,Harris Teeter,3.29,other,2026-05-13,2026-05-19
Private Selection Salad Kits,Harris Teeter,8.0,other,2026-04-22,2026-04-28
Private Selection Salad Kits,Harris Teeter,4.49,other,2026-05-27,2026-06-02
Private Selection Simmer Sauce,Harris Teeter,2.99,other,2026-05-27,2026-06-02
Private Selection Simmer Sauce,Harris Teeter,3.49,other,2026-09-02,2026-09-08
Private Selection Spreads,Harris Teeter,3.79,other,2026-09-02,2026-09-08
Pub Burgers,Harris Teeter,6.99,other,2026-05-20,2026-05-26
Puffs Mega Ultra Soft Facial Tissues,Harris Teeter,6.99,other,2026-04-22,2026-04-28
PUR Pitcher Filter,Harris Teeter,16.99,other,2026-09-02,2026-09-08
Purex Laundry Detergent,Harris Teeter,9.99,other,2026-05-13,2026-05-19
Purex Laundry Detergent,Harris Teeter,9.99,other,2026-07-01,2026-07-07
Purina Busy Bone,Harris Teeter,9.99,other,2026-06-03,2026-06-09
Purina Cat Chow,Harris Teeter,18.99,other,2026-04-29,2026-05-05
Purina Cat Chow,Harris Teeter,11.99,other,2026-06-10,2026-06-16
Purina ONE True Instinct Dog Food,Harris Teeter,5.0,other,2026-09-02,2026-09-08
Purina Zuke's Mini Naturals,Harris Teeter,7.0,other,2026-05-13,2026-05-19
Quaker Express Cups,Harris Teeter,5.0,other,2026-07-01,2026-07-07
Rachael Ray Nutrish Cat Food,Harris Teeter,7.49,other,2026-09-02,2026-09-08
Rachael Ray Nutrish Dry Cat Food,Harris Teeter,6.99,other,2026-05-20,2026-05-26
Rachael Ray Nutrition Can Dog Food,Harris Teeter,4.0,other,2026-06-10,2026-06-16
Rachel Ray Nutrish Wet Dog Food,Harris Teeter,4.0,other,2026-06-03,2026-06-09
Ragu,Harris Teeter,5.0,other,2026-04-22,2026-04-28
Rao's Alfredo or Marinara Sauce,Harris Teeter,6.49,other,2026-09-02,2026-09-08
Rao's Alfredo Sauce,Harris Teeter,6.49,other,2026-07-01,2026-07-07
Rao's Brick Oven Pizza,Harris Teeter,9.99,other,2026-09-02,2026-09-08
Rao's Limited Reserve,Harris Teeter,10.99,other,2026-07-01,2026-07-07
24 oz. Rao's Marinara or 15 oz. Alfredo Sauce,Harris Teeter,5.97,other,2026-04-29,2026-05-05
Rao's Marinara Sauce,Harris Teeter,10.99,other,2026-09-02,2026-09-08
Rao's Pesto Sauce,Harris Teeter,4.49,other,2026-07-01,2026-07-07
Rao's Sauce,Harris Teeter,5.97,other,2026-07-01,2026-07-07
Rao's Slow Simmered Soup,Harris Teeter,7.0,other,2026-07-01,2026-07-07
Rao's Soup,Harris Teeter,7.0,other,2026-04-29,2026-05-05
Rao's Soup,Harris Teeter,7.0,other,2026-05-20,2026-05-26
Rao's Soup,Harris Teeter,7.0,other,2026-09-02,2026-09-08
Ratio Protein,Harris Teeter,3.0,other,2026-05-27,2026-06-02
Real Infused Syrup,Harris Teeter,6.99,other,2026-06-17,2026-07-14
Recover 180 Organic Hydration Drink,Harris Teeter,4.0,other,2026-06-03,2026-06-09
Red Baron Breakfast Scrambles,Harris Teeter,10.0,other,2026-05-13,2026-05-19
Red Baron Deep Dish Pizza,Harris Teeter,8.99,other,2026-07-22,2026-07-28
Red Baron Pizza,Harris Teeter,2.49,other,2026-04-22,2026-04-28
Red Baron Pizza,Harris Teeter,3.99,other,2026-05-06,2026-05-12
Red Baron Pizza,Harris Teeter,2.97,other,2026-06-17,2026-06-23
Red Baron Pizza,Harris Teeter,10.0,other,2026-07-22,2026-07-28
Reddi Wip Topping,Harris Teeter,6.0,other,2026-07-22,2026-07-28
Refresher Bouquet,Harris Teeter,12.99,other,2026-06-03,2026-06-09
Remembrance Bouquet,Harris Teeter,10.99,other,2026-05-20,2026-05-26
Repurpose 100% Compostable Cold Cups,Harris Teeter,6.99,other,2026-07-15,2026-08-11
Repurpose 100% Over Compostable Cold Cups,Harris Teeter,6.99,other,2026-05-20,2026-06-16
Resolve Carpet Cleaner,Harris Teeter,5.99,other,2026-07-22,2026-07-28
Rib Rack Rubs,Harris Teeter,2.97,other,2026-06-03,2026-06-09
Roar Organic Water,Harris Teeter,5.0,other,2026-05-13,2026-05-19
Rose Blossom Mixed Bouquet,Harris Teeter,12.99,other,2026-05-06,2026-05-12
RXBar,Harris Teeter,5.0,other,2026-06-03,2026-06-09
The Ryl Co Tea,Harris Teeter,5.0,other,2026-05-20,2026-06-16
Ryl Tea,Harris Teeter,5.0,other,2026-05-20,2026-05-26
Sabra Grab and Go Snack Packs,Harris Teeter,5.0,other,2026-06-17,2026-06-23
"Sam Adams, Sierra Nevada, New Belgium or Wicked Weed",Harris Teeter,16.99,other,2026-04-29,2026-05-05
"Samuel Adams, New Belgium, Sierra Nevada or Wicked Weed",Harris Teeter,15.97,other,2026-06-10,2026-06-16
San Pellegrino Ciao or Maison Perrier French Kiss,Harris Teeter,11.0,other,2026-07-22,2026-07-28
San Pellegrino or Maison Perrier French Kiss,Harris Teeter,11.0,other,2026-04-29,2026-05-05
Sargento Balanced Breaks,Harris Teeter,6.79,other,2026-05-13,2026-05-19
Scoop Away Multi-Cat Cat Litter,Harris Teeter,11.99,other,2026-07-01,2026-07-07
Scrub Daddy or Mommy,Harris Teeter,3.79,other,2026-05-13,2026-05-19
"Seaglass, Murphy Goode or Rodney Strong",Harris Teeter,9.34,other,2026-05-06,2026-05-12
Second Nature Trial Mix,Harris Teeter,5.99,other,2026-07-22,2026-07-28
Secret Clinical Antiperspirant/ Deodorant,Harris Teeter,1.5,other,2026-05-27,2026-06-02
Shameless Pets Dog Treats,Harris Teeter,3.99,other,2026-05-20,2026-06-16
Shamrock Farms Rockin' Protein,Harris Teeter,5.0,other,2026-04-22,2026-04-28
Sheba Perfect Portions,Harris Teeter,25.99,other,2026-05-06,2026-05-12
Sheba Perfect Portions Wet Cat Food,Harris Teeter,6.0,other,2026-06-17,2026-06-23
"Sierra Nevada, New Belgium, Sam Adams or Wicked Weed",Harris Teeter,15.99,other,2026-07-22,2026-07-28
Simple Mills Mixes,Harris Teeter,7.99,other,2026-05-20,2026-06-16
Simple Mills Sweet Thins,Harris Teeter,9.0,other,2026-05-20,2026-06-16
Simple Mills Trail Bars,Harris Teeter,6.99,other,2026-07-15,2026-08-11
Simple Truth Organic 90 Second Rice,Harris Teeter,5.0,other,2026-06-03,2026-06-09
Simple Truth Organic Baked Tofu,Harris Teeter,4.29,other,2026-06-17,2026-07-14
Simple Truth Bath Tissue,Harris Teeter,5.99,other,2026-04-22,2026-04-28
Simple Truth Bath Tissue,Harris Teeter,5.99,other,2026-05-20,2026-05-26
Simple Truth Bath Tissue,Harris Teeter,5.99,other,2026-06-17,2026-06-23
Simple Truth Organic Beans,Harris Teeter,5.0,other,2026-07-22,2026-07-28
Simple Truth Organic Blueberries,Harris Teeter,8.99,other,2026-04-22,2026-04-28
Simple Truth Organic Blueberries,Harris Teeter,8.99,other,2026-04-22,2026-05-19
Simple Truth Organic Blueberries,Harris Teeter,8.99,other,2026-07-15,2026-08-11
Simple Truth Organic Broth,Harris Teeter,5.0,other,2026-07-01,2026-07-07
Simple Truth Dish Pack or Laundry Pacs,Harris Teeter,8.99,other,2026-07-22,2026-07-28
Simple Truth Dryers Sheets,Harris Teeter,4.69,other,2026-05-13,2026-05-19
"Simple Truth Firm, Extra Firm or Silken Organic Tofu",Harris Teeter,6.0,other,2026-05-20,2026-05-26
Simple Truth Free & Clear Laundry Pacs or Dish Pacs,Harris Teeter,9.49,other,2026-05-06,2026-05-12
Simple Truth Organic Frozen Fruit,Harris Teeter,6.0,other,2026-05-13,2026-05-19
Simple Truth Organic Frozen Fruit,Harris Teeter,6.0,other,2026-06-03,2026-06-09
Simple Truth Organic Frozen Fruit,Harris Teeter,6.0,other,2026-09-02,2026-09-08
Simple Truth Organic Fruit & Grain Bars,Harris Teeter,5.0,other,2026-06-10,2026-06-16
Simple Truth Organic Half & Half,Harris Teeter,4.49,other,2026-05-27,2026-06-02
Simple Truth Organic Laundry Detergent,Harris Teeter,8.99,other,2026-05-13,2026-05-19
Simple Truth Organic Laundry Detergent,Harris Teeter,8.99,other,2026-06-10,2026-06-16
Simple Truth Laundry Pacs or Dish Pacs,Harris Teeter,9.99,other,2026-06-03,2026-06-09
Simple Truth Lavender Dryer Sheets,Harris Teeter,4.69,other,2026-06-10,2026-06-16
Simple Truth Organic Margarita Mix,Harris Teeter,6.99,other,2026-04-29,2026-05-05
Simple Truth Napkins,Harris Teeter,2.49,other,2026-04-22,2026-04-28
Simple Truth Napkins,Harris Teeter,2.49,other,2026-05-20,2026-05-26
Simple Truth Organic or Private Selection Pizza,Harris Teeter,5.99,other,2026-05-13,2026-05-19
Simple Truth or Simple Truth Organic 90 Second Rice,Harris Teeter,5.0,other,2026-07-22,2026-07-28
Simple Truth Organic Peppers,Harris Teeter,3.99,other,2026-04-22,2026-05-19
Simple Truth Organic Peppers,Harris Teeter,4.49,other,2026-06-10,2026-06-16
Simple Truth Organic Peppers,Harris Teeter,4.49,other,2026-08-12,2026-09-08
Simple Truth Plates & Bowls,Harris Teeter,4.79,other,2026-05-27,2026-06-02
"Simple Truth Plates, Bowls or Platters",Harris Teeter,4.79,other,2026-09-02,2026-09-08
Simple Truth Plates or Bowls,Harris Teeter,4.99,other,2026-04-29,2026-05-05
Simple Truth Organic Pre-Sliced Meats,Harris Teeter,6.99,other,2026-09-02,2026-09-08
Simple Truth Protein Waffles,Harris Teeter,4.99,other,2026-07-15,2026-08-11
Simple Truth Organic Roasted Seaweed,Harris Teeter,5.0,other,2026-05-13,2026-05-19
Simple Truth Organic Salad Dressing,Harris Teeter,7.0,other,2026-04-29,2026-05-05
Simple Truth Organic Salad Dressing,Harris Teeter,7.0,other,2026-05-20,2026-05-26
Simple Truth Organic Salads,Harris Teeter,6.99,other,2026-06-10,2026-06-16
Simple Truth Organic Seaweed Snack,Harris Teeter,0.99,other,2026-05-27,2026-06-02
Simple Truth Organic Vegetables,Harris Teeter,5.0,other,2026-04-29,2026-05-05
Simple Truth Organic Vegetables,Harris Teeter,5.0,other,2026-06-10,2026-06-16
Simple Truth Organic Vegetables,Harris Teeter,5.0,other,2026-07-01,2026-07-07
Simple Truth Organic Vegetables,Harris Teeter,5.0,other,2026-09-02,2026-09-08
Simply,Harris Teeter,5.0,other,2026-07-01,2026-07-07
Simply Snacks,Harris Teeter,5.0,other,2026-04-29,2026-05-05
4 Sisters Organic Rice,Harris Teeter,6.99,other,2026-07-15,2026-08-11
Family Size Cheez-lt,Harris Teeter,4.99,other,2026-06-17,2026-06-23
Skippy P.B. Bites,Harris Teeter,7.0,other,2026-05-20,2026-05-26
SMART Organic Drumsticks,Harris Teeter,3.99,other,2026-05-13,2026-05-19
Smart Ones Frozen Entrees,Harris Teeter,10.0,other,2026-05-06,2026-05-12
Smart Ones Frozen Entrees,Harris Teeter,10.0,other,2026-07-01,2026-07-07
Smart Ones Frozen Entrees,Harris Teeter,10.0,other,2026-09-02,2026-09-08
Smartwater,Harris Teeter,10.99,other,2026-05-13,2026-05-19
Smartwater,Harris Teeter,10.99,other,2026-07-01,2026-07-07
Smash Kitchen Condiments,Harris Teeter,9.0,other,2026-05-20,2026-06-16
"Smirnoff, Mike's Hard or Shiner Bock",Harris Teeter,9.99,other,2026-07-01,2026-07-07
Smithfield Boston Butt,Harris Teeter,1.49,other,2026-05-06,2026-05-12
Smucker's Spreads,Harris Teeter,5.0,other,2026-05-13,2026-05-19
Smucker's Spreads,Harris Teeter,5.0,other,2026-06-10,2026-06-16
Smucker's Uncrustables,Harris Teeter,3.99,other,2026-04-22,2026-04-28
Smucker's Uncrustables,Harris Teeter,3.99,other,2026-05-20,2026-05-26
Snak.Saks,Harris Teeter,6.0,other,2026-07-22,2026-07-28
Solo Bold Hold Plates or Bowls,Harris Teeter,4.99,other,2026-07-01,2026-07-07
Sour Patch Kids or Swedish Fish,Harris Teeter,4.29,other,2026-04-29,2026-05-05
Sour Patch Kids or Swedish Fish,Harris Teeter,5.0,other,2026-05-13,2026-05-19
Sour Patch Kids or Swedish Fish,Harris Teeter,4.29,other,2026-05-27,2026-06-02
Sour Patch Kids or Swedish Fish,Harris Teeter,7.99,other,2026-06-10,2026-06-16
Sour Patch Kids or Swedish Fish,Harris Teeter,5.0,other,2026-06-17,2026-06-23
Sour Patch Kids or Swedish Fish,Harris Teeter,2.79,other,2026-09-02,2026-09-08
SPAM Korean BBQ,Harris Teeter,7.0,other,2026-05-20,2026-05-26
Sparkle Paper Towels,Harris Teeter,7.99,other,2026-06-10,2026-06-16
Sparkle Paper Towels,Harris Teeter,2.99,other,2026-07-01,2026-07-07
Sparkle Paper Towels,Harris Teeter,6.99,other,2026-09-02,2026-09-08
Sparkling Ice,Harris Teeter,5.0,other,2026-06-10,2026-06-16
Sparkling Ice Caffeine,Harris Teeter,5.0,other,2026-06-03,2026-06-09
Spindrift Tea,Harris Teeter,7.99,other,2026-06-17,2026-06-23
St. Elmo Cocktail Sauce,Harris Teeter,6.99,other,2026-07-22,2026-07-28
Starbucks Refreshers,Harris Teeter,8.99,other,2026-09-02,2026-09-08
Stargazer Lily,Harris Teeter,22.99,other,2026-05-06,2026-05-12
Stellar Eats Baking Mixes,Harris Teeter,8.99,other,2026-05-20,2026-06-16
STEM Light Trap Refills,Harris Teeter,8.99,other,2026-05-20,2026-05-26
STEM Light Trap Starter Kit,Harris Teeter,21.99,other,2026-05-20,2026-05-26
Fresh Step Crystals Cat Litter,Harris Teeter,22.99,other,2026-06-03,2026-06-09
Fresh Step Crystals Cat Litter,Harris Teeter,22.99,other,2026-06-17,2026-06-23
Stevia In The Raw,Harris Teeter,3.39,other,2026-06-03,2026-06-09
Sticky Fingers Barbecue Sauce,Harris Teeter,6.0,other,2026-06-17,2026-06-23
Stouffer's or Lean Cuisine Entrees,Harris Teeter,10.0,other,2026-05-06,2026-05-12
Stouffer's or Lean Cuisine Entrees,Harris Teeter,6.0,other,2026-07-01,2026-07-07
Stouffer's Single Serve Lasagna,Harris Teeter,3.99,other,2026-05-13,2026-05-19
Stouffer's Supreme Shells & Cheese,Harris Teeter,8.0,other,2026-05-06,2026-05-12
Stubb's Bar-B-Q Sauce,Harris Teeter,4.49,other,2026-07-22,2026-07-28
Succulent Garden Bowl,Harris Teeter,19.99,other,2026-05-20,2026-05-26
Suddenly Salad,Harris Teeter,4.0,other,2026-05-20,2026-05-26
Suja Organic Wellness Shots,Harris Teeter,5.0,other,2026-04-22,2026-04-28
Suja Organic Wellness Shots,Harris Teeter,5.0,other,2026-04-22,2026-05-19
Sunlit Petals Bouquet,Harris Teeter,12.99,other,2026-07-22,2026-07-28
Sunny D Tangy Drink,Harris Teeter,5.99,other,2026-05-06,2026-05-12
Sunrise Joy Bouquet,Harris Teeter,15.99,other,2026-07-01,2026-07-07
Sunset Flavor Bombs,Harris Teeter,4.99,other,2026-05-27,2026-06-02
Sunset Flavor Bombs,Harris Teeter,3.99,other,2026-07-01,2026-07-07
Sunset Lolli Seedless Peppers,Harris Teeter,3.99,other,2026-05-13,2026-05-19
Supreme Source Dry Dog Food,Harris Teeter,9.99,other,2026-04-22,2026-04-28
Supreme Source Dry Dog Food,Harris Teeter,9.99,other,2026-05-06,2026-05-12
Supreme Source Dry Dog Food,Harris Teeter,19.99,other,2026-05-27,2026-06-02
Supreme Source Mix-Ins,Harris Teeter,7.99,other,2026-06-17,2026-06-23
Swanson Broth or Stock,Harris Teeter,1.77,other,2026-04-29,2026-05-05
Swanson Broth or Stock,Harris Teeter,1.77,other,2026-05-20,2026-05-26
Swanson Broths,Harris Teeter,1.77,other,2026-07-01,2026-07-07
Swiffer Refills,Harris Teeter,8.99,other,2026-04-29,2026-05-05
Swiffer Refills,Harris Teeter,9.99,other,2026-05-27,2026-06-02
Swiffer Refills,Harris Teeter,8.79,other,2026-09-02,2026-09-08
Swiffer Wet and Dry Refills,Harris Teeter,6.29,other,2026-05-13,2026-05-19
Taco Bell Dinner or Shells,Harris Teeter,6.0,other,2026-05-27,2026-06-02
Take and Bake Pizza,Harris Teeter,10.0,other,2026-07-22,2026-07-28
TGI Fridays Appetizers,Harris Teeter,8.0,other,2026-04-29,2026-05-05
TGI Fridays Appetizers,Harris Teeter,8.0,other,2026-05-27,2026-06-02
TGI Fridays Appetizers,Harris Teeter,8.0,other,2026-07-22,2026-07-28
Thomas Farms Grass Fed Patties,Harris Teeter,6.99,other,2026-05-20,2026-05-26
Thomas Foods Grass-Fed Patty,Harris Teeter,7.49,other,2026-09-02,2026-09-08
Tide Evo Laundry Detergent,Harris Teeter,9.99,other,2026-05-20,2026-05-26
Tide Laundry Detergent,Harris Teeter,4.99,other,2026-06-10,2026-06-16
Tide Liquid Laundry Detergent,Harris Teeter,12.99,other,2026-05-20,2026-05-26
Tide Liquid Laundry Detergent,Harris Teeter,9.99,other,2026-05-27,2026-06-02
Tide or Downy Rinse,Harris Teeter,9.99,other,2026-05-27,2026-06-02
Tide PODS Laundry Detergent,Harris Teeter,9.99,other,2026-05-27,2026-06-02
Tidy Cats Cat Litter,Harris Teeter,11.49,other,2026-05-13,2026-05-19
Tidy Cats Lightweight Cat Litter,Harris Teeter,15.29,other,2026-05-20,2026-05-26
Tillamook Chunk Cheese,Harris Teeter,3.99,other,2026-06-17,2026-06-23
Tillamook Chunk Cheese,Harris Teeter,7.0,other,2026-09-02,2026-09-08
Tony's Chocolonely Bars,Harris Teeter,4.49,other,2026-04-29,2026-05-05
Tony's Chocolonely Bars,Harris Teeter,4.59,other,2026-05-27,2026-06-02
Topo Chico Sabores,Harris Teeter,8.49,other,2026-04-29,2026-05-05
Topo Chico Sabores,Harris Teeter,6.99,other,2026-06-03,2026-06-09
Topo Chico Sabores,Harris Teeter,8.49,other,2026-06-17,2026-06-23
Torani Flavored Syrups,Harris Teeter,4.99,other,2026-07-15,2026-08-11
Torani Syrup,Harris Teeter,4.99,other,2026-06-17,2026-07-14
Torani Syrups,Harris Teeter,4.99,other,2026-05-20,2026-06-16
Totino's Ultimate Pizza,Harris Teeter,4.0,other,2026-04-22,2026-04-28
Trident Gum,Harris Teeter,3.99,other,2026-07-01,2026-07-07
Trident Singles,Harris Teeter,3.0,other,2026-04-22,2026-04-28
Trident Singles,Harris Teeter,3.0,other,2026-06-03,2026-06-09
Tropicana Hydrate,Harris Teeter,6.0,other,2026-05-20,2026-05-26
Tropicana Hydrate,Harris Teeter,6.0,other,2026-07-22,2026-07-28
Tru Fru,Harris Teeter,6.69,other,2026-05-06,2026-05-12
Trubar Kids Bar,Harris Teeter,5.99,other,2026-07-15,2026-08-11
Tuffy 3 Way Tug Dog Toy,Harris Teeter,12.99,other,2026-04-22,2026-04-28
Tulips in Glass Vienna Vase,Harris Teeter,14.99,other,2026-05-06,2026-05-12
Twisted Tea,Harris Teeter,16.99,other,2026-06-03,2026-06-09
Tyson Frozen Chicken,Harris Teeter,8.99,other,2026-06-03,2026-06-09
Tyson Frozen Chicken,Harris Teeter,6.99,other,2026-06-17,2026-06-23
Tyson Dino Nuggets,Harris Teeter,13.49,other,2026-06-03,2026-06-09
Tyson Nugget Cups or Stuffed Sandwiches,Harris Teeter,8.0,other,2026-07-01,2026-07-07
Organic Valley Protein Plus,Harris Teeter,4.99,other,2026-05-27,2026-06-02
Vanity Fair Extra Absorbent Napkins,Harris Teeter,5.49,other,2026-07-22,2026-07-28
Vanity Fair Napkins,Harris Teeter,5.49,other,2026-05-20,2026-05-26
Vanity Fair Napkins or Dixie Ultra Paper Plates,Harris Teeter,5.49,other,2026-09-02,2026-09-08
Velveeta Load,Harris Teeter,7.99,other,2026-05-20,2026-05-26
Velveeta Loaf,Harris Teeter,6.99,other,2026-06-17,2026-06-23
Velveeta Loaf,Harris Teeter,6.99,other,2026-07-01,2026-07-07
Velveeta Loaf,Harris Teeter,6.99,other,2026-09-02,2026-09-08
Velveeta or Kraft Restaurant Edition Mac & Cheese,Harris Teeter,6.0,other,2026-04-29,2026-05-05
2 pk. Velveeta Shells or 4 pk. Kraft Cups or 2 pk. Big Cups,Harris Teeter,4.99,other,2026-06-17,2026-06-23
Velveeta Shells or Kraft Dinners Gluten Free Mac & Cheese,Harris Teeter,3.99,other,2026-06-17,2026-06-23
Viva Paper Towels,Harris Teeter,10.99,other,2026-05-13,2026-05-19
Viva Paper Towels,Harris Teeter,15.99,other,2026-05-27,2026-06-02
Viva Paper Towels,Harris Teeter,14.99,other,2026-07-22,2026-07-28
Viva Paper Towels,Harris Teeter,5.99,other,2026-09-02,2026-09-08
"Wente, Nobilo or Matua",Harris Teeter,11.99,other,2026-06-10,2026-06-16
Whispering Angel Rosé,Harris Teeter,19.19,other,2026-04-29,2026-05-05
Whispering Angel Rosé,Harris Teeter,24.99,other,2026-05-20,2026-05-26
Whispering Angel Rosé,Harris Teeter,23.99,other,2026-07-01,2026-07-07
White Castle Sliders,Harris Teeter,4.99,other,2026-04-29,2026-05-05
Wild Caught Haddock Fillets,Harris Teeter,12.99,other,2026-04-22,2026-04-28
Wild Caught Haddock Fillets,Harris Teeter,19.99,other,2026-09-02,2026-09-08
Woodbridge,Harris Teeter,9.99,other,2026-07-01,2026-07-07
Woodbridge,Harris Teeter,7.99,other,2026-07-22,2026-07-28
Woolite Carpet Cleaner,Harris Teeter,4.99,other,2026-04-29,2026-05-05
Woolite Fabric & Upholstery Cleaner,Harris Teeter,4.99,other,2026-05-06,2026-05-12
Wyman's Frozen Fruit,Harris Teeter,9.99,other,2026-04-22,2026-04-28
Yasso Novelties,Harris Teeter,4.99,other,2026-04-22,2026-04-28
Yasso Novelties,Harris Teeter,4.99,other,2026-09-02,2026-09-08
Yerba Madre,Harris Teeter,5.0,other,2026-05-27,2026-06-02
Yerba Madre Multi Pack,Harris Teeter,8.99,other,2026-05-06,2026-05-12
Yummy Chicken,Harris Teeter,5.99,other,2026-05-20,2026-05-26
Yummy Dino Buddies,Harris Teeter,8.99,other,2026-04-29,2026-05-05
Zatarain's Family Size Dirty Rice,Harris Teeter,3.49,other,2026-04-29,2026-05-05
"19 Crimes, Crossings or Barone Fini",Lowes Foods,10.49,other,2026-05-06,2026-05-12
"19 Crimes, Matua or Wente",Lowes Foods,11.88,other,2026-04-22,2026-04-28
"19 Crimes, Nobilo or Clos Du Bois",Lowes Foods,8.99,other,2026-06-17,2026-06-23
19 Crimes or Matua,Lowes Foods,12.99,other,2026-06-03,2026-06-09
5-Hour Energy,Lowes Foods,5.0,other,2026-07-01,2026-07-07
8-Piece Fried Chicken,Lowes Foods,6.99,other,2026-04-22,2026-04-28
8-Piece Fried Chicken,Lowes Foods,9.99,other,2026-04-29,2026-05-05
Advil,Lowes Foods,11.99,other,2026-06-10,2026-06-16
Afrin Nasal Spray,Lowes Foods,7.99,other,2026-05-06,2026-05-12
Against the Grain Pizza,Lowes Foods,7.99,other,2026-05-13,2026-05-19
Ajax Dish Soap,Lowes Foods,2.99,other,2026-09-02,2026-09-08
Alba Botanicals Sun Care,Lowes Foods,9.99,other,2026-05-20,2026-05-26
Alba Sun Care,Lowes Foods,9.99,other,2026-07-01,2026-07-07
Alba Sun Care,Lowes Foods,9.99,other,2026-09-02,2026-09-08
All Free & Clear Laundry Detergent,Lowes Foods,4.99,other,2026-05-06,2026-05-12
All Laundry Detergent,Lowes Foods,11.99,other,2026-05-20,2026-05-26
Always Pads or Tampax Tampons,Lowes Foods,7.49,other,2026-04-29,2026-05-05
American Sammich,Lowes Foods,6.99,other,2026-05-27,2026-06-02
Angel Soft Bath Tissue,Lowes Foods,8.99,other,2026-05-06,2026-05-12
Angel Soft Bath Tissue,Lowes Foods,8.99,other,2026-05-20,2026-05-26
Angel Soft Bath Tissue,Lowes Foods,3.88,other,2026-06-17,2026-06-23
Angie's Boom Chicka Pop,Lowes Foods,2.99,other,2026-05-27,2026-06-02
Angie's Boom Chicka Pop,Lowes Foods,2.99,other,2026-06-10,2026-06-16
Angry Orchard or Bold Rock,Lowes Foods,18.99,other,2026-09-02,2026-09-08
D'anjou Pears,Lowes Foods,1.99,other,2026-04-22,2026-04-28
"Apothic, Ménage à Trois or Silver Beach",Lowes Foods,7.99,other,2026-09-02,2026-09-08
Apothic 750 ml Woodbridge or Barefoot 1.5 liter,Lowes Foods,9.88,other,2026-04-22,2026-04-28
Arm & Hammer Cat Litter,Lowes Foods,13.99,other,2026-05-20,2026-05-26
Arm & Hammer Cat Litter,Lowes Foods,7.99,other,2026-06-10,2026-06-16
Arm & Hammer Cat Litter,Lowes Foods,7.99,other,2026-09-02,2026-09-08
Arm & Hammer Detergent or Oxi Clean Remover,Lowes Foods,7.99,other,2026-06-10,2026-06-16
Artisan Harvest Loaf,Lowes Foods,4.99,other,2026-07-22,2026-07-28
Artisan Mini Loaves,Lowes Foods,2.99,other,2026-04-29,2026-05-05
Artisan Mini Loaves,Lowes Foods,2.99,other,2026-06-03,2026-06-09
Astepro Allergy Nasal Spray,Lowes Foods,14.99,other,2026-04-29,2026-05-05
"Athletic, Best Day or Sierra Nevada",Lowes Foods,19.99,other,2026-06-17,2026-06-23
"Athletic, Best Day or Sierra Trailpass",Lowes Foods,18.99,other,2026-05-20,2026-05-26
Athletic or Best Day,Lowes Foods,19.99,other,2026-09-02,2026-09-08
"Athletic, Trail Pass or Hop Splash",Lowes Foods,9.99,other,2026-05-06,2026-05-12
Authentic Asia Meals,Lowes Foods,8.0,other,2026-06-10,2026-06-16
Authentic Asia Meals,Lowes Foods,8.0,other,2026-07-22,2026-07-28
Aveeno Body Lotion,Lowes Foods,9.99,other,2026-05-27,2026-06-02
Aveeno Body Wash,Lowes Foods,7.99,other,2026-05-27,2026-06-02
Babybel,Lowes Foods,8.99,other,2026-05-20,2026-05-26
Babybel Cheese,Lowes Foods,8.99,other,2026-06-10,2026-06-16
Babybel Cheese,Lowes Foods,9.99,other,2026-09-02,2026-09-08
Babybel Mini Cheese,Lowes Foods,4.99,other,2026-04-22,2026-04-28
Babybel Mini Cheese,Lowes Foods,5.49,other,2026-06-17,2026-06-23
Babybel Mini Cheese,Lowes Foods,5.49,other,2026-07-01,2026-07-07
BAG CHILDHOOD HUNGER,Lowes Foods,5.99,other,2026-05-20,2026-05-26
Banquet Mega Bowls or Meals,Lowes Foods,10.0,other,2026-05-27,2026-06-02
"Barefoot, Woodbridge or Sutter Home",Lowes Foods,8.79,other,2026-07-22,2026-07-28
BC Aspirin Powder,Lowes Foods,4.99,other,2026-05-20,2026-05-26
Bear Mountain Pellets,Lowes Foods,9.99,other,2026-07-01,2026-07-07
Bear Mountain Pellets,Lowes Foods,9.99,other,2026-09-02,2026-09-08
BELL'S VICTORY OR HIGHLAND,Lowes Foods,17.99,other,2026-06-17,2026-06-23
Belle Glos,Lowes Foods,3.99,other,2026-06-10,2026-06-16
Ben's Ready Rice,Lowes Foods,1.5,other,2026-04-29,2026-05-05
Ben's Ready Rice,Lowes Foods,3.49,other,2026-05-13,2026-05-19
Ben's Ready Rice,Lowes Foods,1.5,other,2026-06-03,2026-06-09
Beneful Dog Food,Lowes Foods,5.79,other,2026-06-17,2026-06-23
Beneful Dog Food,Lowes Foods,16.99,other,2026-07-22,2026-07-28
Beneful Dry Dog Food,Lowes Foods,16.99,other,2026-05-27,2026-06-02
Beneful Wet Dog Food,Lowes Foods,6.0,other,2026-06-10,2026-06-16
Best Day or Athletic,Lowes Foods,18.99,other,2026-07-22,2026-07-28
Betty Crocker Frosting,Lowes Foods,4.0,other,2026-07-01,2026-07-07
Bi-Color Grapes,Lowes Foods,5.99,other,2026-05-13,2026-05-19
Bi-Color Sweet Corn,Lowes Foods,1.0,other,2026-07-22,2026-07-28
Bic Disposable Razors,Lowes Foods,2.99,other,2026-06-17,2026-06-23
Big Mozz Sticks or Nuggets,Lowes Foods,5.99,other,2026-05-20,2026-05-26
Birds Eye Frozen Vegetables,Lowes Foods,10.0,other,2026-05-06,2026-05-12
Bitchin' Sauce,Lowes Foods,4.99,other,2026-05-13,2026-05-19
Bitchin' Sauce,Lowes Foods,4.99,other,2026-07-01,2026-07-07
Bitchin' Sauce,Lowes Foods,8.0,other,2026-09-02,2026-09-08
"Black Box, Bota Box or Summit",Lowes Foods,14.39,other,2026-09-02,2026-09-08
Black Box or Bota,Lowes Foods,17.88,other,2026-04-29,2026-05-05
"Black Box selected 3 liter or Summit, Matua Bagnum selected 1.5 liter",Lowes Foods,14.39,other,2026-07-22,2026-07-28
Blackberries,Lowes Foods,3.99,other,2026-05-20,2026-05-26
Blackberries,Lowes Foods,1.99,other,2026-05-27,2026-06-02
Blackberries,Lowes Foods,2.99,other,2026-06-03,2026-06-09
Blackberries,Lowes Foods,3.49,other,2026-06-10,2026-06-16
Blackberries,Lowes Foods,1.99,other,2026-06-17,2026-06-23
Natural Bliss Creamer,Lowes Foods,8.0,other,2026-05-27,2026-06-02
Blue Buffalo Dry Dog Food,Lowes Foods,19.99,other,2026-05-13,2026-05-19
Blue Buffalo Dry Dog Food,Lowes Foods,43.99,other,2026-06-03,2026-06-09
Blue Buffalo Dry Dog Food,Lowes Foods,43.99,other,2026-07-22,2026-07-28
Blue Buffalo Fresh Food,Lowes Foods,13.99,other,2026-05-13,2026-05-19
Blue Buffalo Fresh Food,Lowes Foods,6.99,other,2026-05-13,2026-05-19
Blue Buffalo Nudges,Lowes Foods,24.99,other,2026-06-03,2026-06-09
Blue Buffalo Nudges,Lowes Foods,9.49,other,2026-06-17,2026-06-23
Blue Buffalo Wilderness Cat Food,Lowes Foods,22.99,other,2026-09-02,2026-09-08
Blue Lizard Sunscreen,Lowes Foods,17.99,other,2026-07-01,2026-07-07
"Blue Moon, Kona or Leinenkugel's",Lowes Foods,13.88,other,2026-04-29,2026-05-05
Blue Rhino Tank with Exchange,Lowes Foods,16.99,other,2026-05-13,2026-05-19
BodyArmor Sport Drink,Lowes Foods,10.0,other,2026-06-17,2026-06-23
"Boen, Erath or Acrobat",Lowes Foods,16.88,other,2026-04-29,2026-05-05
Boen or Threadcount selected 750 ml or Bota or Black Box selected 3 liter,Lowes Foods,14.99,other,2026-05-13,2026-05-19
Bomb Pop,Lowes Foods,7.0,other,2026-04-29,2026-05-05
Bomb Pop,Lowes Foods,7.0,other,2026-05-20,2026-05-26
Bomb Pop,Lowes Foods,7.0,other,2026-06-10,2026-06-16
Bomb Pop,Lowes Foods,7.0,other,2026-07-01,2026-07-07
Borden American Singles,Lowes Foods,2.99,other,2026-04-29,2026-05-05
Borden American Singles,Lowes Foods,2.99,other,2026-05-27,2026-06-02
Borden American Slices,Lowes Foods,2.99,other,2026-07-01,2026-07-07
Borden Single Wrapped Slices,Lowes Foods,5.0,other,2026-05-13,2026-05-19
Borden Single Wrapped Slices,Lowes Foods,5.0,other,2026-06-10,2026-06-16
Boston Butt Roast,Lowes Foods,1.99,other,2026-05-06,2026-05-12
Boston Butt Roast,Lowes Foods,1.49,other,2026-05-20,2026-05-26
Boston Butt Roast,Lowes Foods,2.49,other,2026-06-10,2026-06-16
Boston Market Meals,Lowes Foods,6.0,other,2026-06-10,2026-06-16
Boston Market Meals,Lowes Foods,6.0,other,2026-06-17,2026-06-23
Bota Box or Summit,Lowes Foods,17.88,other,2026-05-27,2026-06-02
Bounty Paper Towels,Lowes Foods,20.0,other,2026-05-13,2026-05-19
Bounty Paper Towels,Lowes Foods,14.99,other,2026-05-27,2026-06-02
Bounty Paper Towels,Lowes Foods,9.99,other,2026-05-27,2026-06-02
Boylan,Lowes Foods,4.99,other,2026-05-06,2026-05-12
Boylan,Lowes Foods,4.99,other,2026-05-13,2026-05-19
Boylan,Lowes Foods,4.99,other,2026-05-20,2026-05-26
Brawny Paper Towels,Lowes Foods,7.99,other,2026-04-22,2026-04-28
Brawny Paper Towels,Lowes Foods,11.99,other,2026-05-06,2026-05-12
Brawny Paper Towels,Lowes Foods,6.99,other,2026-05-27,2026-06-02
Brussel Sprouts,Lowes Foods,2.99,other,2026-04-22,2026-04-28
Bubba Burger,Lowes Foods,11.99,other,2026-07-01,2026-07-07
Bubbl'r,Lowes Foods,11.0,other,2026-05-27,2026-06-02
Bubbl'r,Lowes Foods,11.0,other,2026-06-03,2026-06-09
Bubbl'r,Lowes Foods,11.0,other,2026-06-10,2026-06-16
Budget Saver Twin Pops,Lowes Foods,6.0,other,2026-07-22,2026-07-28
Bugles or Chex Snacks,Lowes Foods,5.0,other,2026-05-06,2026-05-12
Bumbleberry Pie,Lowes Foods,12.99,other,2026-05-20,2026-05-26
Burt's Bees Wipes,Lowes Foods,4.99,other,2026-05-06,2026-05-12
"Busch, Natural, High Life or Pabst",Lowes Foods,14.88,other,2026-04-22,2026-04-28
"Busch, Natural, High Life or Pabst",Lowes Foods,15.88,other,2026-05-13,2026-05-19
"Busch, Natural, High Life or Pabst",Lowes Foods,15.88,other,2026-05-27,2026-06-02
"Busch, Natural, High Life or Pabst",Lowes Foods,16.88,other,2026-06-10,2026-06-16
"Busch, Natural, High Life or Pabst",Lowes Foods,16.88,other,2026-06-17,2026-06-23
"Busch, Natural, High Life or Pabst",Lowes Foods,16.88,other,2026-07-22,2026-07-28
Bush's Best Baked or Grillin' Beans,Lowes Foods,6.0,other,2026-05-06,2026-05-12
Bush's Best Baked or Grillin' Beans,Lowes Foods,2.39,other,2026-06-17,2026-06-23
Bush's Best Baked or Grillin' Beans,Lowes Foods,2.39,other,2026-07-01,2026-07-07
Bush's Best Beans,Lowes Foods,5.0,other,2026-05-06,2026-05-12
U By Kotex Super Premium Tampons or Pads,Lowes Foods,5.99,other,2026-04-29,2026-05-05
Capri Sun,Lowes Foods,5.0,other,2026-05-20,2026-05-26
Capri Sun,Lowes Foods,7.0,other,2026-05-20,2026-05-26
Capri Sun,Lowes Foods,7.0,other,2026-06-17,2026-06-23
Capri Sun,Lowes Foods,7.0,other,2026-07-01,2026-07-07
Capri Sun,Lowes Foods,6.0,other,2026-09-02,2026-09-08
Capri Sun,Lowes Foods,5.0,other,2026-09-02,2026-09-08
Capri Sun Bottles,Lowes Foods,3.0,other,2026-07-01,2026-07-07
Carefree Liners,Lowes Foods,3.59,other,2026-07-22,2026-07-28
Cascade,Lowes Foods,9.99,other,2026-06-03,2026-06-09
Cascade Actionpacs Dishwasher Detergent,Lowes Foods,14.99,other,2026-05-06,2026-05-12
Cascade Actionpacs Dishwasher Detergent,Lowes Foods,4.89,other,2026-06-17,2026-06-23
Cascade Complete Gel Dishwasher,Lowes Foods,6.99,other,2026-09-02,2026-09-08
Cascade Dishwasher Detergent Pacs,Lowes Foods,9.79,other,2026-07-22,2026-07-28
Cascade Dishwasher Pacs,Lowes Foods,9.99,other,2026-05-27,2026-06-02
Cascade Dishwasher Pacs,Lowes Foods,9.99,other,2026-06-10,2026-06-16
Cascade Platinum Action Pacs,Lowes Foods,12.99,other,2026-04-22,2026-04-28
Cascade Platinum ActionPacs,Lowes Foods,15.99,other,2026-04-29,2026-05-05
Cascade Platinum ActionPacs,Lowes Foods,11.99,other,2026-04-29,2026-05-05
Cascade Platinum ActionPacs,Lowes Foods,19.99,other,2026-07-22,2026-07-28
Cascade Platinum Plus,Lowes Foods,16.99,other,2026-05-27,2026-06-02
Cattleman's Cut Sticks,Lowes Foods,9.99,other,2026-05-27,2026-06-02
Cayman Jack or Mike's,Lowes Foods,15.99,other,2026-09-02,2026-09-08
Caymus California or Quilt Napa Valley,Lowes Foods,44.99,other,2026-06-17,2026-06-23
Cedar's Hommus,Lowes Foods,3.99,other,2026-04-22,2026-04-28
Cesar Canine Cuisine Dog Food,Lowes Foods,15.99,other,2026-05-13,2026-05-19
Cesar Canine Cuisine Dog Food,Lowes Foods,14.99,other,2026-07-01,2026-07-07
Cetaphil Lotion or Cleanser,Lowes Foods,13.99,other,2026-05-06,2026-05-12
CharKing Instant Light Charcoal Briquets,Lowes Foods,3.99,other,2026-07-22,2026-07-28
Charmin Bath Tissue,Lowes Foods,14.99,other,2026-05-27,2026-06-02
"Charmin Bath Tissue, Bounty Paper Towels",Lowes Foods,10.99,other,2026-06-17,2026-06-23
Charmin Ultra Toilet Paper,Lowes Foods,9.99,other,2026-05-27,2026-06-02
Charmin Wipes,Lowes Foods,6.99,other,2026-04-29,2026-05-05
Chateau Ste Michelle or Apothic,Lowes Foods,8.39,other,2026-05-20,2026-05-26
Chateau Ste. Michelle or Benvolio or Gionelli,Lowes Foods,9.99,other,2026-06-17,2026-06-23
Children's Tylenol or Motrin,Lowes Foods,8.99,other,2026-06-03,2026-06-09
"Chinet Classics Plates, Bowls, or Platters",Lowes Foods,7.49,other,2026-05-20,2026-05-26
Chobani Creamer,Lowes Foods,9.0,other,2026-06-17,2026-06-23
Cholula Bowls,Lowes Foods,9.0,other,2026-04-29,2026-05-05
Cholula Sauces,Lowes Foods,6.0,other,2026-04-29,2026-05-05
Chosen Foods Mayo,Lowes Foods,7.99,other,2026-05-13,2026-05-19
Claritin Allergy Relief,Lowes Foods,20.99,other,2026-05-06,2026-05-12
Clearly Canadian Water,Lowes Foods,4.0,other,2026-04-22,2026-04-28
Clearly Canadian Water,Lowes Foods,4.0,other,2026-05-27,2026-06-02
Clearly Canadian Water,Lowes Foods,4.0,other,2026-06-03,2026-06-09
Clorox Disinfectant Wipes,Lowes Foods,9.99,other,2026-05-13,2026-05-19
Clorox Disinfectant Wipes,Lowes Foods,9.99,other,2026-05-20,2026-05-26
Clorox Disinfectant Wipes,Lowes Foods,9.99,other,2026-05-27,2026-06-02
Clorox Disinfecting Wipes,Lowes Foods,2.99,other,2026-04-22,2026-04-28
Clorox Disinfecting Wipes,Lowes Foods,10.0,other,2026-05-06,2026-05-12
Clorox Liquid Bleach,Lowes Foods,10.0,other,2026-05-06,2026-05-12
Clorox Pure Spray,Lowes Foods,4.99,other,2026-04-22,2026-04-28
Clorox Pure Spray,Lowes Foods,5.99,other,2026-05-13,2026-05-19
Clos Du Bois,Lowes Foods,8.79,other,2026-05-20,2026-05-26
CLOS DU BOIS OR BOGLE,Lowes Foods,10.99,other,2026-07-01,2026-07-07
Coke Products,Lowes Foods,6.99,other,2026-06-17,2026-06-23
Colgate Optic White Toothpaste or Toothbrush,Lowes Foods,5.89,other,2026-06-03,2026-06-09
Colgate Toothpaste or Toothbrushes,Lowes Foods,5.99,other,2026-04-29,2026-05-05
Colgate Total Mouthwash or Toothpaste,Lowes Foods,4.89,other,2026-06-03,2026-06-09
Colgate Twin Pack Toothpaste,Lowes Foods,7.99,other,2026-06-17,2026-06-23
Cooper & Thief 750 ml Risata 1.5 liter,Lowes Foods,16.49,other,2026-05-13,2026-05-19
Core Hydration Water,Lowes Foods,5.79,other,2026-05-27,2026-06-02
Core Hydration Water,Lowes Foods,5.79,other,2026-06-03,2026-06-09
Core Hydration Water,Lowes Foods,5.79,other,2026-06-10,2026-06-16
Core Hydration Water,Lowes Foods,5.95,other,2026-09-02,2026-09-08
CORN,Lowes Foods,5.0,other,2026-07-01,2026-07-07
Cottonelle Bath Tissue,Lowes Foods,11.49,other,2026-06-17,2026-06-23
Cottonelle Bath Tissue,Lowes Foods,10.49,other,2026-07-01,2026-07-07
Cottonelle Bath Tissue,Lowes Foods,6.99,other,2026-07-22,2026-07-28
Cottonelle Wet Wipes,Lowes Foods,6.99,other,2026-06-17,2026-06-23
Country Time Drink Mix,Lowes Foods,7.0,other,2026-04-29,2026-05-05
Country Time Drink Mix,Lowes Foods,7.0,other,2026-05-27,2026-06-02
Crav'n Waffle Bowls,Lowes Foods,3.79,other,2026-05-13,2026-05-19
Crav'n Waffle Bowls,Lowes Foods,3.79,other,2026-05-20,2026-05-26
Crest 3D Mouthwash,Lowes Foods,4.99,other,2026-05-27,2026-06-02
Crest 3D White Brilliance Vibrant Toothpaste,Lowes Foods,3.99,other,2026-04-29,2026-05-05
Crest 3D White Deep Stain Remover,Lowes Foods,5.99,other,2026-05-27,2026-06-02
Crest 3D White or Scope Mouth Rinse,Lowes Foods,4.99,other,2026-04-29,2026-05-05
Crest 3D White Toothpaste,Lowes Foods,4.99,other,2026-05-27,2026-06-02
Crest 3D White Twin Pack Toothpaste,Lowes Foods,6.99,other,2026-09-02,2026-09-08
Crest Mouthwash,Lowes Foods,3.99,other,2026-09-02,2026-09-08
Crest Pro Health Toothpaste,Lowes Foods,3.99,other,2026-04-29,2026-05-05
Crest Toothpaste,Lowes Foods,6.49,other,2026-07-01,2026-07-07
Crest Toothpaste or Mouthwash,Lowes Foods,6.49,other,2026-07-22,2026-07-28
Crisco Pure Cooking Oil,Lowes Foods,4.29,other,2026-05-13,2026-05-19
Crystal Light On The Go,Lowes Foods,6.0,other,2026-05-06,2026-05-12
Crystal Light On The Go,Lowes Foods,6.0,other,2026-05-13,2026-05-19
Crystal Light On The Go,Lowes Foods,6.0,other,2026-05-20,2026-05-26
Crystal Light On The Go,Lowes Foods,2.95,other,2026-07-01,2026-07-07
Fresh Cut Tulip Bouquet,Lowes Foods,6.99,other,2026-05-06,2026-05-12
Daisy's 10 mg THC,Lowes Foods,39.99,other,2026-05-20,2026-05-26
Daizy's selected 4 pack,Lowes Foods,14.99,other,2026-07-01,2026-07-07
Dan'l Boone Center Country Ham,Lowes Foods,3.99,other,2026-05-13,2026-05-19
"Daou, Whispering Angel or Sonoma Cutrer",Lowes Foods,21.99,other,2026-06-17,2026-06-23
Dasani Water,Lowes Foods,10.0,other,2026-04-22,2026-04-28
Dawn Dish Soap or EZ Squeeze,Lowes Foods,2.99,other,2026-05-13,2026-05-19
"Dawn Platinum EZ Squeeze Dish Soap, Dawn Platinum Plus PowerSuds Ez Squeeze Dish Soap",Lowes Foods,2.99,other,2026-05-27,2026-06-02
Dawn Powerwash Dish Spray,Lowes Foods,2.99,other,2026-04-29,2026-05-05
Dawn Ultra Dish Soap or Platinum Power Wash,Lowes Foods,4.79,other,2026-06-17,2026-06-23
Dawn Ultra Dish Soap or Platinum Power Wash,Lowes Foods,4.99,other,2026-07-22,2026-07-28
Dawn Ultra Platinum Power Wash or PowerSuds,Lowes Foods,2.88,other,2026-09-02,2026-09-08
DayQuil or NyQuil Kids,Lowes Foods,10.24,other,2026-09-02,2026-09-08
Decoy or Boen,Lowes Foods,17.99,other,2026-07-01,2026-07-07
Decoy selected 750 ml Black Box or Bota Box selected 3 liter,Lowes Foods,18.99,other,2026-06-17,2026-06-23
Delallo Olives Grab N Go,Lowes Foods,5.99,other,2026-07-01,2026-07-07
Deluxe Ham,Lowes Foods,14.99,other,2026-04-29,2026-05-05
Deluxe Ham,Lowes Foods,14.99,other,2026-05-27,2026-06-02
Deluxe Ham,Lowes Foods,14.99,other,2026-07-22,2026-07-28
Deluxe Low Sodium Top Round,Lowes Foods,18.99,other,2026-05-06,2026-05-12
Deluxe Low Sodium Top Round,Lowes Foods,18.99,other,2026-06-03,2026-06-09
Deluxe Low Sodium Top Round,Lowes Foods,18.99,other,2026-07-01,2026-07-07
Devour Big Bowls,Lowes Foods,8.0,other,2026-06-03,2026-06-09
Dial Bar or Hand Soap,Lowes Foods,6.0,other,2026-05-13,2026-05-19
DiGiorno Pizza,Lowes Foods,10.0,other,2026-05-06,2026-05-12
DiGiorno Pizza,Lowes Foods,10.0,other,2026-06-10,2026-06-16
Dipping Sauces,Lowes Foods,2.99,other,2026-05-20,2026-05-26
Dixie Paper Plates or Bowls,Lowes Foods,6.0,other,2026-05-20,2026-05-26
Dixie Paper Plates or Bowls or Vanity Fair Napkins,Lowes Foods,6.0,other,2026-07-01,2026-07-07
Dixie Paper Plates or Bowls or Vanity Fair Napkins,Lowes Foods,6.0,other,2026-09-02,2026-09-08
"Dixie Plates, Cups or Bowls",Lowes Foods,5.99,other,2026-06-17,2026-06-23
Dolly Parton Single Serve Meals,Lowes Foods,7.0,other,2026-05-06,2026-05-12
"Downy Liquid selected 26 - 44 oz, Gain Life selected 44 oz, Tide Oxi Power Pods selected 9 ct, Bounce Intense Dryer Sheets selected 30 ct",Lowes Foods,4.99,other,2026-07-22,2026-07-28
"Downy or Gain Life selected 26 - 44 oz, Bounce Intense Dryer Sheets selected 30 ct",Lowes Foods,3.99,other,2026-09-02,2026-09-08
Downy Rinse selected 62 oz or Gain Scent Beads 21.1 - 24.5 oz,Lowes Foods,22.0,other,2026-05-27,2026-06-02
DOZEN ROSE BOUQUET PREMIUM LONG STEM,Lowes Foods,15.0,other,2026-09-02,2026-09-08
Dozen Roses,Lowes Foods,24.99,other,2026-05-06,2026-05-12
Dreamy Creamy Cole Slaw,Lowes Foods,5.99,other,2026-04-22,2026-04-28
Dreamy Creamy Cole Slaw,Lowes Foods,6.99,other,2026-06-10,2026-06-16
Dreamy Creamy Cole Slaw,Lowes Foods,6.99,other,2026-07-01,2026-07-07
Dreamy Creamy Cole Slaw,Lowes Foods,6.99,other,2026-09-02,2026-09-08
Duncan Hines Frosting,Lowes Foods,4.0,other,2026-05-06,2026-05-12
Duncan Hines Frosting,Lowes Foods,4.0,other,2026-06-17,2026-06-23
Duncan Hines Frosting,Lowes Foods,4.0,other,2026-07-01,2026-07-07
Duncan Hines Frosting,Lowes Foods,4.0,other,2026-09-02,2026-09-08
Dunkin' Creamer,Lowes Foods,9.0,other,2026-06-03,2026-06-09
Duplin Frontera,Lowes Foods,6.39,other,2026-07-22,2026-07-28
Duplin Frontera,Lowes Foods,5.59,other,2026-09-02,2026-09-08
Duracell AA or AAA Batteries,Lowes Foods,19.99,other,2026-04-29,2026-05-05
Duracell AA or AAA Batteries,Lowes Foods,9.99,other,2026-05-13,2026-05-19
Earth´s Best Organic Crunchy Sticks,Lowes Foods,4.0,other,2026-04-22,2026-04-28
Earth´s Best Organic Crunchy Sticks,Lowes Foods,4.0,other,2026-06-03,2026-06-09
Earth's Best Sunny Day Bars,Lowes Foods,3.79,other,2026-05-06,2026-05-12
Electrolit,Lowes Foods,4.0,other,2026-05-06,2026-05-12
Electrolit,Lowes Foods,4.0,other,2026-05-13,2026-05-19
Electrolit,Lowes Foods,4.0,other,2026-05-20,2026-05-26
"Böen, Juggernaut or Threadcount",Lowes Foods,16.99,other,2026-05-27,2026-06-02
"Erath, A To Z or Boen",Lowes Foods,16.99,other,2026-06-17,2026-06-23
Essentia Alkaline Water,Lowes Foods,9.49,other,2026-05-06,2026-05-12
Essentia Alkaline Water,Lowes Foods,9.49,other,2026-05-13,2026-05-19
Essentia Alkaline Water,Lowes Foods,9.49,other,2026-05-20,2026-05-26
Essentia Purified Water,Lowes Foods,4.0,other,2026-06-17,2026-06-23
Essentia Purified Water,Lowes Foods,4.0,other,2026-07-01,2026-07-07
Essentia Purified Water,Lowes Foods,3.0,other,2026-09-02,2026-09-08
Eucerin Lotion,Lowes Foods,9.19,other,2026-05-06,2026-05-12
Everyday Naturals No Brush Toothpaste Treats,Lowes Foods,6.99,other,2026-04-29,2026-05-05
Fancy Feast,Lowes Foods,10.0,other,2026-05-27,2026-06-02
Fancy Feast Value Pack,Lowes Foods,19.99,other,2026-09-02,2026-09-08
Farm Rich Appetizers,Lowes Foods,4.99,other,2026-05-13,2026-05-19
Farm Rich Appetizers,Lowes Foods,4.49,other,2026-06-17,2026-06-23
Febreze Air,Lowes Foods,3.0,other,2026-09-02,2026-09-08
Febreze Air Freshener,Lowes Foods,3.79,other,2026-06-17,2026-06-23
Febreze Air Mist Spray,Lowes Foods,3.5,other,2026-05-27,2026-06-02
Febreze Air Refresher,Lowes Foods,3.99,other,2026-05-06,2026-05-12
Febreze Diffusers,Lowes Foods,9.79,other,2026-06-17,2026-06-23
Febreze Plug Diffuser,Lowes Foods,9.99,other,2026-05-06,2026-05-12
Febreze Plug-In Scent Booster or Starter Pack,Lowes Foods,4.99,other,2026-04-29,2026-05-05
Febreze Plug-In Scented Oil Refills,Lowes Foods,9.99,other,2026-04-22,2026-04-28
Federalist,Lowes Foods,8.99,other,2026-05-27,2026-06-02
Feliz Dia De Las Madres Bouquet,Lowes Foods,19.99,other,2026-05-06,2026-05-12
FIJI Water,Lowes Foods,5.0,other,2026-05-06,2026-05-12
FIJI Water,Lowes Foods,5.0,other,2026-05-13,2026-05-19
Flonase Allergy Relief Nasal Spray,Lowes Foods,17.49,other,2026-07-01,2026-07-07
THE FLOWER HOUSE BLOOMAPALOOZA,Lowes Foods,10.0,other,2026-07-22,2026-07-28
FLRT Energy,Lowes Foods,5.0,other,2026-06-17,2026-06-23
FLRT Energy,Lowes Foods,5.0,other,2026-07-01,2026-07-07
Food Club Marshmallows,Lowes Foods,1.19,other,2026-04-29,2026-05-05
Food Club Marshmallows,Lowes Foods,1.19,other,2026-05-06,2026-05-12
Food Club Marshmallows,Lowes Foods,1.19,other,2026-05-27,2026-06-02
Food Club Marshmallows,Lowes Foods,1.19,other,2026-06-03,2026-06-09
Food Club Marshmallows,Lowes Foods,1.19,other,2026-07-22,2026-07-28
Food Club Salad Dressing,Lowes Foods,2.79,other,2026-07-01,2026-07-07
Food Club Stevia,Lowes Foods,2.29,other,2026-05-27,2026-06-02
Food Club Stevia,Lowes Foods,2.29,other,2026-06-03,2026-06-09
Food Club Stevia,Lowes Foods,2.29,other,2026-07-22,2026-07-28
Food Club Sucralose No Calorie Sweetener,Lowes Foods,3.49,other,2026-06-10,2026-06-16
Food Club Sucralose No Calorie Sweetener,Lowes Foods,3.49,other,2026-06-17,2026-06-23
Foster Farms Chicken,Lowes Foods,6.99,other,2026-05-27,2026-06-02
Friskies Dry Cat Food,Lowes Foods,15.99,other,2026-05-27,2026-06-02
Friskies Lickables Treats,Lowes Foods,8.99,other,2026-07-22,2026-07-28
Full Moon Dog Treats,Lowes Foods,11.99,other,2026-04-29,2026-05-05
Full Moon Dog Treats,Lowes Foods,10.99,other,2026-06-03,2026-06-09
Fully Cooked St. Louis Ribs 34 oz,Lowes Foods,15.99,other,2026-05-20,2026-05-26
Gain Fabric Softener selected 35 oz Downy Fabric Softener selected 44 oz,Lowes Foods,9.0,other,2026-05-27,2026-06-02
Gain Laundry Detergent selected 81- 100 oz or 31 - 42 ct Bounce Dryer Sheets selected 240 ct Downy Scent Booster selected 10.7 - 12.2 oz Tide Evo selected 16 ct,Lowes Foods,7.99,other,2026-05-06,2026-05-12
Gain Laundry Detergent selected 44 oz Bounce Dryer Sheets selected 120 ct,Lowes Foods,4.99,other,2026-04-29,2026-05-05
Gelatys Mini Gem Pops,Lowes Foods,6.99,other,2026-05-20,2026-05-26
Gillette or Venus Disposable Razors,Lowes Foods,3.99,other,2026-05-27,2026-06-02
Gillette or Venus Razor Refills,Lowes Foods,14.99,other,2026-09-02,2026-09-08
Glad Kitchen Bags,Lowes Foods,8.99,other,2026-05-06,2026-05-12
Glad Kitchen Bags,Lowes Foods,8.99,other,2026-05-20,2026-05-26
Glad Trash Bags,Lowes Foods,19.99,other,2026-04-22,2026-04-28
Gold Peak,Lowes Foods,6.0,other,2026-04-22,2026-04-28
Gold Peak,Lowes Foods,6.0,other,2026-04-29,2026-05-05
Gold Peak,Lowes Foods,6.99,other,2026-06-17,2026-06-23
Gold Peak,Lowes Foods,6.0,other,2026-07-01,2026-07-07
Good 2 Grow,Lowes Foods,6.0,other,2026-04-22,2026-04-28
Good 2 Grow,Lowes Foods,6.0,other,2026-04-29,2026-05-05
Good2grow Flavored Water,Lowes Foods,8.0,other,2026-05-27,2026-06-02
Good2grow Flavored Water,Lowes Foods,8.0,other,2026-06-03,2026-06-09
Good2grow Flavored Water,Lowes Foods,8.0,other,2026-06-10,2026-06-16
Good2grow Flavored Water,Lowes Foods,8.0,other,2026-06-17,2026-06-23
Good2grow Flavored Water,Lowes Foods,8.0,other,2026-07-01,2026-07-07
Goody's or BC Asprin Powder,Lowes Foods,7.59,other,2026-07-22,2026-07-28
Green Snap Beans,Lowes Foods,2.49,other,2026-05-06,2026-05-12
Green Snap Beans,Lowes Foods,2.49,other,2026-05-20,2026-05-26
Green Snap Beans,Lowes Foods,2.49,other,2026-05-27,2026-06-02
Greenies Dental Chews,Lowes Foods,9.49,other,2026-07-01,2026-07-07
Greenies Dog Dental Treats,Lowes Foods,9.99,other,2026-05-13,2026-05-19
Guy Fieri's Flavortown Sauce,Lowes Foods,8.0,other,2026-07-22,2026-07-28
Hahn or Riondo,Lowes Foods,10.39,other,2026-05-20,2026-05-26
HALF RACK RIB,Lowes Foods,8.0,other,2026-05-13,2026-05-19
Hand Pies,Lowes Foods,4.99,other,2026-04-22,2026-04-28
Hand Pies,Lowes Foods,4.99,other,2026-06-10,2026-06-16
Hanover Beans selected 15.5 oz,Lowes Foods,0.99,other,2026-09-02,2026-09-08
Hawaiian Tropic Suncare,Lowes Foods,10.99,other,2026-05-20,2026-05-26
Head & Shoulders 2-in-1 Shampoo & Conditioner,Lowes Foods,5.49,other,2026-04-29,2026-05-05
Head & Shoulders Shampoo,Lowes Foods,5.49,other,2026-09-02,2026-09-08
"I Heart, Murphy Goode or Clos Du Bois",Lowes Foods,9.88,other,2026-04-22,2026-04-28
I Heart selected 750 ml or Benvolio Gionelli selected 1.5 liter,Lowes Foods,7.99,other,2026-07-22,2026-07-28
Herbal Essences Shampoo or Conditioner,Lowes Foods,6.99,other,2026-05-27,2026-06-02
Hero Mighty Patch,Lowes Foods,14.29,other,2026-06-03,2026-06-09
Hero Mighty Patch,Lowes Foods,14.29,other,2026-06-10,2026-06-16
Hidden Valley Ranch,Lowes Foods,2.99,other,2026-04-22,2026-04-28
Hidden Valley Ranch,Lowes Foods,3.99,other,2026-05-06,2026-05-12
Hidden Valley Ranch,Lowes Foods,3.49,other,2026-07-01,2026-07-07
"High Life, Pabst, Busch or Natural",Lowes Foods,15.88,other,2026-05-20,2026-05-26
"Highland, Foothills or New Belgium",Lowes Foods,9.99,other,2026-09-02,2026-09-08
Highland or Foothills,Lowes Foods,17.99,other,2026-06-03,2026-06-09
Holten's Chop House Smashed Burgers,Lowes Foods,12.79,other,2026-04-22,2026-04-28
Holten's Smashed Burger Sliders,Lowes Foods,11.99,other,2026-06-10,2026-06-16
"Honest Thief, Erath or Greenwing",Lowes Foods,15.88,other,2026-04-22,2026-04-28
Hormel Chili,Lowes Foods,5.0,other,2026-05-27,2026-06-02
Hormel Chili,Lowes Foods,5.0,other,2026-09-02,2026-09-08
Hormel Compleats,Lowes Foods,5.0,other,2026-05-06,2026-05-12
HOT SOUP!,Lowes Foods,12.99,other,2026-04-29,2026-05-05
HOT SOUPS!,Lowes Foods,6.49,other,2026-04-29,2026-05-05
HOT SOUPS!,Lowes Foods,6.99,other,2026-05-06,2026-05-12
HOT SOUPS!,Lowes Foods,12.99,other,2026-05-06,2026-05-12
HOT SOUPS!,Lowes Foods,6.99,other,2026-06-10,2026-06-16
HOT SOUPS!,Lowes Foods,12.99,other,2026-06-10,2026-06-16
HOT SOUPS!,Lowes Foods,12.99,other,2026-06-17,2026-06-23
HOT SOUPS!,Lowes Foods,6.99,other,2026-06-17,2026-06-23
HOT SOUPS!,Lowes Foods,6.99,other,2026-07-22,2026-07-28
HOT SOUPS!,Lowes Foods,12.99,other,2026-07-22,2026-07-28
HOT SOUPS!,Lowes Foods,12.99,other,2026-09-02,2026-09-08
HOT SOUPS!,Lowes Foods,6.99,other,2026-09-02,2026-09-08
House of Autry Frying Mix,Lowes Foods,6.0,other,2026-09-02,2026-09-08
"Huggies Diapers, Pull-Ups, or Goodnites",Lowes Foods,10.99,other,2026-06-10,2026-06-16
"Huggies Diapers, Pull-Ups, or Goodnites",Lowes Foods,10.99,other,2026-07-22,2026-07-28
Huggies 3 Pack Baby Wipes,Lowes Foods,6.99,other,2026-07-22,2026-07-28
Huggies 6 Pack Baby Wipes Box,Lowes Foods,12.99,other,2026-07-22,2026-07-28
Icelandic Provisions Skyr,Lowes Foods,3.0,other,2026-05-13,2026-05-19
Icelandic Provisions Skyr,Lowes Foods,3.0,other,2026-09-02,2026-09-08
Inland Dips or Salads,Lowes Foods,3.99,other,2026-05-13,2026-05-19
Irish Spring Body Wash,Lowes Foods,5.99,other,2026-05-27,2026-06-02
Irish Spring or Softsoap Body Wash,Lowes Foods,5.99,other,2026-09-02,2026-09-08
Ivory Dish Soap,Lowes Foods,1.99,other,2026-09-02,2026-09-08
Jergens Glow Lotion,Lowes Foods,9.99,other,2026-07-01,2026-07-07
Jimmy Dean Breakfast Sandwiches,Lowes Foods,10.99,other,2026-05-06,2026-05-12
Josh,Lowes Foods,10.39,other,2026-07-22,2026-07-28
Josh Cellars or Kim Crawford,Lowes Foods,14.99,other,2026-06-03,2026-06-09
"Josh, Kendall-Jackson or I Heart",Lowes Foods,10.88,other,2026-06-17,2026-06-23
"Josh, Kendall-Jackson or La Marca",Lowes Foods,14.99,other,2026-07-01,2026-07-07
Josh or Liberty School,Lowes Foods,11.19,other,2026-06-10,2026-06-16
"Josh, Simi or J. Vineyards",Lowes Foods,13.99,other,2026-05-06,2026-05-12
"Josh, Yes Way or Stella Rosa selected 750 ml Duplin selected 1.5 liter",Lowes Foods,12.88,other,2026-04-29,2026-05-05
Juggernaut or Bonanza,Lowes Foods,14.24,other,2026-05-13,2026-05-19
Juggernaut or Sea Sun,Lowes Foods,13.59,other,2026-07-22,2026-07-28
Just Bare Chicken,Lowes Foods,8.99,other,2026-05-06,2026-05-12
Ken's Salad Dressing,Lowes Foods,6.0,other,2026-05-06,2026-05-12
Ken's Salad Dressing,Lowes Foods,6.0,other,2026-09-02,2026-09-08
Kevin's Meals,Lowes Foods,10.49,other,2026-04-29,2026-05-05
Kidfresh Single Serve Meals,Lowes Foods,7.0,other,2026-06-03,2026-06-09
Kim Crawford or Silver Beach,Lowes Foods,13.99,other,2026-07-01,2026-07-07
Kingsford Charcoal,Lowes Foods,8.99,other,2026-04-22,2026-04-28
Kingsford Charcoal,Lowes Foods,8.99,other,2026-05-06,2026-05-12
Kingsford Charcoal,Lowes Foods,9.99,other,2026-09-02,2026-09-08
Kingsford Charcoal or Grillmaster Pellets,Lowes Foods,9.99,other,2026-06-17,2026-06-23
Kingsford Charcoal or Grillmaster Pellets,Lowes Foods,9.99,other,2026-07-01,2026-07-07
Kingsford Original Charcoal selected 16 lb or Match Light Charcoal selected 12 lb,Lowes Foods,8.99,other,2026-05-20,2026-05-26
Kingsford Easy Light Charcoal,Lowes Foods,5.79,other,2026-07-22,2026-07-28
Klondike Bar,Lowes Foods,8.0,other,2026-05-20,2026-05-26
Knorr Sides,Lowes Foods,5.0,other,2026-05-13,2026-05-19
Kodiak Power Waffles,Lowes Foods,4.89,other,2026-05-27,2026-06-02
Kodiak Power Waffles,Lowes Foods,5.99,other,2026-05-27,2026-06-02
Kodiak Power Waffles,Lowes Foods,4.89,other,2026-06-03,2026-06-09
Kodiak Power Waffles,Lowes Foods,5.99,other,2026-06-03,2026-06-09
Kodiak Power Waffles,Lowes Foods,4.89,other,2026-06-10,2026-06-16
Kodiak Power Waffles,Lowes Foods,5.89,other,2026-06-10,2026-06-16
"Korbel, I Heart or Risata",Lowes Foods,12.99,other,2026-07-01,2026-07-07
Korbel or Ruffino,Lowes Foods,9.74,other,2026-05-13,2026-05-19
Kraft American Singles or Deluxe Slices,Lowes Foods,4.99,other,2026-07-22,2026-07-28
Kraft Barbecue Sauce,Lowes Foods,3.0,other,2026-05-20,2026-05-26
Kraft Barbecue Sauce,Lowes Foods,3.0,other,2026-06-03,2026-06-09
Kraft Barbecue Sauce,Lowes Foods,2.0,other,2026-07-01,2026-07-07
Kraft Barbecue Sauce,Lowes Foods,3.0,other,2026-09-02,2026-09-08
Kraft Big Slice Cheese,Lowes Foods,5.0,other,2026-07-22,2026-07-28
Kraft Flavored Mac & Cheese,Lowes Foods,5.0,other,2026-05-06,2026-05-12
Kraft Original Mac & Cheese,Lowes Foods,5.0,other,2026-05-13,2026-05-19
Kraft Mayo,Lowes Foods,7.0,other,2026-06-03,2026-06-09
Kraft Mayo,Lowes Foods,3.49,other,2026-07-01,2026-07-07
Kraft Mayo,Lowes Foods,2.99,other,2026-09-02,2026-09-08
Kraft Miracle Whip,Lowes Foods,9.0,other,2026-05-20,2026-05-26
Kraft Miracle Whip,Lowes Foods,9.0,other,2026-06-03,2026-06-09
Kraft Miracle Whip,Lowes Foods,4.49,other,2026-07-01,2026-07-07
Kraft Miracle Whip,Lowes Foods,3.99,other,2026-09-02,2026-09-08
Kraft Real Mayo,Lowes Foods,9.0,other,2026-05-13,2026-05-19
Kraft Real Mayo,Lowes Foods,4.49,other,2026-07-22,2026-07-28
Kraft Salad Dressing,Lowes Foods,4.0,other,2026-05-20,2026-05-26
Kraft Salad Dressing,Lowes Foods,4.0,other,2026-06-03,2026-06-09
Kraft Salad Dressing,Lowes Foods,4.0,other,2026-07-01,2026-07-07
Kraft Salad Dressing,Lowes Foods,3.0,other,2026-09-02,2026-09-08
"Kraft Shredded, Chunk or Big Slice Cheese",Lowes Foods,3.0,other,2026-04-29,2026-05-05
Kraft Singles,Lowes Foods,6.0,other,2026-05-20,2026-05-26
Kraft Singles,Lowes Foods,6.0,other,2026-06-17,2026-06-23
La Crema or A To Z,Lowes Foods,17.99,other,2026-06-03,2026-06-09
"La Crema, Silver Palm or Gloria Ferrer",Lowes Foods,13.88,other,2026-04-22,2026-04-28
"La Marca, Greenwing or Juggernaut",Lowes Foods,15.99,other,2026-06-17,2026-06-23
"La Marca, Kim Crawford, Elouan or Josh",Lowes Foods,12.88,other,2026-05-06,2026-05-12
La Marca selected 750 ml Black Box selected 3 liter,Lowes Foods,16.99,other,2026-06-03,2026-06-09
"La Marca, Unshackled or La Crema",Lowes Foods,15.88,other,2026-04-29,2026-05-05
La Terra Fina Quiche,Lowes Foods,10.99,other,2026-05-06,2026-05-12
La Vieja Fabrica Fruit Spread,Lowes Foods,3.59,other,2026-05-06,2026-05-12
Land O'Frost Bistro Naturals Sliced Meats,Lowes Foods,3.99,other,2026-05-13,2026-05-19
Land O'Frost Bistro Naturals Sliced Meats,Lowes Foods,4.99,other,2026-06-03,2026-06-09
The Laughing Cow Wedges,Lowes Foods,5.99,other,2026-05-20,2026-05-26
Lawry's Marinades,Lowes Foods,5.0,other,2026-05-20,2026-05-26
Lawry's Seasoned Salt,Lowes Foods,4.0,other,2026-05-20,2026-05-26
Lay's Stax,Lowes Foods,5.0,other,2026-06-17,2026-06-23
Lean Cuisine Dinner Entrees,Lowes Foods,10.0,other,2026-05-27,2026-06-02
Leinenkugel's or Kona,Lowes Foods,16.99,other,2026-05-27,2026-06-02
LIBERTY SCHOOL OR MIONETTO,Lowes Foods,14.99,other,2026-07-01,2026-07-07
Lily's Toaster Grills,Lowes Foods,6.0,other,2026-06-03,2026-06-09
Linas Limoncello or Bota Box,Lowes Foods,15.19,other,2026-05-20,2026-05-26
Lindor Truffle Bars,Lowes Foods,8.0,other,2026-07-01,2026-07-07
Lindor Truffles,Lowes Foods,4.99,other,2026-06-17,2026-06-23
Lindor Truffles Bag,Lowes Foods,5.99,other,2026-04-29,2026-05-05
Lindt Classic Bars,Lowes Foods,8.0,other,2026-07-01,2026-07-07
Lindt Excellence Bar,Lowes Foods,8.0,other,2026-06-17,2026-06-23
Lindt Excellence Bars,Lowes Foods,8.0,other,2026-04-29,2026-05-05
Lindy's Italian Ice,Lowes Foods,4.0,other,2026-09-02,2026-09-08
Lipton Pure Leaf,Lowes Foods,6.99,other,2026-04-22,2026-04-28
Lipton Pure Leaf,Lowes Foods,3.0,other,2026-05-20,2026-05-26
Lipton Pure Leaf,Lowes Foods,6.99,other,2026-06-03,2026-06-09
Lipton Pure Leaf Mental Focus,Lowes Foods,6.99,other,2026-04-22,2026-04-28
Lipton Pure Leaf Mental Focus,Lowes Foods,3.0,other,2026-05-20,2026-05-26
Lipton Pure Leaf Mental Focus,Lowes Foods,6.99,other,2026-06-03,2026-06-09
Lipton Pure Leaf Mental Focus,Lowes Foods,5.99,other,2026-06-17,2026-06-23
Lipton Pure Leaf Tea,Lowes Foods,5.99,other,2026-06-17,2026-06-23
Lipton Recipe Secrets Soup,Lowes Foods,5.0,other,2026-05-20,2026-05-26
Lipton Tea,Lowes Foods,6.99,other,2026-04-22,2026-04-28
Lipton Tea,Lowes Foods,6.99,other,2026-04-29,2026-05-05
Lipton Tea,Lowes Foods,6.99,other,2026-06-03,2026-06-09
LITEHOUSE DRESSING,Lowes Foods,3.99,other,2026-05-20,2026-05-26
I and Love and You Dry Cat Food,Lowes Foods,13.99,other,2026-05-13,2026-05-19
I and Love and You Dry Cat Food,Lowes Foods,13.99,other,2026-05-27,2026-06-02
I and Love and You Dry Dog Food,Lowes Foods,14.99,other,2026-05-13,2026-05-19
I and Love and You Dry Dog Food,Lowes Foods,14.99,other,2026-05-27,2026-06-02
Lowes Food Frozen Waffles,Lowes Foods,6.0,other,2026-05-06,2026-05-12
Lowes Foods Alkaline Water,Lowes Foods,7.99,other,2026-05-06,2026-05-12
Lowes Foods Alkaline Water,Lowes Foods,7.99,other,2026-09-02,2026-09-08
Lowes Foods All Natural Whole Fryer,Lowes Foods,1.99,other,2026-05-27,2026-06-02
Lowes Foods Baking Bars,Lowes Foods,3.29,other,2026-05-13,2026-05-19
Lowes Foods Baking Bars,Lowes Foods,3.29,other,2026-05-20,2026-05-26
Lowes Foods Barbecue Sauce,Lowes Foods,1.79,other,2026-05-20,2026-05-26
Lowes Foods Barbecue Sauce,Lowes Foods,1.79,other,2026-05-27,2026-06-02
Lowes Foods Barbecue Sauce,Lowes Foods,7.0,other,2026-06-17,2026-06-23
Lowes Foods Barbecue Sauce,Lowes Foods,1.79,other,2026-07-01,2026-07-07
Lowes Foods Barbecue Sauce,Lowes Foods,1.79,other,2026-09-02,2026-09-08
LOWES FOODS FROZEN BERRIES,Lowes Foods,2.99,other,2026-07-22,2026-07-28
Lowes Foods Bottled Water,Lowes Foods,7.0,other,2026-05-06,2026-05-12
Lowes Foods Chunk Cheese,Lowes Foods,7.0,other,2026-06-17,2026-06-23
Lowes Foods Cocktail Sauce,Lowes Foods,3.99,other,2026-05-27,2026-06-02
Lowes Foods Cocktail Sauce,Lowes Foods,3.99,other,2026-06-03,2026-06-09
Lowes Foods Cocktail Sauce,Lowes Foods,7.0,other,2026-06-17,2026-06-23
Lowes Foods Cocktail Sauce,Lowes Foods,3.99,other,2026-07-01,2026-07-07
Lowes Foods Dessert Sauces,Lowes Foods,5.79,other,2026-04-29,2026-05-05
Lowes Foods Dessert Sauces,Lowes Foods,5.79,other,2026-05-06,2026-05-12
Lowes Foods Dessert Sauces,Lowes Foods,5.79,other,2026-05-27,2026-06-02
Lowes Foods Dessert Sauces,Lowes Foods,5.79,other,2026-06-03,2026-06-09
Lowes Foods Dessert Sauces,Lowes Foods,5.79,other,2026-07-01,2026-07-07
Lowes Foods Dessert Sauces,Lowes Foods,5.79,other,2026-07-22,2026-07-28
Lowes Foods Frozen Organic Fruit,Lowes Foods,10.0,other,2026-04-22,2026-04-28
Lowes Foods Frozen Organic Fruit,Lowes Foods,6.99,other,2026-05-20,2026-05-26
Lowes Foods Frozen Organic Fruit,Lowes Foods,6.99,other,2026-09-02,2026-09-08
Lowes Foods Fruit Syrups,Lowes Foods,3.99,other,2026-04-22,2026-04-28
Lowes Foods Fruit Syrups,Lowes Foods,3.99,other,2026-05-27,2026-06-02
Lowes Foods Kalamata Olives,Lowes Foods,3.49,other,2026-05-13,2026-05-19
Lowes Foods Kalamata Olives,Lowes Foods,3.49,other,2026-05-20,2026-05-26
Lowes Foods Olives,Lowes Foods,3.99,other,2026-07-22,2026-07-28
Lowes Foods Personal Size Pizza,Lowes Foods,9.0,other,2026-04-22,2026-04-28
Lowes Foods Personal Size Pizza,Lowes Foods,7.0,other,2026-06-17,2026-06-23
Lowes Foods Personal Size Pizza,Lowes Foods,9.0,other,2026-07-22,2026-07-28
Lowes Foods Purified Drinking Water,Lowes Foods,4.29,other,2026-05-06,2026-05-12
Lowes Foods Purified Drinking Water,Lowes Foods,7.0,other,2026-09-02,2026-09-08
Lowes Foods Quick Grits,Lowes Foods,5.0,other,2026-07-01,2026-07-07
Lowes Foods Shredded Sliced or Chunk Cheese,Lowes Foods,3.0,other,2026-04-22,2026-04-28
Lowes Foods Sliced Black Olives,Lowes Foods,4.0,other,2026-05-13,2026-05-19
Lowes Foods Sliced Black Olives,Lowes Foods,4.0,other,2026-05-20,2026-05-26
Lowes Foods Steam Vegetables,Lowes Foods,6.0,other,2026-09-02,2026-09-08
Lowes Foods Steamable Vegetables,Lowes Foods,3.0,other,2026-06-03,2026-06-09
Lowes Foods Sunflower Kernels,Lowes Foods,3.0,other,2026-05-27,2026-06-02
Lowes Foods Sunflower Seeds,Lowes Foods,6.99,other,2026-05-20,2026-05-26
Lowes Foods Sunflower Seeds,Lowes Foods,3.0,other,2026-07-01,2026-07-07
Lowes Foods Frozen Vegetables,Lowes Foods,2.99,other,2026-04-22,2026-04-28
Lowes Foods Frozen Vegetables,Lowes Foods,5.0,other,2026-04-29,2026-05-05
Lowes Foods Waffle Cone Bites,Lowes Foods,3.99,other,2026-04-22,2026-04-28
Lowes Foods Waffle Cone Bites,Lowes Foods,3.99,other,2026-05-06,2026-05-12
Lowes Foods Waffle Cone Bites,Lowes Foods,3.99,other,2026-05-20,2026-05-26
Lowes Foods Waffle Cone Bites,Lowes Foods,3.99,other,2026-06-03,2026-06-09
Lowes Foods Waffle Cone Bites,Lowes Foods,7.0,other,2026-06-17,2026-06-23
Lowes Foods Waffle Cone Bites,Lowes Foods,3.99,other,2026-07-01,2026-07-07
Lowes Foods Waffle Cone Bites,Lowes Foods,9.0,other,2026-07-22,2026-07-28
Lowes Foods Waffle Cone Bites,Lowes Foods,9.0,other,2026-09-02,2026-09-08
Lowes Foods Waffles,Lowes Foods,7.0,other,2026-06-17,2026-06-23
Lowes Foods Waffles,Lowes Foods,4.0,other,2026-07-22,2026-07-28
Lowes Foods Water,Lowes Foods,9.99,other,2026-07-22,2026-07-28
Lowes Foods Whipped Topping,Lowes Foods,3.49,other,2026-05-13,2026-05-19
Lowes Foods Whipped Topping,Lowes Foods,3.49,other,2026-05-27,2026-06-02
Lowes Foods Whipped Topping,Lowes Foods,7.0,other,2026-06-17,2026-06-23
Lowes Foods Whipped Topping,Lowes Foods,7.0,other,2026-09-02,2026-09-08
Lubriderm Body Wash,Lowes Foods,7.99,other,2026-05-27,2026-06-02
Lubriderm Lotion,Lowes Foods,8.99,other,2026-05-27,2026-06-02
Luck's Pinto Beans,Lowes Foods,5.0,other,2026-06-17,2026-06-23
Lumify Eye Drops,Lowes Foods,21.99,other,2026-05-13,2026-05-19
Luvs Diapers,Lowes Foods,6.49,other,2026-04-29,2026-05-05
Luvs Diapers,Lowes Foods,6.49,other,2026-05-27,2026-06-02
Luvs Platinum Jumbo Diapers,Lowes Foods,6.49,other,2026-09-02,2026-09-08
Lytho_P5121_SMG Boars Head 042226_DAP,Lowes Foods,12.99,other,2026-04-22,2026-04-28
Lytho_P5124_P&G Digital Combo 042226_DAP,Lowes Foods,9.49,other,2026-04-22,2026-04-28
Lytho_P5380_SMG Utz DAP 070126_DAP,Lowes Foods,3.99,other,2026-07-01,2026-07-07
Lytho_P5387_SMG Premier Protein DAP 070126_DAP,Lowes Foods,23.99,other,2026-07-01,2026-07-07
Mahatma Rice,Lowes Foods,5.0,other,2026-06-17,2026-06-23
Manwich Sloppy Joe Sauce,Lowes Foods,2.5,other,2026-04-22,2026-04-28
Manwich Sloppy Joe Sauce,Lowes Foods,3.0,other,2026-05-27,2026-06-02
Marie Callender's Meals,Lowes Foods,7.0,other,2026-05-06,2026-05-12
Mario Black Olives,Lowes Foods,1.0,other,2026-04-29,2026-05-05
Mario Black Olives,Lowes Foods,0.99,other,2026-05-27,2026-06-02
Mario Black Olives,Lowes Foods,0.99,other,2026-09-02,2026-09-08
Maruchan Instant Lunch Cup,Lowes Foods,1.0,other,2026-06-03,2026-06-09
Maruchan Ramen,Lowes Foods,1.0,other,2026-04-22,2026-04-28
Matua or Nobilo,Lowes Foods,8.24,other,2026-05-13,2026-05-19
Matua or Noble Vines 750 ml Uptown Cocktails 1.5 liter,Lowes Foods,11.88,other,2026-04-29,2026-05-05
"Matua, Risata, Seaglass or Robert Mondavi Private Select",Lowes Foods,9.88,other,2026-05-27,2026-06-02
"Matua selected 750 ml, Barefoot selected 1.5 liter",Lowes Foods,9.59,other,2026-05-20,2026-05-26
"Matua, Wente or Stella Rosa",Lowes Foods,11.49,other,2026-05-06,2026-05-12
Mazola Oil,Lowes Foods,4.99,other,2026-05-13,2026-05-19
McCormick Black Pepper,Lowes Foods,4.19,other,2026-05-20,2026-05-26
MCCORMICK GRILL MATES BOTTLE BLEND,Lowes Foods,3.0,other,2026-09-02,2026-09-08
McCormick Grill Mates Marinade,Lowes Foods,5.0,other,2026-05-20,2026-05-26
"Meiomi, Decoy or Belle Glos Rose",Lowes Foods,18.99,other,2026-05-06,2026-05-12
"Meiomi, Decoy or Daou",Lowes Foods,15.99,other,2026-05-20,2026-05-26
"Meiomi, Decoy or Threadcount",Lowes Foods,18.88,other,2026-04-29,2026-05-05
"Meiomi, Decoy or Unshackled, Bota Box",Lowes Foods,15.99,other,2026-06-10,2026-06-16
Meiomi or Black Box or Summit,Lowes Foods,18.99,other,2026-07-01,2026-07-07
Meiomi or Decoy Or Bota Napa,Lowes Foods,15.19,other,2026-09-02,2026-09-08
"Meiomi, Threadcount or Bonanza",Lowes Foods,15.19,other,2026-07-22,2026-07-28
Meow Mix Cat Food,Lowes Foods,27.99,other,2026-05-13,2026-05-19
Meow Mix Cat Food,Lowes Foods,10.99,other,2026-05-13,2026-05-19
Meow Mix Dry Cat Food,Lowes Foods,5.99,other,2026-04-22,2026-04-28
Michael Angelo's Entrees,Lowes Foods,6.0,other,2026-05-27,2026-06-02
Michael Angelo's Entrees,Lowes Foods,7.99,other,2026-07-22,2026-07-28
Michael Angelo's Family Size Entree's,Lowes Foods,6.99,other,2026-09-02,2026-09-08
Michael Angelo's Family Size Entrees,Lowes Foods,7.99,other,2026-05-13,2026-05-19
Mini Sweet Peppers,Lowes Foods,2.49,other,2026-04-29,2026-05-05
Mio Liquid Drink Mix,Lowes Foods,6.0,other,2026-05-06,2026-05-12
Mio Liquid Drink Mix,Lowes Foods,6.0,other,2026-05-13,2026-05-19
Mio Liquid Drink Mix,Lowes Foods,2.95,other,2026-07-01,2026-07-07
Mio Liquid Drink Mix or Crystal Light On The Go,Lowes Foods,6.0,other,2026-06-17,2026-06-23
Mionetto or Korbel,Lowes Foods,11.99,other,2026-06-10,2026-06-16
Miralax,Lowes Foods,13.49,other,2026-05-06,2026-05-12
MiraLAX Laxative,Lowes Foods,13.99,other,2026-07-22,2026-07-28
Mom's Best Bouquet,Lowes Foods,22.99,other,2026-05-06,2026-05-12
Monster,Lowes Foods,4.5,other,2026-04-29,2026-05-05
Monster,Lowes Foods,4.5,other,2026-05-13,2026-05-19
Monster or Java,Lowes Foods,7.99,other,2026-07-22,2026-07-28
"Monster, Reign or Bang",Lowes Foods,5.0,other,2026-05-13,2026-05-19
"Monster, Reign or Bang",Lowes Foods,5.5,other,2026-06-17,2026-06-23
Monster Ultra,Lowes Foods,21.99,other,2026-04-22,2026-04-28
Monster Ultra,Lowes Foods,21.99,other,2026-04-29,2026-05-05
Monster Ultra,Lowes Foods,21.99,other,2026-06-17,2026-06-23
Monster Ultra,Lowes Foods,21.99,other,2026-07-01,2026-07-07
Morning Star Farms Meatless Meats,Lowes Foods,3.99,other,2026-05-20,2026-05-26
Morning Star Farms Patties or Nuggets,Lowes Foods,3.99,other,2026-07-01,2026-07-07
Mr. Bar-B-Q All Natural Hardwood Lump Charcoal,Lowes Foods,12.99,other,2026-05-20,2026-05-26
Mr. Bar-B-Q Hardwood Briquets,Lowes Foods,6.99,other,2026-09-02,2026-09-08
Mr. Clean Cleaner or Magic Erasers,Lowes Foods,3.88,other,2026-09-02,2026-09-08
Mr. Clean Cleaning Mist,Lowes Foods,10.0,other,2026-06-03,2026-06-09
Mr. Clean Liquid Cleaner or Magic Erasers,Lowes Foods,3.99,other,2026-05-27,2026-06-02
Mr. Clean Magic Erasers selected 3 - 6 ct Mutli-Surface Cleaner selected 41 oz,Lowes Foods,5.79,other,2026-06-17,2026-06-23
Mr. Clean Multi Purpose Cleaner or Magic Erasers,Lowes Foods,3.99,other,2026-04-29,2026-05-05
Mrs. Smith's Pies,Lowes Foods,4.99,other,2026-07-01,2026-07-07
Mrs. T's Snacks,Lowes Foods,4.99,other,2026-06-17,2026-06-23
Mt. Olive Peppers,Lowes Foods,2.29,other,2026-05-06,2026-05-12
Muenster Cheese,Lowes Foods,11.99,other,2026-04-22,2026-04-28
Muenster Cheese,Lowes Foods,11.99,other,2026-06-17,2026-06-23
Munster Cheese,Lowes Foods,11.99,other,2026-05-20,2026-05-26
Nabisco Mini Variety Pack,Lowes Foods,5.99,other,2026-05-06,2026-05-12
Nabisco Newtons,Lowes Foods,7.0,other,2026-05-06,2026-05-12
Nabisco Newtons,Lowes Foods,7.0,other,2026-07-22,2026-07-28
Nabisco Nilla Wafers,Lowes Foods,8.0,other,2026-05-20,2026-05-26
Nabisco Nilla Wafers,Lowes Foods,7.0,other,2026-07-01,2026-07-07
Native Deodorant,Lowes Foods,11.49,other,2026-04-29,2026-05-05
Native Deodorant,Lowes Foods,10.99,other,2026-05-27,2026-06-02
Native Deodorants,Lowes Foods,11.99,other,2026-09-02,2026-09-08
Nature Valley or Fiber One Bars,Lowes Foods,6.0,other,2026-05-20,2026-05-26
Nescafé Taster's Choice,Lowes Foods,11.49,other,2026-05-13,2026-05-19
Nestlé Pure Life Water,Lowes Foods,4.99,other,2026-05-13,2026-05-19
Nestlé Pure Life Water,Lowes Foods,4.49,other,2026-07-01,2026-07-07
Neutrogena Sunscreen,Lowes Foods,10.99,other,2026-05-20,2026-05-26
Neutrogena Sunscreen,Lowes Foods,10.99,other,2026-07-01,2026-07-07
Newman's Own Thin Pizza,Lowes Foods,12.0,other,2026-04-29,2026-05-05
Nivea Lip Care,Lowes Foods,5.0,other,2026-05-06,2026-05-12
Nivea Men's Aftershave,Lowes Foods,7.39,other,2026-06-03,2026-06-09
Nivea Men's Aftershave,Lowes Foods,7.39,other,2026-06-17,2026-06-23
Nivea Men Body Wash,Lowes Foods,4.39,other,2026-06-03,2026-06-09
Nivea Men Body Wash,Lowes Foods,4.39,other,2026-06-17,2026-06-23
Nobilo or Matua,Lowes Foods,10.39,other,2026-07-22,2026-07-28
"Nobilo, Starborough or Crossings",Lowes Foods,9.59,other,2026-09-02,2026-09-08
"Noble Vines, Bogle or Clos Du Bois",Lowes Foods,10.99,other,2026-05-06,2026-05-12
Noosa Yoghurt,Lowes Foods,2.0,other,2026-09-02,2026-09-08
Nordic Naturals,Lowes Foods,21.99,other,2026-07-22,2026-07-28
Nutpods Creamer,Lowes Foods,3.99,other,2026-04-29,2026-05-05
Nutpods Half & Half,Lowes Foods,3.99,other,2026-04-29,2026-05-05
Nutrish Dog Food,Lowes Foods,23.99,other,2026-05-27,2026-06-02
Nutrish Dry Cat Food,Lowes Foods,6.99,other,2026-05-20,2026-05-26
Nutrish Dry Cat Food,Lowes Foods,12.99,other,2026-06-17,2026-06-23
Nutrish Soup Bones,Lowes Foods,2.99,other,2026-05-20,2026-05-26
OGX Argan Oil of Morocco Shampoo or Conditioner,Lowes Foods,8.79,other,2026-05-06,2026-05-12
OGX Shampoo or Conditioner,Lowes Foods,7.39,other,2026-05-06,2026-05-12
Oh Snap! Bites,Lowes Foods,3.0,other,2026-05-20,2026-05-26
Olay Body Wash,Lowes Foods,5.99,other,2026-05-27,2026-06-02
Olay Body Wash,Lowes Foods,7.89,other,2026-07-22,2026-07-28
Olay Body Wash,Lowes Foods,6.89,other,2026-09-02,2026-09-08
Old El Paso Dinner Kits,Lowes Foods,5.0,other,2026-04-29,2026-05-05
Olipop,Lowes Foods,5.0,other,2026-05-27,2026-06-02
Olipop,Lowes Foods,5.0,other,2026-06-03,2026-06-09
Olipop,Lowes Foods,5.0,other,2026-06-10,2026-06-16
Orchid in Mother's Day Sleeve,Lowes Foods,26.99,other,2026-05-06,2026-05-12
Oscar Mayer Basic Lunchables,Lowes Foods,6.0,other,2026-07-22,2026-07-28
Oscar Mayer Funpack Lunchables,Lowes Foods,6.0,other,2026-04-29,2026-05-05
Oscar Mayer Lunchables,Lowes Foods,6.0,other,2026-05-27,2026-06-02
Oscar Mayer Uploaded Lunchables,Lowes Foods,8.0,other,2026-05-06,2026-05-12
Oscar Mayer Uploaded Lunchables,Lowes Foods,8.0,other,2026-06-03,2026-06-09
Oscar Mayer Uploaded Lunchables,Lowes Foods,8.0,other,2026-07-01,2026-07-07
Outshine Bars,Lowes Foods,3.99,other,2026-04-29,2026-05-05
Outshine Bars,Lowes Foods,4.99,other,2026-04-29,2026-05-05
Outshine Bars,Lowes Foods,2.99,other,2026-05-20,2026-05-26
Outshine Bars,Lowes Foods,4.99,other,2026-06-10,2026-06-16
Outshine Bars,Lowes Foods,3.99,other,2026-06-10,2026-06-16
Ovengold Turkey,Lowes Foods,12.99,other,2026-04-22,2026-04-28
"Pacifico, Lone River or Topo Chico",Lowes Foods,12.88,other,2026-04-29,2026-05-05
Palmetto or OMG! Dip,Lowes Foods,7.99,other,2026-05-20,2026-05-26
Palmolive Dish Liquid,Lowes Foods,6.0,other,2026-06-17,2026-06-23
Pam Cooking or Grilling Spray,Lowes Foods,3.49,other,2026-05-06,2026-05-12
Pampers Baby Wipes,Lowes Foods,1.99,other,2026-04-29,2026-05-05
Pampers Cruisers 360 Diapers,Lowes Foods,22.99,other,2026-04-29,2026-05-05
Pampers Cruisers 360 Diapers,Lowes Foods,22.99,other,2026-09-02,2026-09-08
Pampers Easy Ups Training Pants,Lowes Foods,7.99,other,2026-05-27,2026-06-02
Pampers Swaddlers Diapers,Lowes Foods,26.99,other,2026-04-29,2026-05-05
Pampers Swaddlers Diapers,Lowes Foods,26.99,other,2026-05-27,2026-06-02
Pantene Pump Shampoo or Conditioner,Lowes Foods,7.49,other,2026-04-29,2026-05-05
Path Water,Lowes Foods,5.0,other,2026-06-17,2026-06-23
Path Water,Lowes Foods,5.0,other,2026-07-01,2026-07-07
Path Water,Lowes Foods,5.0,other,2026-09-02,2026-09-08
Pedigree Dog Food,Lowes Foods,17.99,other,2026-05-13,2026-05-19
Pedigree Dog Food,Lowes Foods,16.99,other,2026-07-01,2026-07-07
Pedigree Pouch,Lowes Foods,17.99,other,2026-05-13,2026-05-19
Pedigree Pouch,Lowes Foods,16.99,other,2026-07-01,2026-07-07
Pepperidge Farm Goldfish,Lowes Foods,7.99,other,2026-04-29,2026-05-05
Pepperidge Farm Goldfish,Lowes Foods,6.0,other,2026-06-17,2026-06-23
Pepperidge Farm Goldfish,Lowes Foods,8.99,other,2026-07-22,2026-07-28
Pepperidge Farm Goldfish Family Size,Lowes Foods,7.0,other,2026-05-13,2026-05-19
Pepperidge Farm Goldfish Family Size,Lowes Foods,7.0,other,2026-06-10,2026-06-16
Pepto Bismol,Lowes Foods,4.49,other,2026-09-02,2026-09-08
Perdue Air Fry Wings,Lowes Foods,9.99,other,2026-07-22,2026-07-28
Persil,Lowes Foods,10.99,other,2026-06-03,2026-06-09
Persil Detergent,Lowes Foods,9.99,other,2026-04-29,2026-05-05
Persil Detergent,Lowes Foods,10.99,other,2026-06-17,2026-06-23
Pessimist or Greenwing,Lowes Foods,12.74,other,2026-05-13,2026-05-19
PictSweet Farms Vegetables,Lowes Foods,10.0,other,2026-05-20,2026-05-26
"PictSweet Grilling, Roasting or Skillet Vegetables",Lowes Foods,6.0,other,2026-05-20,2026-05-26
Pillsbury Frosting,Lowes Foods,4.0,other,2026-05-20,2026-05-26
Pink Flamingo Day Bouquet,Lowes Foods,15.0,other,2026-06-17,2026-06-23
Pirate's Booty,Lowes Foods,6.99,other,2026-06-17,2026-06-23
Poke's Dog Treats,Lowes Foods,4.99,other,2026-05-27,2026-06-02
Pop-Tarts Toaster Pastries,Lowes Foods,6.0,other,2026-04-22,2026-04-28
Pop-Tarts Toaster Pastries,Lowes Foods,4.0,other,2026-05-20,2026-05-26
Pop-Tarts Toaster Pastries,Lowes Foods,6.0,other,2026-06-03,2026-06-09
Poppi,Lowes Foods,5.0,other,2026-05-06,2026-05-12
Poppi,Lowes Foods,5.0,other,2026-05-13,2026-05-19
Poppi,Lowes Foods,5.0,other,2026-05-20,2026-05-26
Poppi,Lowes Foods,10.0,other,2026-09-02,2026-09-08
Puffs Facial Tissue,Lowes Foods,4.99,other,2026-05-27,2026-06-02
Pup-Peroni Dog Snacks,Lowes Foods,3.49,other,2026-05-13,2026-05-19
Pup-Peroni Dog Treats,Lowes Foods,14.49,other,2026-05-13,2026-05-19
Pure Life Drinking Water,Lowes Foods,3.99,other,2026-04-29,2026-05-05
Pure Life Drinking Water,Lowes Foods,3.99,other,2026-09-02,2026-09-08
Purex,Lowes Foods,6.99,other,2026-05-27,2026-06-02
Purex Laundry Detergent,Lowes Foods,7.99,other,2026-04-22,2026-04-28
Purina Cat Chow,Lowes Foods,17.99,other,2026-04-22,2026-04-28
Purina Cat Chow,Lowes Foods,5.99,other,2026-05-27,2026-06-02
Purina Dog Chow,Lowes Foods,15.88,other,2026-07-22,2026-07-28
Purina Dog Chow,Lowes Foods,11.99,other,2026-09-02,2026-09-08
Purina One Natural Cat Food,Lowes Foods,9.99,other,2026-06-03,2026-06-09
Purina One Natural Cat Food,Lowes Foods,9.99,other,2026-07-22,2026-07-28
Purina One Smartblend Dog Food,Lowes Foods,31.99,other,2026-05-06,2026-05-12
Purina One Smartblend Dog Food,Lowes Foods,16.88,other,2026-09-02,2026-09-08
Quilted Northern Bath Tissue,Lowes Foods,12.99,other,2026-05-27,2026-06-02
Rana Family Style Meals,Lowes Foods,13.99,other,2026-07-22,2026-07-28
Ranch or Dipping Sauces,Lowes Foods,2.99,other,2026-09-02,2026-09-08
Rancho La Gloria Cocktails,Lowes Foods,16.88,other,2026-04-29,2026-05-05
Rao's Single Serve Meals,Lowes Foods,2.99,other,2026-05-13,2026-05-19
Rao's Single Serve Meals,Lowes Foods,3.99,other,2026-06-10,2026-06-16
Fresh Raspberries,Lowes Foods,3.99,other,2026-05-27,2026-06-02
Fresh Raspberries,Lowes Foods,3.99,other,2026-06-17,2026-06-23
"FRESH RASPBERRIES, BLACKBERRIES",Lowes Foods,3.49,other,2026-09-02,2026-09-08
Regular American sammich,Lowes Foods,6.99,other,2026-04-29,2026-05-05
Riondo or I Heart,Lowes Foods,10.49,other,2026-05-13,2026-05-19
Riondo | Yellow Tail,Lowes Foods,11.99,other,2026-06-03,2026-06-09
"Risata, Korbel or I Heart or Franciscan",Lowes Foods,10.39,other,2026-09-02,2026-09-08
"Risata, Korbel or Riondo",Lowes Foods,12.99,other,2026-06-17,2026-06-23
"Risata, Korbel or Ruffino Sparkling",Lowes Foods,11.19,other,2026-05-20,2026-05-26
Rockwell Farm 1.5 Gallon Flowering Hanging Basket,Lowes Foods,12.99,other,2026-05-06,2026-05-12
Rodney Strong or Silver Beach 750 ml Woodbridge 1.5 liter,Lowes Foods,10.99,other,2026-05-06,2026-05-12
Rolaids,Lowes Foods,3.99,other,2026-04-29,2026-05-05
Rombauer or My Favorite Neighbor,Lowes Foods,35.99,other,2026-06-10,2026-06-16
Roscato or Freixenet,Lowes Foods,11.99,other,2026-05-27,2026-06-02
Rotho Eye Drops,Lowes Foods,6.49,other,2026-04-29,2026-05-05
Saffron Road Frozen Meals,Lowes Foods,7.0,other,2026-04-22,2026-04-28
Salad Bar,Lowes Foods,8.99,other,2026-04-22,2026-04-28
"Sam Adams, Angry Orchard or Twisted Tea",Lowes Foods,13.88,other,2026-04-22,2026-04-28
"Sam Adams, Blue Moon, Vizzy or Ultra",Lowes Foods,14.88,other,2026-05-27,2026-06-02
Sam Adams or Highland,Lowes Foods,17.99,other,2026-07-22,2026-07-28
SAMMY'S Ready To Heat Soups,Lowes Foods,6.49,other,2026-05-27,2026-06-02
SAMMY'S Regular American Sammich,Lowes Foods,6.99,other,2026-06-17,2026-06-23
SAMMY'S Regular Italian Sammich,Lowes Foods,6.99,other,2026-06-03,2026-06-09
SAMMY'S SALAD BAR,Lowes Foods,8.99,other,2026-09-02,2026-09-08
SAMMY'S SALADS,Lowes Foods,9.49,other,2026-04-22,2026-04-28
SAMMY'S SOUP,Lowes Foods,6.49,other,2026-04-29,2026-05-05
SAMMY'S SOUP READY TO HEAT SOUPS,Lowes Foods,5.99,other,2026-05-06,2026-05-12
SAMMY'S SOUP READY TO HEAT SOUPS,Lowes Foods,7.49,other,2026-06-10,2026-06-16
SAMMY'S SOUP READY TO HEAT SOUPS,Lowes Foods,7.49,other,2026-06-17,2026-06-23
SAMMY'S SOUPS READY TO HEAT SOUPS,Lowes Foods,6.99,other,2026-07-22,2026-07-28
SAMMY'S SOUPS READY TO HEAT SOUPS,Lowes Foods,6.99,other,2026-09-02,2026-09-08
San Pellegrino Sparkling,Lowes Foods,5.99,other,2026-05-20,2026-05-26
Sargento Balanced Breaks,Lowes Foods,6.0,other,2026-05-13,2026-05-19
Sargento Balanced Breaks,Lowes Foods,8.99,other,2026-06-10,2026-06-16
Sargento Shareables,Lowes Foods,7.0,other,2026-09-02,2026-09-08
Saucy Spoon Baked Beans,Lowes Foods,5.0,other,2026-05-06,2026-05-12
Schweid & Sons Burgers,Lowes Foods,12.99,other,2026-06-17,2026-06-23
Scott Bath Tissue,Lowes Foods,7.99,other,2026-07-22,2026-07-28
Scott Comfort Plus Bath Tissue,Lowes Foods,4.99,other,2026-06-03,2026-06-09
Scott Paper Towels,Lowes Foods,6.99,other,2026-05-06,2026-05-12
Scott Paper Towels,Lowes Foods,6.99,other,2026-05-20,2026-05-26
Scott Paper Towels,Lowes Foods,6.79,other,2026-07-22,2026-07-28
Scott Extra Soft Bath Tissue,Lowes Foods,4.99,other,2026-05-27,2026-06-02
Seaglass or Bogle,Lowes Foods,7.49,other,2026-05-13,2026-05-19
SEAGLASS OR WENTE,Lowes Foods,11.99,other,2026-07-01,2026-07-07
Sheba Cat Food,Lowes Foods,10.0,other,2026-05-06,2026-05-12
Sheba Perfect Portions,Lowes Foods,15.99,other,2026-04-29,2026-05-05
Sheba Perfect Portions,Lowes Foods,16.99,other,2026-05-13,2026-05-19
Sheba Perfect Portions,Lowes Foods,15.99,other,2026-07-01,2026-07-07
"Sierra Nevada, Athletic or Best Day",Lowes Foods,19.99,other,2026-06-10,2026-06-16
"Sierra Trailpass, Athletic or Best Day",Lowes Foods,15.88,other,2026-04-29,2026-05-05
"Sierra Trailpass, Athletic or Best Day",Lowes Foods,19.99,other,2026-07-01,2026-07-07
Simply Done Bath Tissue,Lowes Foods,9.99,other,2026-06-10,2026-06-16
Simply Done Clear Assorted Cutlery,Lowes Foods,9.99,other,2026-05-13,2026-05-19
Simply Done Container,Lowes Foods,7.0,other,2026-09-02,2026-09-08
Simply Done Heavy Duty Aluminum Foil,Lowes Foods,3.99,other,2026-05-13,2026-05-19
Simply Done Paper Towels,Lowes Foods,16.99,other,2026-05-13,2026-05-19
Simply Done Paper Towels,Lowes Foods,12.99,other,2026-06-10,2026-06-16
Simply Done Personal Wipes,Lowes Foods,2.99,other,2026-07-22,2026-07-28
Simply Done Soft Bath Tissue,Lowes Foods,19.99,other,2026-05-13,2026-05-19
Skinny Butcher Sandwiches,Lowes Foods,4.99,other,2026-05-06,2026-05-12
Skinny Butcher Sandwiches,Lowes Foods,5.99,other,2026-06-10,2026-06-16
Slim Jim Pantry Pack,Lowes Foods,11.99,other,2026-05-27,2026-06-02
Slim Jim Pantry Pack,Lowes Foods,11.99,other,2026-06-03,2026-06-09
Smartwater,Lowes Foods,11.49,other,2026-06-17,2026-06-23
Smartwater,Lowes Foods,6.99,other,2026-06-17,2026-06-23
Smartwater,Lowes Foods,9.95,other,2026-07-01,2026-07-07
Smithfield Prime Fresh Sliced Meats,Lowes Foods,4.79,other,2026-05-27,2026-06-02
SMOKEHOUSE Fully Cooked St Louis Ribs,Lowes Foods,15.99,other,2026-07-01,2026-07-07
SMOKEHOUSE Whole Smoked Chicken,Lowes Foods,6.99,other,2026-06-10,2026-06-16
Smucker's Uncrustables,Lowes Foods,8.99,other,2026-05-20,2026-05-26
Smucker's Uncrustables,Lowes Foods,8.99,other,2026-07-01,2026-07-07
"Soapbox Shampoo, Conditioner or Body Wash",Lowes Foods,6.99,other,2026-05-13,2026-05-19
Softsoap Body Wash,Lowes Foods,5.99,other,2026-05-27,2026-06-02
Softsoap Handsoap,Lowes Foods,5.0,other,2026-06-17,2026-06-23
Softsoap Liquid Hand Soap,Lowes Foods,2.99,other,2026-05-27,2026-06-02
Solarcaine After Sun,Lowes Foods,7.99,other,2026-07-01,2026-07-07
Solely Dried Fruit,Lowes Foods,5.49,other,2026-06-03,2026-06-09
Sour Patch Kids,Lowes Foods,2.99,other,2026-05-20,2026-05-26
SOUTH MILL PORTABELLA CAPS,Lowes Foods,3.49,other,2026-07-22,2026-07-28
Spam,Lowes Foods,8.0,other,2026-09-02,2026-09-08
Sparkle Paper Towels,Lowes Foods,9.99,other,2026-05-06,2026-05-12
Sparkle Paper Towels,Lowes Foods,9.99,other,2026-05-20,2026-05-26
Sparkling Ice,Lowes Foods,5.0,other,2026-09-02,2026-09-08
Sparkling Ice Water,Lowes Foods,11.99,other,2026-05-13,2026-05-19
Sparkling Ice Water,Lowes Foods,11.99,other,2026-05-20,2026-05-26
Sparkling Ice Water,Lowes Foods,5.99,other,2026-05-27,2026-06-02
Sparkling Ice Water,Lowes Foods,5.99,other,2026-06-03,2026-06-09
Splendor Water,Lowes Foods,3.0,other,2026-05-13,2026-05-19
Large Square Fruit Tart,Lowes Foods,14.99,other,2026-05-20,2026-05-26
Large Square Fruit Tart,Lowes Foods,14.99,other,2026-07-01,2026-07-07
Star's Pimento Spread,Lowes Foods,6.0,other,2026-07-01,2026-07-07
Starbucks Creamer,Lowes Foods,9.0,other,2026-05-20,2026-05-26
Stauffer's Ginger Snaps,Lowes Foods,5.0,other,2026-07-22,2026-07-28
Fresh Step Cat Litter,Lowes Foods,14.99,other,2026-05-06,2026-05-12
Stone or Victory,Lowes Foods,16.99,other,2026-06-03,2026-06-09
Stouffer's Dinner Entrees,Lowes Foods,10.0,other,2026-05-06,2026-05-12
Stouffer's Entrees,Lowes Foods,6.0,other,2026-06-03,2026-06-09
Stouffer's Entrees,Lowes Foods,3.99,other,2026-07-01,2026-07-07
Stouffer's Party Size Entrees,Lowes Foods,13.99,other,2026-05-13,2026-05-19
Stouffer's Party Size Entrees,Lowes Foods,13.99,other,2026-06-17,2026-06-23
Stouffer's Party Size Entrees,Lowes Foods,13.99,other,2026-09-02,2026-09-08
Stouffer's Family Size Entrées,Lowes Foods,3.99,other,2026-04-22,2026-04-28
Stouffer's Family Size Entrees,Lowes Foods,7.99,other,2026-06-10,2026-06-16
Stouffer's Family Size Meals,Lowes Foods,11.99,other,2026-05-20,2026-05-26
Stouffers Family Meals,Lowes Foods,7.99,other,2026-04-29,2026-05-05
STRAWBERRIES,Lowes Foods,3.99,other,2026-04-29,2026-05-05
STRAWBERRIES,Lowes Foods,3.99,other,2026-05-13,2026-05-19
STRAWBERRIES,Lowes Foods,3.99,other,2026-05-20,2026-05-26
STRAWBERRIES,Lowes Foods,3.99,other,2026-06-03,2026-06-09
STRAWBERRIES,Lowes Foods,3.99,other,2026-07-22,2026-07-28
Stubb's or Franks Red Hot,Lowes Foods,3.49,other,2026-07-01,2026-07-07
Suavitel Liquid Fabric Softener,Lowes Foods,3.99,other,2026-06-17,2026-06-23
Success & Minute Rice,Lowes Foods,4.0,other,2026-07-01,2026-07-07
Success or Mahatma Rice,Lowes Foods,4.99,other,2026-07-01,2026-07-07
Suddenly Salad,Lowes Foods,4.0,other,2026-07-01,2026-07-07
Sun Bum Shampoo Or Conditioner,Lowes Foods,7.99,other,2026-06-10,2026-06-16
Sun Bum Sun Care,Lowes Foods,12.99,other,2026-05-20,2026-05-26
Sun Bum Sun Care,Lowes Foods,12.59,other,2026-06-10,2026-06-16
Sun Bum Sun Care Lip Balm,Lowes Foods,6.99,other,2026-06-10,2026-06-16
Sun Bum Sun Care Tanning Oil,Lowes Foods,12.99,other,2026-06-10,2026-06-16
Supreme Source Dog Food,Lowes Foods,18.99,other,2026-06-03,2026-06-09
Sutter Home or Woodbridge,Lowes Foods,9.88,other,2026-04-29,2026-05-05
Swaggerty's Farm Patties,Lowes Foods,7.49,other,2026-05-06,2026-05-12
Swanson Broth,Lowes Foods,4.0,other,2026-04-22,2026-04-28
Sweet Baby Ray's Barbecue Sauce,Lowes Foods,4.0,other,2026-05-06,2026-05-12
Sweet Baby Ray's Barbecue Sauce,Lowes Foods,4.0,other,2026-09-02,2026-09-08
Sweet Baby Ray's Marinades,Lowes Foods,6.0,other,2026-05-06,2026-05-12
Sweet Baby Ray's Marinades,Lowes Foods,6.0,other,2026-09-02,2026-09-08
Sweet Blueberries,Lowes Foods,3.99,other,2026-06-10,2026-06-16
Sweet Blueberries,Lowes Foods,3.99,other,2026-06-17,2026-06-23
Sweet Corn,Lowes Foods,1.0,other,2026-05-20,2026-05-26
Sweet Corn,Lowes Foods,3.0,other,2026-05-27,2026-06-02
Sweet Corn,Lowes Foods,3.0,other,2026-06-17,2026-06-23
Sweet Corn,Lowes Foods,1.0,other,2026-07-01,2026-07-07
SWEET DARK CHERRIES,Lowes Foods,4.99,other,2026-06-17,2026-06-23
SWEET DARK CHERRIES,Lowes Foods,2.99,other,2026-07-01,2026-07-07
SWEET DARK CHERRIES,Lowes Foods,4.99,other,2026-07-22,2026-07-28
SweeTarts Ropes,Lowes Foods,3.99,other,2026-05-20,2026-05-26
Swiffer Duster,Lowes Foods,9.99,other,2026-05-27,2026-06-02
"Swiffer Duster Refill, Wet Cloth, Dry Cloth, Power Mop Pad or Wet Jet Pads",Lowes Foods,7.79,other,2026-09-02,2026-09-08
Swiffer Multi-Surface Power Mop,Lowes Foods,19.99,other,2026-04-29,2026-05-05
Swiffer Refills,Lowes Foods,7.99,other,2026-05-27,2026-06-02
Swiffer Wet Jet Starter Kit,Lowes Foods,19.99,other,2026-05-27,2026-06-02
Taco Bell Craving Kits,Lowes Foods,6.99,other,2026-04-29,2026-05-05
Taco Bell Dinner Kit,Lowes Foods,6.0,other,2026-06-17,2026-06-23
Taco Bell Sauce,Lowes Foods,4.0,other,2026-06-17,2026-06-23
Tampax,Lowes Foods,7.99,other,2026-05-27,2026-06-02
Tapatío Bowls,Lowes Foods,3.99,other,2026-09-02,2026-09-08
Tattooed Chef Entrees,Lowes Foods,4.99,other,2026-04-22,2026-04-28
Tattooed Chef Entrees,Lowes Foods,3.99,other,2026-06-03,2026-06-09
Tattooed Chef Entrees,Lowes Foods,4.99,other,2026-09-02,2026-09-08
Temptations Dry Cat Food,Lowes Foods,5.79,other,2026-07-22,2026-07-28
Temptations Treats,Lowes Foods,9.99,other,2026-05-13,2026-05-19
Temptations Treats,Lowes Foods,9.49,other,2026-07-01,2026-07-07
Temptations Treats,Lowes Foods,1.99,other,2026-07-22,2026-07-28
FRESH TENDER SWEET CORN,Lowes Foods,1.0,other,2026-09-02,2026-09-08
TGI Fridays Appetizers,Lowes Foods,4.49,other,2026-07-01,2026-07-07
TGI Fridays Appetizers,Lowes Foods,4.49,other,2026-07-22,2026-07-28
Therabreath,Lowes Foods,7.99,other,2026-06-10,2026-06-16
Tide Evo Laundry Tiles,Lowes Foods,9.49,other,2026-04-22,2026-04-28
Tide Laundry Detergent,Lowes Foods,10.99,other,2026-04-22,2026-04-28
Tide Laundry Detergent 32 - 57 ct or Gain Laundry Detergent 35 - 60 ct or Downy Scent Booster selected,Lowes Foods,22.0,other,2026-05-27,2026-06-02
"Tide Laundry Detergent, Downy",Lowes Foods,7.88,other,2026-09-02,2026-09-08
"Tide Laundry Detergent, Downy Liquid, Downy Scent Booster, Downy Rinse",Lowes Foods,12.79,other,2026-06-17,2026-06-23
Tide Laundry Detergent selected 73-84 oz or 25-42 ct Downy Scent Booster selected 18.2 oz,Lowes Foods,20.0,other,2026-05-06,2026-05-12
"Tide Liquid Laundry Detergent, Gain Laundry Detergent",Lowes Foods,22.0,other,2026-05-27,2026-06-02
"Tide Liquid Laundry Detergent selected 73 - 80 oz, Tide Pods selected 25 - 42 ct, Tide or Downy Rinse selected 48 oz, Downy or Gain Scent Booster selected 18.2 oz, Downy Liquid Fabric Softner selected 93 - 140 oz",Lowes Foods,12.79,other,2026-07-22,2026-07-28
Tidy Cats Cat Litter,Lowes Foods,11.99,other,2026-05-27,2026-06-02
TombStone Original Pizza,Lowes Foods,7.0,other,2026-05-13,2026-05-19
Too Good Creamer,Lowes Foods,8.0,other,2026-07-01,2026-07-07
TopCare Dual Action Acetaminophen,Lowes Foods,5.39,other,2026-04-22,2026-04-28
TopCare Fluticasone Allergy Spray,Lowes Foods,16.99,other,2026-04-22,2026-04-28
TopCare Hand Sanitizer,Lowes Foods,4.0,other,2026-09-02,2026-09-08
TopCare Ibuprofen,Lowes Foods,4.99,other,2026-05-20,2026-05-26
TopCare Long Unscented Liners,Lowes Foods,2.99,other,2026-04-22,2026-04-28
TopCare Omeprazole,Lowes Foods,9.99,other,2026-05-20,2026-05-26
TopCare Regular Maxi Pads or Unscented Liners,Lowes Foods,3.99,other,2026-04-22,2026-04-28
TopCare Sunscreen,Lowes Foods,7.99,other,2026-07-01,2026-07-07
TopCare Women's Razor,Lowes Foods,4.49,other,2026-05-20,2026-05-26
Topo Chico,Lowes Foods,7.49,other,2026-04-22,2026-04-28
Topo Chico,Lowes Foods,6.99,other,2026-04-29,2026-05-05
"Topo Chico, Leinenkugel's or Vizzy",Lowes Foods,17.99,other,2026-05-13,2026-05-19
Totino's Party Pizza,Lowes Foods,10.0,other,2026-07-01,2026-07-07
Traeger Pellets,Lowes Foods,17.99,other,2026-06-10,2026-06-16
Tums Antacids,Lowes Foods,5.99,other,2026-07-01,2026-07-07
Tums Chewy Bites,Lowes Foods,11.69,other,2026-07-01,2026-07-07
Tylenol Extra Strength,Lowes Foods,10.79,other,2026-06-03,2026-06-09
Tyson Better For You or Any'tizers Chicken,Lowes Foods,8.99,other,2026-09-02,2026-09-08
Tyson Wings or Any'tizers,Lowes Foods,7.99,other,2026-05-27,2026-06-02
Ultra,Lowes Foods,16.88,other,2026-06-03,2026-06-09
Ultra Chewy Summer Dog Treats,Lowes Foods,7.0,other,2026-05-20,2026-05-26
Ultra Micro Crystals Cat Litter,Lowes Foods,12.99,other,2026-05-06,2026-05-12
Utz Value Pack,Lowes Foods,8.99,other,2026-04-29,2026-05-05
Utz Variety Pack,Lowes Foods,8.99,other,2026-04-22,2026-04-28
Utz Variety Pack,Lowes Foods,8.99,other,2026-09-02,2026-09-08
Utz Variety Snack Pack,Lowes Foods,5.99,other,2026-05-06,2026-05-12
Vanity Fair Napkins,Lowes Foods,6.0,other,2026-05-06,2026-05-12
Vanity Fair Napkins,Lowes Foods,6.0,other,2026-05-20,2026-05-26
Velveeta Loaf,Lowes Foods,7.49,other,2026-07-01,2026-07-07
Venus or Gillette Razors,Lowes Foods,3.99,other,2026-04-29,2026-05-05
Vicks PainQuil Pain Relief,Lowes Foods,7.99,other,2026-05-27,2026-06-02
Vicks' ZzzQuil Nighttime Sleep Aid,Lowes Foods,7.99,other,2026-04-29,2026-05-05
Vital Pursuit,Lowes Foods,7.0,other,2026-06-17,2026-06-23
Vital Pursuit,Lowes Foods,7.0,other,2026-09-02,2026-09-08
Viva Paper Towels,Lowes Foods,5.99,other,2026-05-27,2026-06-02
Voltaren,Lowes Foods,11.99,other,2026-06-10,2026-06-16
Voortman Wafers,Lowes Foods,7.0,other,2026-04-29,2026-05-05
"Whispering Angel, Bonanza or Conundrum",Lowes Foods,18.88,other,2026-04-22,2026-04-28
White Castle Sliders,Lowes Foods,13.99,other,2026-05-27,2026-06-02
White Seedless Grapes,Lowes Foods,2.99,other,2026-09-02,2026-09-08
Whole Smoked Chicken,Lowes Foods,6.99,other,2026-04-22,2026-04-28
Whole Smoked Chicken,Lowes Foods,6.99,other,2026-04-29,2026-05-05
Whole Smoked Chicken,Lowes Foods,6.99,other,2026-05-06,2026-05-12
Whole Smoked Chicken,Lowes Foods,6.99,other,2026-05-13,2026-05-19
Whole Smoked Chicken,Lowes Foods,6.99,other,2026-05-27,2026-06-02
Whole Smoked Chicken,Lowes Foods,6.99,other,2026-06-03,2026-06-09
Whole Smoked Chicken,Lowes Foods,6.99,other,2026-06-17,2026-06-23
Whole Smoked Chicken,Lowes Foods,6.99,other,2026-07-01,2026-07-07
Whole Smoked Chicken,Lowes Foods,6.99,other,2026-07-22,2026-07-28
Whole Smoked Chicken,Lowes Foods,6.99,other,2026-09-02,2026-09-08
"Wicked Weed, Foothills or Highland",Lowes Foods,19.99,other,2026-05-06,2026-05-12
"Wicked Weed, Highland or NoDa",Lowes Foods,18.99,other,2026-06-10,2026-06-16
"Wicked Weed, NoDa or Burial",Lowes Foods,10.88,other,2026-04-22,2026-04-28
Wicked Weed or New Belgium,Lowes Foods,10.99,other,2026-06-03,2026-06-09
"Wicked Weed, Red Oak, NoDa",Lowes Foods,16.88,other,2026-04-29,2026-05-05
WING Wednesday,Lowes Foods,0.44,other,2026-05-13,2026-05-19
"Woodbridge, Gionelli or Sutter Home",Lowes Foods,8.79,other,2026-09-02,2026-09-08
"Woodbridge, Yellow Tail or Sutter Home",Lowes Foods,9.99,other,2026-07-01,2026-07-07
Wyman's Frozen Fruit,Lowes Foods,9.99,other,2026-05-27,2026-06-02
"XXL, Cook's or 19 Crimes",Lowes Foods,7.99,other,2026-05-20,2026-05-26
"XXL, MAXX or Icon",Lowes Foods,9.88,other,2026-04-29,2026-05-05
XXL or Cook's,Lowes Foods,6.74,other,2026-05-13,2026-05-19
XXL selected 750 ml Liberty Creek selected 1.5 liter,Lowes Foods,8.99,other,2026-07-01,2026-07-07
Yardley Bar Soap,Lowes Foods,5.0,other,2026-04-29,2026-05-05
"Yellow, White or Bi-Color Sweet Corn",Lowes Foods,1.0,other,2026-05-20,2026-05-26
Zatarain's Frozen Dinners,Lowes Foods,4.0,other,2026-05-06,2026-05-12
Zatarain's Sides,Lowes Foods,5.0,other,2026-05-06,2026-05-12
Zatarain's Family Size Dinners,Lowes Foods,5.0,other,2026-05-06,2026-05-12
Zevia,Lowes Foods,5.99,other,2026-07-22,2026-07-28
Zum Lotion,Lowes Foods,8.99,other,2026-05-06,2026-05-12
Zyrtec Allergy Relief,Lowes Foods,20.99,other,2026-09-02,2026-09-08
12-Pack Cayman Jack Margarita,Publix,20.49,other,2026-04-29,2026-05-05
12-Pack Estrella Jalisco,Publix,16.99,other,2026-07-01,2026-07-07
4505 Chicharrones,Publix,7.0,other,2026-06-13,2026-06-26
Act Mouthwash or Rinse,Publix,4.49,other,2026-05-16,2026-05-29
All Laundry Detergent,Publix,11.99,other,2026-05-06,2026-05-12
"Allegra 24–30-ct., Allegra Kids 8-oz, Xyzal 35-ct. or Nasacort .57-oz",Publix,19.99,other,2026-08-26,2026-09-08
"Allegra 24-30-ct., Allegra Kids 8-oz, Xyzal 35-ct., Nasacort. 57-oz",Publix,19.99,other,2026-05-16,2026-05-29
"Allegra 24-30-ct., Allegra Kids 8-oz, Xyzal 35-ct. or Nasacort. 57-oz",Publix,19.99,other,2026-06-27,2026-07-10
Always Daily Protect Liners 48–60-ct. or Daily Fresh Liners 72-ct.,Publix,10.0,other,2026-06-27,2026-07-10
Always Daily Protect Liners 48-60-ct. or Daily Fresh Liners 72-ct.,Publix,10.0,other,2026-04-18,2026-05-01
Always Daily Protect Liners 48-60-ct. or Daily Fresh Liners 72-ct.,Publix,10.0,other,2026-05-30,2026-06-12
Always Discreet Pads,Publix,14.99,other,2026-06-13,2026-06-26
Always Discreet Underwear,Publix,13.99,other,2026-06-13,2026-06-26
Always Radiant or Infinity Flexfoam Pads,Publix,9.99,other,2026-05-16,2026-05-29
Always Radiant or Infinity Flexfoam Pads,Publix,9.99,other,2026-06-13,2026-06-26
Always Radiant or Infinity Flexfoam Pads,Publix,9.99,other,2026-08-26,2026-09-08
Always Ultra or Maxi Pads,Publix,8.99,other,2026-06-03,2026-06-10
Amish Country Chunk Cheese,Publix,3.99,other,2026-05-06,2026-05-12
Angel Soft Bathroom Tissue,Publix,7.99,other,2026-04-22,2026-04-28
Angel Soft Bathroom Tissue,Publix,11.0,other,2026-05-06,2026-05-12
Angel Soft Bathroom Tissue,Publix,7.99,other,2026-06-03,2026-06-10
Angel Soft Bathroom Tissue,Publix,5.49,other,2026-06-17,2026-06-23
Archer Minis Sticks,Publix,13.99,other,2026-06-13,2026-06-26
Arizona Tea,Publix,5.0,other,2026-05-06,2026-05-12
Arizona Tea,Publix,6.0,other,2026-06-10,2026-06-16
Arizona Tea,Publix,6.0,other,2026-07-01,2026-07-07
Arm & Hammer Hand Soaps,Publix,3.0,other,2026-05-02,2026-05-15
Armour Original Meatballs,Publix,9.99,other,2026-08-26,2026-09-08
Aspercreme,Publix,9.99,other,2026-05-02,2026-05-15
Assorted Macarons,Publix,8.99,other,2026-07-22,2026-07-28
Fresh Attitude Salads†,Publix,10.0,other,2026-06-03,2026-06-10
Fresh Attitude Salads†,Publix,6.0,other,2026-09-02,2026-09-08
Aveeno Body Wash,Publix,12.99,other,2026-05-16,2026-05-29
Banquet Mega Bowls,Publix,6.0,other,2026-06-17,2026-06-23
Bartlett Pears,Publix,1.99,other,2026-05-13,2026-05-19
Bartlett Pears,Publix,1.99,other,2026-06-03,2026-06-10
Bartlett Pears,Publix,1.99,other,2026-07-01,2026-07-07
"Bartlett, Red, or Bosc Pears",Publix,1.99,other,2026-06-17,2026-06-23
Batiste Dry Shampoo,Publix,12.99,other,2026-05-16,2026-05-29
Bear Claw Pastries,Publix,4.49,other,2026-07-22,2026-07-28
Beemster Cheese†,Publix,16.99,other,2026-09-02,2026-09-08
Beets,Publix,2.99,other,2026-05-27,2026-06-03
Beets,Publix,2.99,other,2026-06-10,2026-06-16
Ben's Ready Rice,Publix,5.0,other,2026-05-27,2026-06-03
Bertolli Skillet Meals,Publix,6.99,other,2026-06-17,2026-06-23
Birds Eye Voila! Family Size Skillet Meals,Publix,5.99,other,2026-04-22,2026-04-28
Biscotti,Publix,4.29,other,2026-06-10,2026-06-16
Blackberries,Publix,10.0,other,2026-05-06,2026-05-12
Blackberries,Publix,0.99,other,2026-05-20,2026-05-26
Blackberries,Publix,10.0,other,2026-06-10,2026-06-16
Blackberries,Publix,10.0,other,2026-06-17,2026-06-23
Blackberries,Publix,10.0,other,2026-07-01,2026-07-07
Blackberries or Red Raspberries,Publix,10.0,other,2026-04-29,2026-05-05
Blueberries,Publix,10.0,other,2026-05-27,2026-06-03
Blueberries,Publix,10.0,other,2026-07-01,2026-07-07
Boar's Head® Bold Chef Salad,Publix,7.99,other,2026-06-10,2026-06-16
Boar's Head® Build Your Own Charcuterie Platter,Publix,46.99,other,2026-06-10,2026-06-16
Boar's Head Deluxe Ham,Publix,13.49,other,2026-04-22,2026-04-28
Boar's Head Deluxe Ham,Publix,12.99,other,2026-05-20,2026-05-26
Boar's Head Deluxe Ham,Publix,12.99,other,2026-07-22,2026-07-28
Boar's Head® Frankfurters†,Publix,7.99,other,2026-09-02,2026-09-08
Boar's Head® Classic Italian Sandwich,Publix,6.49,other,2026-04-22,2026-04-28
Boar's Head® Muenster Cheese,Publix,9.99,other,2026-05-06,2026-05-12
Boar's Head® Smokemaster Ham,Publix,12.99,other,2026-06-03,2026-06-10
Boar's Head® Ultimate Whole Sub Roast,Publix,9.49,other,2026-04-22,2026-04-28
Boar's Head® Ultimate Whole Sub Roast,Publix,9.49,other,2026-06-10,2026-06-16
Boar's Head® Whole Italian Sub,Publix,9.49,other,2026-05-20,2026-05-26
Boar's Head® Whole Summer Club Sub,Publix,9.99,other,2026-09-02,2026-09-08
Bob Evans Side,Publix,11.0,other,2026-06-03,2026-06-10
Bob Evans Side Dishes,Publix,11.0,other,2026-05-20,2026-05-26
Bob Evans Side Dishes,Publix,11.0,other,2026-07-22,2026-07-28
Bob Evans Sides,Publix,11.0,other,2026-05-06,2026-05-12
Boneless,Publix,20.99,other,2026-04-22,2026-04-28
Boneless,Publix,3.29,other,2026-05-20,2026-05-26
Boneless,Publix,15.99,other,2026-05-20,2026-05-26
Boneless,Publix,16.99,other,2026-06-17,2026-06-23
Boneless,Publix,17.99,other,2026-07-01,2026-07-07
Boneless,Publix,17.99,other,2026-09-02,2026-09-08
Boneless Shoulder Roast,Publix,8.99,other,2026-07-22,2026-07-28
Boston Market Home Style Meals,Publix,10.0,other,2026-05-27,2026-06-03
Bottom Round Roast,Publix,8.99,other,2026-05-13,2026-05-19
Bottom Round Roast,Publix,7.99,other,2026-06-10,2026-06-16
Bounty Paper Towels,Publix,22.19,other,2026-04-22,2026-04-28
Bounty Paper Towels,Publix,16.99,other,2026-04-29,2026-05-05
Bounty Paper Towels,Publix,22.19,other,2026-05-13,2026-05-19
Bounty Paper Towels,Publix,22.19,other,2026-06-10,2026-06-16
Bounty Paper Towels,Publix,16.99,other,2026-06-17,2026-06-23
Bounty Paper Towels,Publix,22.19,other,2026-07-01,2026-07-07
Bounty Paper Towels,Publix,11.79,other,2026-07-01,2026-07-07
"Bounty Paper Towels, Triple",Publix,11.79,other,2026-05-20,2026-05-26
Bounty Quilted Napkins,Publix,2.79,other,2026-05-13,2026-05-19
Boursin Crumbles,Publix,8.0,other,2026-07-15,2026-07-28
Brawny Paper Towels,Publix,6.49,other,2026-04-22,2026-04-28
Brawny Paper Towels,Publix,6.49,other,2026-06-03,2026-06-10
Breakstone's Cottage Doubles,Publix,5.0,other,2026-07-01,2026-07-07
Breathe Right,Publix,11.49,other,2026-05-02,2026-05-15
Breathe Right,Publix,11.49,other,2026-08-26,2026-09-08
Brillo Estracell Sponge,Publix,4.0,other,2026-06-10,2026-06-16
Brillo Sno Bol Toilet Bowl Cleaner,Publix,5.0,other,2026-05-27,2026-06-03
Bubbies Mochi,Publix,5.49,other,2026-06-13,2026-06-26
Bubbies Mochi,Publix,4.99,other,2026-07-15,2026-07-28
Bulk Sweet Corn,Publix,3.0,other,2026-04-29,2026-05-05
Bulk Sweet Corn,Publix,3.0,other,2026-05-06,2026-05-12
Bulk Sweet Corn,Publix,3.0,other,2026-05-13,2026-05-19
Bulk Sweet Corn,Publix,3.0,other,2026-05-20,2026-05-26
Bulk Sweet Corn,Publix,3.0,other,2026-05-27,2026-06-03
Bulk Sweet Corn,Publix,3.0,other,2026-06-03,2026-06-10
Bulk Sweet Corn,Publix,3.0,other,2026-06-10,2026-06-16
Bulk Sweet Corn,Publix,3.0,other,2026-06-17,2026-06-23
Bulk Sweet Corn,Publix,3.0,other,2026-07-01,2026-07-07
Bulk Sweet Corn,Publix,3.0,other,2026-07-22,2026-07-28
Bulk Sweet Corn,Publix,3.0,other,2026-09-02,2026-09-08
Bulk Sweet Cornt,Publix,3.0,other,2026-06-17,2026-06-23
Burt's Bees Liquid or Foaming Hand Soap,Publix,3.99,other,2026-04-18,2026-05-01
Bush's Best Baked Beans,Publix,5.0,other,2026-05-13,2026-05-19
Bush's Best Baked Beans,Publix,5.0,other,2026-05-20,2026-05-26
Bush's Best Baked Beans,Publix,5.0,other,2026-07-01,2026-07-07
Bush's Best Baked Beans,Publix,5.0,other,2026-07-22,2026-07-28
Bush's Best Baked or Grillin' Beans,Publix,5.0,other,2026-09-02,2026-09-08
Bush's Best Beans,Publix,10.0,other,2026-04-22,2026-04-28
Campbell's Condensed Soup,Publix,4.0,other,2026-07-01,2026-07-07
Campbell's Soup,Publix,5.0,other,2026-07-22,2026-07-28
"Cascade 19 to 33 - ct. bag; or Dawn, 51.5 or 67 - oz",Publix,9.99,other,2026-07-22,2026-07-28
Cascade Dishwasher Detergent,Publix,19.99,other,2026-06-10,2026-06-16
Cascade Dishwasher Detergent,Publix,15.99,other,2026-06-17,2026-06-23
Cascade Dishwasher Detergent,Publix,12.99,other,2026-07-01,2026-07-07
Cascade or Dawn Dish Detergent,Publix,9.99,other,2026-05-20,2026-05-26
Cascade or Dawn Dish Detergent,Publix,9.99,other,2026-09-02,2026-09-08
Celsius On-The-Go Drink Packets,Publix,10.99,other,2026-06-10,2026-06-16
Celsius On-The-Go Hydration or On-The-Go Energy Powders,Publix,9.99,other,2026-04-18,2026-05-01
Centrum,Publix,10.99,other,2026-08-26,2026-09-08
Cerebelly Organic Baby Puree,Publix,5.0,other,2026-04-22,2026-04-28
P. F. Chang's Home Menu Appetizers or Rice,Publix,8.0,other,2026-05-20,2026-05-26
P. F. Chang's Home Menu Entrées,Publix,6.99,other,2026-05-20,2026-05-26
Charmin Bathroom Tissue,Publix,14.99,other,2026-04-22,2026-04-28
Charmin Bathroom Tissue,Publix,14.99,other,2026-05-20,2026-05-26
Charmin Bathroom Tissue,Publix,19.99,other,2026-06-03,2026-06-10
Charmin Bathroom Tissue,Publix,14.99,other,2026-06-10,2026-06-16
Charmin Bathroom Tissue,Publix,11.79,other,2026-06-17,2026-06-23
Charmin Bathroom Tissue,Publix,14.99,other,2026-07-01,2026-07-07
Cherries,Publix,5.99,other,2026-05-06,2026-05-12
Cherries,Publix,5.99,other,2026-05-13,2026-05-19
Cherries,Publix,5.99,other,2026-05-20,2026-05-26
Cherries,Publix,5.99,other,2026-05-27,2026-06-03
Cherries,Publix,5.99,other,2026-06-10,2026-06-16
Cherries,Publix,2.99,other,2026-07-01,2026-07-07
Chobani 20g Protein Drink,Publix,5.0,other,2026-06-17,2026-06-23
Chobani 20g Protein Drink,Publix,4.0,other,2026-07-22,2026-07-28
Chuck Short Ribs,Publix,9.99,other,2026-05-20,2026-05-26
Chuck Short Ribs,Publix,9.99,other,2026-06-17,2026-06-23
Chuck Tender Roast,Publix,8.99,other,2026-05-06,2026-05-12
Chuck Tender Roast,Publix,7.99,other,2026-06-03,2026-06-10
Clairol Natural Instincts or Bold & Bright Haircolor or Root Touch-Up,Publix,8.49,other,2026-09-02,2026-09-08
Clearly Canadian Original or Zero,Publix,5.99,other,2026-04-18,2026-05-01
Clearly Canadian Original or Zero,Publix,4.0,other,2026-05-30,2026-06-12
Clearly Canadian Original or Zero,Publix,5.99,other,2026-06-13,2026-06-26
Clorox Toilet Bowl Cleaner,Publix,5.0,other,2026-05-20,2026-05-26
Colgate Anticavity Fluoride Toothpaste,Publix,4.0,other,2026-04-22,2026-04-28
"Colgate Optic White Advanced 3.2-oz, Charcoal or Sensitivity 3.8-oz Toothpaste",Publix,6.0,other,2026-05-30,2026-06-12
"Colgate Optic White Advanced 3.2-oz, Charcoal or Sensitivity 3.8-oz Toothpaste",Publix,8.0,other,2026-08-26,2026-09-08
Colgate Optic White Pro Series,Publix,4.99,other,2026-04-18,2026-05-01
Colgate Optic White Pro Series,Publix,4.99,other,2026-06-13,2026-06-26
Colgate Optic White Pro Series,Publix,4.99,other,2026-07-15,2026-07-28
"Colgate Total 5.1-oz, Sensitive 6-oz or MaxFresh 4.5-oz Toothpaste",Publix,6.0,other,2026-04-18,2026-05-01
Cottonelle Bathroom Tissue,Publix,11.99,other,2026-05-06,2026-05-12
Cottonelle Wipes,Publix,6.99,other,2026-04-29,2026-05-05
Cottonelle Wipes,Publix,6.99,other,2026-07-22,2026-07-28
Cowboy Brand Hardwood Lump Charcoal,Publix,16.49,other,2026-05-20,2026-05-26
Cowboy Smoking Wood Chunks,Publix,5.99,other,2026-06-17,2026-06-23
Crest 3D White or Pro-Health Mouthwash,Publix,7.99,other,2026-06-03,2026-06-10
Crest 3D White or Pro-Health Mouthwash or Rinse,Publix,7.99,other,2026-06-17,2026-06-23
Crest 3D White Rinse or Mouthwash,Publix,7.99,other,2026-05-06,2026-05-12
Crest 3D White Toothpaste,Publix,10.0,other,2026-04-29,2026-05-05
Crest 3D White Toothpaste,Publix,8.0,other,2026-05-06,2026-05-12
Crest 3D White Toothpaste,Publix,10.0,other,2026-05-27,2026-06-03
Crest 3D White Toothpaste,Publix,8.0,other,2026-06-03,2026-06-10
Crest 3D White Toothpaste,Publix,10.0,other,2026-06-10,2026-06-16
Crest 3D White Toothpaste,Publix,8.0,other,2026-06-17,2026-06-23
Crest 3D White Toothpaste,Publix,10.0,other,2026-07-22,2026-07-28
Crest Gum Detoxify Toothpaste,Publix,4.99,other,2026-08-26,2026-09-08
Crest Mouthwash or Rinse,Publix,12.0,other,2026-04-29,2026-05-05
Crest Pro-Health Mouthwash,Publix,12.0,other,2026-05-20,2026-05-26
Crest Pro-Health Mouthwash or Rinse,Publix,12.0,other,2026-05-13,2026-05-19
Crest Pro-Health Mouthwash Rinse,Publix,12.0,other,2026-06-10,2026-06-16
Crest Pro-Health Toothpaste,Publix,8.0,other,2026-05-20,2026-05-26
Crest Toothpaste,Publix,10.0,other,2026-05-06,2026-05-12
Crest Toothpaste,Publix,4.0,other,2026-05-13,2026-05-19
Dasani,Publix,3.89,other,2026-04-18,2026-05-01
Dasani,Publix,3.89,other,2026-05-30,2026-06-12
Dasani,Publix,7.0,other,2026-05-30,2026-06-12
Dawn Dishwashing Liquid,Publix,12.0,other,2026-05-06,2026-05-12
Dawn Dishwashing Liquid,Publix,10.0,other,2026-06-03,2026-06-10
Dawn Powerwash,Publix,10.0,other,2026-06-10,2026-06-16
"Dawn Powerwash Starter Kit, 16-oz bot. or EZ Squeeze Dishwashing Liquid, 24 or 24.3-oz bot.",Publix,10.0,other,2026-06-17,2026-06-23
Dawn Ultra Dishwashing Liquid,Publix,6.0,other,2026-05-20,2026-05-26
Deep Indian Kitchen Entrées,Publix,9.0,other,2026-05-20,2026-05-26
Degree Deodorant Dry Spray,Publix,5.99,other,2026-05-02,2026-05-15
Degree Whole Body Spray,Publix,8.99,other,2026-05-02,2026-05-15
Degree Whole Body Spray,Publix,8.99,other,2026-05-30,2026-06-12
Del Monte Vegetables,Publix,4.0,other,2026-05-13,2026-05-19
Dial Bar Soap,Publix,4.5,other,2026-06-27,2026-07-10
Dial Foaming Hand Wash,Publix,5.0,other,2026-05-27,2026-06-03
Dial Foaming Hand Wash,Publix,5.0,other,2026-09-02,2026-09-08
Dial Hand Soap,Publix,3.5,other,2026-06-27,2026-07-10
Dial Liquid Hand Soap Refill,Publix,5.99,other,2026-04-18,2026-05-01
Dial Liquid Hand Soap Refill,Publix,9.49,other,2026-06-27,2026-07-10
Digiorno Personal Size Pizza,Publix,3.99,other,2026-04-22,2026-04-28
Digiorno Personal Size Pizza,Publix,3.99,other,2026-04-29,2026-05-05
Dixie Plates,Publix,12.99,other,2026-05-06,2026-05-12
Dixie Plates,Publix,12.99,other,2026-06-17,2026-06-23
Dixie Plates or Bowls,Publix,6.0,other,2026-04-29,2026-05-05
Dixie Plates or Bowls,Publix,12.0,other,2026-06-10,2026-06-16
Dixie Plates or Bowls,Publix,6.0,other,2026-07-01,2026-07-07
Dodoni Greek Feta Cheese,Publix,7.59,other,2026-06-10,2026-06-16
Dole Açai Bowl,Publix,7.0,other,2026-05-02,2026-05-15
Dole Açaí Bowl,Publix,7.0,other,2026-08-26,2026-09-08
Dole Fruit,Publix,4.0,other,2026-05-13,2026-05-19
Dole Fruit Cups,Publix,3.0,other,2026-05-20,2026-05-26
Dole Fruit Cups,Publix,6.0,other,2026-06-03,2026-06-10
Dole Whip,Publix,5.99,other,2026-05-02,2026-05-15
Dole Whip,Publix,4.49,other,2026-05-30,2026-06-12
Dole Whip,Publix,5.99,other,2026-08-26,2026-09-08
Dove Advanced Care Deodorant,Publix,6.99,other,2026-05-02,2026-05-15
Dove Bar Soap,Publix,9.49,other,2026-04-22,2026-04-28
Dove Bath Bars,Publix,9.49,other,2026-05-06,2026-05-12
Dove Bath Bars,Publix,9.49,other,2026-06-03,2026-06-10
Dove Bath Bars or Bar Soap,Publix,9.49,other,2026-07-01,2026-07-07
Dove Body Wash,Publix,7.99,other,2026-04-22,2026-04-28
Dove Body Wash,Publix,7.99,other,2026-05-06,2026-05-12
Dove Body Wash,Publix,7.99,other,2026-07-01,2026-07-07
Dove Body Wash 30.6-oz or Dove Men+Care Body Wash 30-oz,Publix,10.99,other,2026-04-18,2026-05-01
Dove Men + Care 2-in-1 Shampoo + Conditioner or Body Wash,Publix,7.99,other,2026-05-06,2026-05-12
Dove Men+Care Anti-Perspirant Deodorant,Publix,14.0,other,2026-06-03,2026-06-10
Dove Men + Care Body Wash,Publix,7.99,other,2026-06-27,2026-07-10
Dove Men + Care Deodorant & Antiperspirant Stick,Publix,7.99,other,2026-06-27,2026-07-10
Dove Men + Care Deodorant Dry Spray,Publix,8.99,other,2026-05-02,2026-05-15
"Dove Men + Care Shampoo, Conditioner or 2 in 1",Publix,7.99,other,2026-06-27,2026-07-10
Dove Men + Care Whole Body Deodorant,Publix,12.99,other,2026-04-18,2026-05-01
Dove Men + Care Whole Body Deodorant,Publix,12.99,other,2026-05-16,2026-05-29
Dove Men + Care Whole Body Deodorant Spray,Publix,12.99,other,2026-07-01,2026-07-07
Dove or Dove Men + Care Styling,Publix,6.99,other,2026-05-02,2026-05-15
Dove Shampoo or Conditioner,Publix,9.0,other,2026-05-06,2026-05-12
Dove Shampoo or Conditioner,Publix,9.0,other,2026-06-27,2026-07-10
Dove Whole Body Deodorant,Publix,10.99,other,2026-05-02,2026-05-15
Downy Fabric Softener,Publix,6.99,other,2026-06-10,2026-06-16
Downy or Bounce Fabric Care,Publix,6.99,other,2026-04-29,2026-05-05
Downy or Gain Fabric Softener,Publix,9.99,other,2026-05-13,2026-05-19
Downy or Gain Fabric Softener,Publix,9.99,other,2026-06-17,2026-06-23
"Downy or Gain Fabric Softener 56 or 100 - oz bot. or Downy or Tide Fabric Rinse, 36.7 - oz bot.",Publix,9.99,other,2026-07-22,2026-07-28
Premium Dozen Rose Bouquet,Publix,19.99,other,2026-05-06,2026-05-12
Dr. Squatch Deodorant,Publix,9.99,other,2026-05-20,2026-05-26
Dr. Squatch Lip Balm,Publix,4.99,other,2026-06-13,2026-06-26
Duke's Tartar Sauce,Publix,5.0,other,2026-05-16,2026-05-29
Earth's Best Organic Bars,Publix,7.0,other,2026-04-29,2026-05-05
Energizer Max Alkaline Batteries,Publix,11.99,other,2026-06-10,2026-06-16
Excedrin,Publix,12.29,other,2026-08-26,2026-09-08
Fresh Express Angel Hair Coleslaw,Publix,6.0,other,2026-07-01,2026-07-07
Fresh Express Salad Blends,Publix,6.0,other,2026-07-01,2026-07-07
Fresh Express Salad Blends,Publix,6.0,other,2026-07-22,2026-07-28
Febreze Air Refresher,Publix,12.0,other,2026-06-17,2026-06-23
Filippo Berio Balsamic Glaze,Publix,3.99,other,2026-06-27,2026-07-10
Filippo Berio Pesto,Publix,6.0,other,2026-08-26,2026-09-08
French Toast Toaster Tops,Publix,3.49,other,2026-05-27,2026-06-03
Frito Lay Party Size Snacks,Publix,9.0,other,2026-06-10,2026-06-16
Frito Lay Simply Snacks,Publix,7.0,other,2026-06-03,2026-06-10
Frito Lay Snacks,Publix,9.99,other,2026-06-03,2026-06-10
Frito Lay Snacks,Publix,9.99,other,2026-07-22,2026-07-28
Fresh Fruit Heart Tart,Publix,11.99,other,2026-05-06,2026-05-12
Gain Fabric Softener,Publix,9.99,other,2026-06-03,2026-06-10
Gain or Tide Laundry Detergent,Publix,9.99,other,2026-04-22,2026-04-28
Garnier Fructis Shampoo or Conditioner,Publix,9.0,other,2026-05-02,2026-05-15
Garnier Nutrisse Hair Color,Publix,9.49,other,2026-04-18,2026-05-01
Garnier Nutrisse Hair Color,Publix,9.49,other,2026-07-22,2026-07-28
Georgia Pacific Products,Publix,9.99,other,2026-05-27,2026-06-03
Georgia Pacific Products,Publix,9.99,other,2026-07-22,2026-07-28
Ghirardelli Sauce,Publix,5.99,other,2026-08-26,2026-09-08
Ginger Chews Plus+ Original,Publix,4.89,other,2026-06-27,2026-07-10
Glad Forceflex Drawstring Tall Kitchen Bags,Publix,19.99,other,2026-07-01,2026-07-07
Glad Forceflex Tall Kitchen Bags,Publix,11.0,other,2026-06-03,2026-06-10
Glad Forceflex Tall Kitchen Bags,Publix,11.0,other,2026-06-17,2026-06-23
Glad Forceflex Tall Kitchen Bags,Publix,12.0,other,2026-07-22,2026-07-28
Glad Tall Kitchen Bags,Publix,8.49,other,2026-04-22,2026-04-28
Glad Tall Kitchen Bags,Publix,9.29,other,2026-09-02,2026-09-08
Gold Peak Tea,Publix,4.0,other,2026-04-18,2026-05-01
Gold Peak Tea,Publix,6.0,other,2026-05-16,2026-05-29
Goldfish,Publix,9.99,other,2026-05-30,2026-06-12
"Goodles Vegan 5.25-oz, Gluten Free 6-oz or Deluxe 9-oz",Publix,3.99,other,2026-06-27,2026-07-10
Grand Vase Arrangement,Publix,34.99,other,2026-05-06,2026-05-12
Green Giant Specialty Corn,Publix,5.0,other,2026-06-27,2026-07-10
GreenWise Alaskan Pollock Fillets,Publix,10.99,other,2026-04-22,2026-04-28
GreenWise Angus Top Round London Broil,Publix,11.99,other,2026-06-10,2026-06-16
GreenWise Angus Top Round Stir-Fry,Publix,12.99,other,2026-06-10,2026-06-16
GreenWise Organic Beans,Publix,10.0,other,2026-07-01,2026-07-07
GreenWise Organic Beans,Publix,10.0,other,2026-09-02,2026-09-08
GreenWise Organic Blueberries,Publix,7.49,other,2026-07-22,2026-07-28
GreenWise Bouquet,Publix,14.99,other,2026-06-03,2026-06-10
GreenWise Organic Chia Seeds,Publix,9.0,other,2026-05-20,2026-05-26
GreenWise Organic Frozen Fruit,Publix,14.99,other,2026-06-10,2026-06-16
GreenWise Organic Fruit Chews,Publix,4.99,other,2026-09-02,2026-09-08
GreenWise Organic Grapes,Publix,3.49,other,2026-06-10,2026-06-16
GreenWise Ground Chuck,Publix,8.99,other,2026-05-06,2026-05-12
GreenWise Ground Chuck,Publix,9.99,other,2026-06-03,2026-06-10
GreenWise Ground Chuck,Publix,9.99,other,2026-06-17,2026-06-23
GreenWise Ground Chuck,Publix,9.99,other,2026-07-22,2026-07-28
GreenWise Ground Chuck Burgers,Publix,9.49,other,2026-05-06,2026-05-12
GreenWise Ground Chuck Burgers,Publix,10.49,other,2026-06-03,2026-06-10
GreenWise Ground Chuck Burgers,Publix,10.49,other,2026-06-17,2026-06-23
GreenWise Organic Pitted Kalamata Olives,Publix,8.0,other,2026-07-01,2026-07-07
GreenWise Organic Red or White Seedless Grapes,Publix,3.99,other,2026-05-20,2026-05-26
GreenWise Organic Red or White Seedless Grapes,Publix,3.99,other,2026-05-27,2026-06-03
GreenWise Organic Red or White Seedless Grapes,Publix,3.99,other,2026-06-03,2026-06-10
GreenWise Organic Red or White Seedless Grapes,Publix,3.49,other,2026-06-17,2026-06-23
GreenWise Organic Red or White Seedless Grapes,Publix,3.99,other,2026-07-01,2026-07-07
GreenWise Organic Red or White Seedless Grapes,Publix,3.49,other,2026-07-22,2026-07-28
GreenWise Organic Red or White Seedless Grapes,Publix,2.99,other,2026-09-02,2026-09-08
GreenWise Organic Rice,Publix,3.29,other,2026-05-20,2026-05-26
GreenWise Organic Skillet Meal,Publix,8.99,other,2026-06-17,2026-06-23
GreenWise Organic Sweet Corn†,Publix,5.99,other,2026-09-02,2026-09-08
GreenWise Organic Frozen Vegetables,Publix,6.0,other,2026-04-22,2026-04-28
GreenWise Organic Frozen Vegetables,Publix,6.0,other,2026-06-17,2026-06-23
GreenWise Organic Frozen Vegetables,Publix,6.0,other,2026-07-01,2026-07-07
GreenWise Organic Whole Fruit,Publix,14.99,other,2026-05-06,2026-05-12
Ground Chuck†,Publix,6.99,other,2026-05-20,2026-05-26
Ground Chuck†,Publix,7.99,other,2026-06-17,2026-06-23
Ground Chuck†,Publix,7.99,other,2026-07-01,2026-07-07
Ground Chuck†,Publix,7.99,other,2026-09-02,2026-09-08
Ground Chuck Burgers or Slider,Publix,7.99,other,2026-05-20,2026-05-26
Ground Chuck Burgers or Slider,Publix,8.99,other,2026-07-01,2026-07-07
Ground Chuck Burgers or Slider Burgers,Publix,8.99,other,2026-06-17,2026-06-23
Ground Round,Publix,8.99,other,2026-04-22,2026-04-28
Ground Round,Publix,8.99,other,2026-05-13,2026-05-19
Ground Round,Publix,8.99,other,2026-06-03,2026-06-10
Ground Round Burgers or Slider Burgers,Publix,9.99,other,2026-04-22,2026-04-28
Ground Round Burgers or Slider Burgers,Publix,9.99,other,2026-05-13,2026-05-19
Ground Round Burgers or Slider Burgers,Publix,9.99,other,2026-06-03,2026-06-10
Small Guava Pie,Publix,3.99,other,2026-04-22,2026-04-28
Gum Drops Grapes,Publix,3.49,other,2026-09-02,2026-09-08
Happy Baby or Happy Tot Organics Snacks,Publix,11.0,other,2026-05-06,2026-05-12
Hartz Delectables Wet Cat Treats,Publix,13.99,other,2026-05-16,2026-05-29
Head & Shoulders Bare Shampoo,Publix,20.0,other,2026-05-13,2026-05-19
Head & Shoulders Shampoo,Publix,9.99,other,2026-06-03,2026-06-10
Head & Shoulders Shampoo or 2 in 1,Publix,14.0,other,2026-05-13,2026-05-19
Healthy Choice Bowl or Entrée; or Marie Callender's or Dolly Parton's Entrée,Publix,7.0,other,2026-05-13,2026-05-19
Healthy Choice Bowls,Publix,7.0,other,2026-07-01,2026-07-07
Healthy Choice Café Steamers Entrée,Publix,9.0,other,2026-07-01,2026-07-07
"Healthy Choice, Marie Callender's, or Dolly Parton's Entrées",Publix,7.0,other,2026-06-03,2026-06-10
Hefty Everyday Foam Plates,Publix,12.0,other,2026-06-10,2026-06-16
Hefty Slider Bags,Publix,7.0,other,2026-05-06,2026-05-12
Hefty Slider Bags,Publix,7.0,other,2026-05-27,2026-06-03
Hefty Tall Kitchen Bags,Publix,7.99,other,2026-04-29,2026-05-05
Hello Adult Toothpaste 4-5-oz or Mouthwash 17.6-oz,Publix,5.0,other,2026-05-02,2026-05-15
Hello Deodorant,Publix,4.99,other,2026-05-30,2026-06-12
c Her 30-ct. or Digest + Metabolic Support 56-ct.,Publix,23.99,other,2026-05-16,2026-05-29
Herbal Essences Classics Shampoo or Conditioner,Publix,12.99,other,2026-05-02,2026-05-15
Holten's Chop House Smashed Burgers,Publix,14.99,other,2026-07-01,2026-07-07
Hormel Entrées,Publix,7.99,other,2026-04-29,2026-05-05
Hormel Entrées,Publix,7.99,other,2026-05-20,2026-05-26
Hormel Side Dishes,Publix,8.0,other,2026-04-22,2026-04-28
Hormel Side Dishes,Publix,8.0,other,2026-05-27,2026-06-03
Hormel Side Dishes,Publix,8.0,other,2026-07-01,2026-07-07
Large Hydrangea,Publix,22.99,other,2026-05-06,2026-05-12
Imagine Broth,Publix,8.0,other,2026-05-16,2026-05-29
Innovasian Cuisine Entrée Kit,Publix,5.99,other,2026-04-22,2026-04-28
Innovasian Cuisine Side Dish,Publix,10.0,other,2026-06-03,2026-06-10
Ivory Body Wash 35-oz or Bar Soap 10-ct.,Publix,6.99,other,2026-05-30,2026-06-12
Jergens Moisturizer,Publix,6.99,other,2026-05-06,2026-05-12
Jimmy Dean Sandwiches,Publix,9.99,other,2026-05-13,2026-05-19
José Olé Taquitos,Publix,5.99,other,2026-06-10,2026-06-16
Just Bare Oven Roasted Chicken,Publix,9.99,other,2026-07-15,2026-07-28
Kevin's Natural Foods Entrées,Publix,12.99,other,2026-05-13,2026-05-19
Key West Sunset Bouquet,Publix,15.99,other,2026-07-01,2026-07-07
Kimono Mom's Umami Sauce,Publix,9.99,other,2026-06-13,2026-06-26
Kingsford Charcoal Briquets,Publix,8.99,other,2026-05-13,2026-05-19
Kingsford Charcoal Briquets,Publix,8.99,other,2026-05-20,2026-05-26
Kingsford Charcoal Briquets,Publix,8.99,other,2026-09-02,2026-09-08
Kitchen Basics Stock,Publix,6.0,other,2026-04-18,2026-05-01
Kleenex Facial Tissues,Publix,12.0,other,2026-06-03,2026-06-10
Knorr Sides,Publix,4.0,other,2026-04-22,2026-04-28
"Knorr Soup, Gravy or Sauce",Publix,3.0,other,2026-06-13,2026-06-26
Kraft Grated Cheese,Publix,6.0,other,2026-06-03,2026-06-10
Lamisil Antifungal Foot Cream,Publix,11.99,other,2026-05-30,2026-06-12
The Laughing Cow Cheese,Publix,2.99,other,2026-07-01,2026-07-07
Lean Cuisine Entrées,Publix,10.0,other,2026-06-17,2026-06-23
Lean Cuisine or Stouffer's Classics Entrées,Publix,10.0,other,2026-04-29,2026-05-05
Libby's Pumpkin,Publix,4.0,other,2026-08-26,2026-09-08
Lingo Continuous Glucose Monitor,Publix,90.0,other,2026-05-13,2026-05-19
Linzer Tarts,Publix,4.29,other,2026-06-17,2026-06-23
Liquid I.V. Hydration Multiplier,Publix,13.99,other,2026-04-29,2026-05-05
Liquid I.V. Hydration Multiplier,Publix,13.99,other,2026-05-13,2026-05-19
Liquid I.V. Hydration Multiplier,Publix,13.99,other,2026-06-03,2026-06-10
Listerine Mouthwash,Publix,6.99,other,2026-06-10,2026-06-16
Little Italy In The Bronx Sauce,Publix,3.99,other,2026-04-18,2026-05-01
Madeleines,Publix,4.99,other,2026-05-20,2026-05-26
Madeleines,Publix,4.99,other,2026-07-22,2026-07-28
Marie Callender's Bowl | Healthy Choice Entrée or Bowl,Publix,9.0,other,2026-05-13,2026-05-19
Marie Callender's Bowls,Publix,9.0,other,2026-06-03,2026-06-10
Memorial Day Bouquet,Publix,15.99,other,2026-05-20,2026-05-26
Method Body Wash,Publix,6.99,other,2026-04-18,2026-05-01
Michael Angelo's Entrée,Publix,8.0,other,2026-04-22,2026-04-28
Michael Angelo's Large Family Entree,Publix,10.99,other,2026-05-30,2026-06-12
Michael Angelo's Family Size Entrées,Publix,6.99,other,2026-06-03,2026-06-10
Mini Assorted Pastries,Publix,3.99,other,2026-06-10,2026-06-16
Mini Strudels,Publix,4.99,other,2026-05-20,2026-05-26
Minneola Tangelos,Publix,5.99,other,2026-04-22,2026-04-28
Minneola Tangelos,Publix,5.99,other,2026-05-06,2026-05-12
Minneola Tangelos,Publix,4.99,other,2026-05-13,2026-05-19
Minute Maid Drink,Publix,4.0,other,2026-09-02,2026-09-08
Minute Rice,Publix,4.0,other,2026-05-02,2026-05-15
Minute Rice,Publix,4.0,other,2026-08-26,2026-09-08
Mitchum Antiperspirant & Deodorant,Publix,8.0,other,2026-05-02,2026-05-15
Moon Drops Grapes,Publix,3.49,other,2026-09-02,2026-09-08
Morton Coarse Kosher Salt†,Publix,3.7,other,2026-06-17,2026-06-23
Mother's Day Phalaenopsis Orchid,Publix,22.99,other,2026-05-06,2026-05-12
Mrs. Meyer's Hand Soap,Publix,7.0,other,2026-07-15,2026-07-28
Mrs. T' s Pierogies,Publix,5.0,other,2026-04-29,2026-05-05
Musco Family Pearls Olives to Go! 4.8-oz or Stuffed 7-oz,Publix,1.85,other,2026-04-18,2026-05-01
Nervive Max Strength Topical Pain Relief,Publix,11.49,other,2026-05-30,2026-06-12
Nestlé Toll House Morsels,Publix,9.0,other,2026-05-20,2026-05-26
Northwest Cherries,Publix,3.99,other,2026-07-22,2026-07-28
Northwestern Cherries,Publix,3.99,other,2026-06-17,2026-06-23
O-Cedar EasyWring Spin Mop System,Publix,34.99,other,2026-05-30,2026-06-12
Oblong Flag Fruit Tart,Publix,11.99,other,2026-05-20,2026-05-26
OGX Shampoo or Conditioner,Publix,7.99,other,2026-05-16,2026-05-29
Olay Cleansing Makeup Remover Wipes,Publix,5.49,other,2026-05-02,2026-05-15
Oxiclean Stain Remover or Laundry Whitener & Stain Remover,Publix,7.99,other,2026-07-22,2026-07-28
Oxiclean Stain Remover Or Whitener,Publix,7.99,other,2026-05-06,2026-05-12
OxiClean Versatile Stain Remover,Publix,4.49,other,2026-06-27,2026-07-10
"L. Pads 36 or 42-ct., Liners 100-ct. or Tampons 25–30-ct.",Publix,10.69,other,2026-08-26,2026-09-08
"L. Pads 36 or 42-ct., Liners 100-ct. or Tampons 25-30-ct.",Publix,10.69,other,2026-05-30,2026-06-12
Pampers Baby Wipes,Publix,6.99,other,2026-06-03,2026-06-10
Pampers Swaddlers Diapers,Publix,24.99,other,2026-06-03,2026-06-10
Pampers Swaddlers Diapers,Publix,24.99,other,2026-07-22,2026-07-28
Pampers Swaddlers Diapers,Publix,27.99,other,2026-09-02,2026-09-08
Pantene Hairspray,Publix,9.99,other,2026-05-30,2026-06-12
Parodontax Toothpaste 3.4-oz or Mouthwash 16.9-oz,Publix,6.99,other,2026-05-16,2026-05-29
Peace Tea,Publix,10.0,other,2026-04-18,2026-05-01
S. Pellegrino or Acqua Panna,Publix,5.0,other,2026-05-16,2026-05-29
Pero Family Farms Mini Sweet Peppers†,Publix,2.99,other,2026-05-06,2026-05-12
Pero Family Farms Mini Sweet Peppers†,Publix,2.99,other,2026-05-20,2026-05-26
Pero Family Farms Mini Sweet Peppers†,Publix,5.99,other,2026-06-03,2026-06-10
Pero Family Farms Mini Sweet Peppers†,Publix,2.99,other,2026-06-03,2026-06-10
Pit Boss BBQ Hardwood Pellets,Publix,9.99,other,2026-05-06,2026-05-12
Playtex Sport Tampons or Stayfree Pads,Publix,15.0,other,2026-07-15,2026-07-28
Poblano Peppers†,Publix,4.99,other,2026-04-29,2026-05-05
Poise Pads 14-20-ct. or 28 or 30-ct. or Liners 44 or 48-ct.,Publix,12.0,other,2026-05-30,2026-06-12
Pop-Tarts,Publix,7.0,other,2026-06-13,2026-06-26
Portland Pet Food Company Homestyle Dog Meal,Publix,5.49,other,2026-06-13,2026-06-26
Prevacid Heart Burn Relief,Publix,23.99,other,2026-04-18,2026-05-01
Pringles Party Stack,Publix,5.0,other,2026-07-15,2026-07-28
Pringles Snack Cups,Publix,6.99,other,2026-05-02,2026-05-15
Select Procter & Gamble Products,Publix,19.99,other,2026-05-06,2026-05-12
Publix,Publix,2.99,other,2026-05-06,2026-05-12
Publix,Publix,2.99,other,2026-06-03,2026-06-10
Publix 8-Piece Mixed Fried Chicken,Publix,10.49,other,2026-05-20,2026-05-26
Publix 8-Piece Mixed Fried Chicken,Publix,7.99,other,2026-07-01,2026-07-07
Publix Alkaline Long-Lasting Battery,Publix,8.99,other,2026-05-06,2026-05-12
Publix Alkaline Long-Lasting Battery,Publix,8.99,other,2026-06-17,2026-06-23
Publix Automatic Dishwashing Detergent,Publix,5.49,other,2026-07-01,2026-07-07
Publix Baby Wipes,Publix,11.0,other,2026-05-20,2026-05-26
Publix Bags,Publix,10.0,other,2026-06-10,2026-06-16
Publix Blue Windshield Washer Fluid,Publix,5.0,other,2026-06-10,2026-06-16
Publix Blue Windshield Washer Fluid,Publix,5.0,other,2026-09-02,2026-09-08
Publix Blueberries†,Publix,8.0,other,2026-06-17,2026-06-23
Publix Chef Salad,Publix,6.99,other,2026-05-13,2026-05-19
Publix Chunk Cheese†,Publix,2.89,other,2026-07-22,2026-07-28
Publix Coleslaw Mix,Publix,1.49,other,2026-05-20,2026-05-26
publix.com,Publix,2.99,other,2026-06-17,2026-06-23
publix.com/save,Publix,2.99,other,2026-05-06,2026-05-12
publix.com/save,Publix,2.99,other,2026-05-27,2026-06-03
Publix Cuban Sandwich,Publix,3.99,other,2026-05-20,2026-05-26
Publix Cuban Sandwich,Publix,3.99,other,2026-07-01,2026-07-07
Publix Dog Treats,Publix,6.99,other,2026-07-01,2026-07-07
Publix Dry Mop Wipes,Publix,3.99,other,2026-06-10,2026-06-16
Publix Entertaining Dinnerware Combo,Publix,11.99,other,2026-05-13,2026-05-19
Publix Epsom Salt,Publix,3.99,other,2026-07-01,2026-07-07
Publix Everyday Napkins,Publix,12.0,other,2026-06-10,2026-06-16
Publix Everyday Paper Plates,Publix,12.0,other,2026-05-06,2026-05-12
Publix Facial Tissues,Publix,4.0,other,2026-05-06,2026-05-12
Publix Facial Tissues,Publix,11.0,other,2026-05-27,2026-06-03
Publix Fruit Salad,Publix,3.99,other,2026-04-22,2026-04-28
Publix Fruit Salad,Publix,3.99,other,2026-05-13,2026-05-19
Publix Fruit Salad,Publix,3.99,other,2026-07-22,2026-07-28
Publix Glass Cleaner,Publix,2.39,other,2026-06-17,2026-06-23
Publix Glass Cleaner,Publix,2.39,other,2026-09-02,2026-09-08
Publix Gourmet Meatballs,Publix,8.99,other,2026-04-29,2026-05-05
Publix Gourmet Meatballs,Publix,8.99,other,2026-05-20,2026-05-26
Publix Hatch Chili Mac & Cheese,Publix,6.99,other,2026-04-29,2026-05-05
Publix Heavy Duty Aluminum Foil,Publix,7.99,other,2026-07-22,2026-07-28
Publix Hot Side Dish,Publix,3.49,other,2026-09-02,2026-09-08
Publix Instant Hand Sanitizer,Publix,4.0,other,2026-09-02,2026-09-08
Publix Italian Whole Sub,Publix,7.99,other,2026-07-01,2026-07-07
Publix Latex Gloves,Publix,3.0,other,2026-05-06,2026-05-12
Publix Long-Lasting Alkaline Battery,Publix,12.99,other,2026-05-20,2026-05-26
Publix Maraschino Cherries,Publix,2.49,other,2026-06-10,2026-06-16
Publix Mardi Gras Oven-Roasted Chicken,Publix,7.59,other,2026-06-03,2026-06-10
Publix Meal for One,Publix,6.99,other,2026-07-22,2026-07-28
Publix Meatballs,Publix,9.79,other,2026-06-17,2026-06-23
Publix Mexican-Style Street Corn†,Publix,6.49,other,2026-05-06,2026-05-12
Publix Mexican-Style Street Corn†,Publix,6.49,other,2026-05-27,2026-06-03
Publix Mojo Oven-Roasted Chicken,Publix,7.59,other,2026-04-29,2026-05-05
Publix Muenster Cheese,Publix,4.99,other,2026-07-22,2026-07-28
Publix Old-Fashioned Beans,Publix,6.0,other,2026-06-03,2026-06-10
Publix Original Oven-Roasted Chicken,Publix,6.99,other,2026-05-13,2026-05-19
Publix Fresh Parfaits,Publix,2.99,other,2026-05-27,2026-06-03
Publix Fresh Parfaits,Publix,2.99,other,2026-07-22,2026-07-28
Publix Pico de Gallo,Publix,3.99,other,2026-04-29,2026-05-05
Publix Rice,Publix,4.0,other,2026-06-17,2026-06-23
Publix Classic Salad Blend†,Publix,1.99,other,2026-05-06,2026-05-12
Publix Classic Salad Blend†,Publix,1.99,other,2026-06-03,2026-06-10
Publix Classic Salad Blend†,Publix,4.0,other,2026-06-17,2026-06-23
Publix Classic Salad Blend†,Publix,1.49,other,2026-07-01,2026-07-07
Publix Salad Blends†,Publix,5.0,other,2026-05-13,2026-05-19
Publix Salad Kits,Publix,5.0,other,2026-04-22,2026-04-28
Publix Signature Bouquet,Publix,18.99,other,2026-05-06,2026-05-12
Publix Signature Bouquet,Publix,17.99,other,2026-05-13,2026-05-19
Publix Sliced Pepperoni†,Publix,7.0,other,2026-07-22,2026-07-28
Publix Smoked Rib Meal,Publix,9.99,other,2026-06-03,2026-06-10
Publix Smoked Rib Meal,Publix,9.99,other,2026-07-01,2026-07-07
Publix Smoked Ribs,Publix,11.99,other,2026-09-02,2026-09-08
Publix Southern Cobb Salad,Publix,7.99,other,2026-05-06,2026-05-12
Publix Strawberries†,Publix,8.0,other,2026-06-17,2026-06-23
Publix Stretch'n Hold Tall Kitchen Bags,Publix,6.99,other,2026-05-27,2026-06-03
Publix Stuffed Jalapeño Peppers†,Publix,8.99,other,2026-05-20,2026-05-26
Publix Stuffed Jalapeño Peppers†,Publix,7.99,other,2026-06-03,2026-06-10
Publix Stuffed Jalapeño Peppers†,Publix,7.99,other,2026-06-17,2026-06-23
Publix Stuffed Jalapeño Peppers†,Publix,8.99,other,2026-07-01,2026-07-07
Publix Medium Sub Selections Platter,Publix,45.99,other,2026-06-10,2026-06-16
Publix Sweet Coleslaw,Publix,6.0,other,2026-07-22,2026-07-28
Publix Sweet & Spicy Chili Boneless Wing Meal,Publix,8.99,other,2026-06-10,2026-06-16
Publix Sweet & Spicy Chili Boneless Wings,Publix,8.29,other,2026-05-20,2026-05-26
Publix Sweet & Spicy Chili Boneless Wings,Publix,8.29,other,2026-06-10,2026-06-16
Publix Sweet & Spicy Chili Boneless Wings,Publix,8.59,other,2026-06-17,2026-06-23
Publix Tater Kegs,Publix,6.99,other,2026-04-29,2026-05-05
Publix Tavern Ham†,Publix,6.99,other,2026-06-10,2026-06-16
Publix Tea,Publix,1.0,other,2026-05-27,2026-06-03
Publix Small Tender Sampler Platter,Publix,29.99,other,2026-06-10,2026-06-16
Publix Tricolor Peppers,Publix,3.99,other,2026-07-01,2026-07-07
Publix Ultimate Whole Sub,Publix,7.99,other,2026-09-02,2026-09-08
Publix Ultra Paper Towels,Publix,9.99,other,2026-05-13,2026-05-19
Publix USDA Choice Beef,Publix,9.99,other,2026-04-29,2026-05-05
Publix Vegetables,Publix,10.0,other,2026-06-10,2026-06-16
Publix Waffles,Publix,7.0,other,2026-05-06,2026-05-12
Publix Waffles,Publix,7.0,other,2026-06-17,2026-06-23
Publix Waffles,Publix,6.0,other,2026-09-02,2026-09-08
Puffs Facial Tissues,Publix,6.79,other,2026-04-29,2026-05-05
Puffs Facial Tissues,Publix,10.0,other,2026-06-10,2026-06-16
Puffs Facial Tissues,Publix,6.79,other,2026-06-10,2026-06-16
Pura Vida Bouquet,Publix,11.99,other,2026-06-17,2026-06-23
Pura Vida Floral Bouquet,Publix,11.99,other,2026-04-29,2026-05-05
Pure Leaf Tea,Publix,6.0,other,2026-05-16,2026-05-29
Pure Leaf Tea,Publix,6.0,other,2026-06-27,2026-07-10
Purex Laundry Detergent,Publix,5.99,other,2026-06-17,2026-06-23
Q-tips,Publix,3.79,other,2026-05-02,2026-05-15
Quaker Express Cups,Publix,3.0,other,2026-06-27,2026-07-10
Quilted Northern Bathroom Tissue,Publix,6.49,other,2026-04-22,2026-04-28
Quilted Northern Bathroom Tissue,Publix,6.49,other,2026-06-03,2026-06-10
Quilted Northern Bathroom Tissue,Publix,6.49,other,2026-07-01,2026-07-07
Rao's Entrée,Publix,7.0,other,2026-04-29,2026-05-05
Rao's Family Entree,Publix,10.99,other,2026-05-02,2026-05-15
Rao's Homemade Sauce,Publix,6.99,other,2026-04-22,2026-04-28
Rao's Homemade Sauce,Publix,5.99,other,2026-05-13,2026-05-19
Rao's Homemade Sauce,Publix,6.49,other,2026-06-10,2026-06-16
Rao's Homemade Sauce,Publix,6.99,other,2026-06-17,2026-06-23
Rao's Soup,Publix,7.0,other,2026-04-29,2026-05-05
Rao's Soup,Publix,7.0,other,2026-05-20,2026-05-26
Organic Red Beets,Publix,7.0,other,2026-07-01,2026-07-07
Red or White Seedless Grapes,Publix,2.99,other,2026-06-10,2026-06-16
Red or White Seedless Grapes,Publix,2.99,other,2026-06-17,2026-06-23
Red or White Seedless Grapes,Publix,3.49,other,2026-07-01,2026-07-07
Red or White Seedless Grapes,Publix,2.99,other,2026-07-22,2026-07-28
Red Raspberries,Publix,10.0,other,2026-05-06,2026-05-12
Red Raspberries,Publix,10.0,other,2026-05-20,2026-05-26
Red Raspberries,Publix,10.0,other,2026-06-03,2026-06-10
Red Raspberries,Publix,3.99,other,2026-06-17,2026-06-23
Red Raspberries,Publix,10.0,other,2026-09-02,2026-09-08
Red Raspberries or Blackberries,Publix,10.0,other,2026-05-13,2026-05-19
Red Raspberries or Blackberries,Publix,10.0,other,2026-05-27,2026-06-03
Red Seedless Grapes,Publix,2.99,other,2026-04-22,2026-04-28
Red Seedless Grapes,Publix,2.99,other,2026-04-29,2026-05-05
Red Seedless Grapes,Publix,2.99,other,2026-05-06,2026-05-12
Red Seedless Grapes,Publix,3.49,other,2026-05-13,2026-05-19
Red Seedless Grapes,Publix,2.99,other,2026-05-27,2026-06-03
Red Seedless Grapes,Publix,2.99,other,2026-06-03,2026-06-10
Reddi Wip Dairy Whipped Topping†,Publix,6.0,other,2026-06-17,2026-06-23
Regular,Publix,5.99,other,2026-06-17,2026-06-23
Reser's Main St Bistro Side Dishes,Publix,9.0,other,2026-05-13,2026-05-19
Reser's Main St Bistro Signature Sides,Publix,3.49,other,2026-06-03,2026-06-10
Revlon Colorsilk,Publix,5.49,other,2026-05-16,2026-05-29
Revlon Colorsilk Hair Color,Publix,5.49,other,2026-04-22,2026-04-28
Riceworks Snacks,Publix,6.0,other,2026-05-02,2026-05-15
Right Guard Antiperspirant/Deodorant,Publix,3.99,other,2026-04-18,2026-05-01
Right Guard Antiperspirant/Deodorant,Publix,3.99,other,2026-05-16,2026-05-29
Royal Ready to Heat Rice,Publix,5.0,other,2026-05-02,2026-05-15
Salonpas Lidocaine Patch 6-7-ct. or Cream 3-oz,Publix,9.99,other,2026-05-16,2026-05-29
San-J No Soy Tamari Sauce,Publix,5.49,other,2026-06-13,2026-06-26
Save,Publix,2.99,other,2026-07-22,2026-07-28
Schwarzkopf Keratin Color,Publix,10.99,other,2026-05-02,2026-05-15
Schweid & Sons The Prime Burger,Publix,12.99,other,2026-04-29,2026-05-05
Schweid & Sons The Prime Burger,Publix,14.49,other,2026-07-22,2026-07-28
Scott Comfort Plus Bath Tissue,Publix,10.99,other,2026-08-26,2026-09-08
Scott & Jon's Bowl,Publix,8.0,other,2026-06-17,2026-06-23
Sensodyne or Pronamel Clinical White Toothpaste,Publix,9.99,other,2026-07-15,2026-07-28
Sensodyne or Pronamel Clinical Whitening Toothpaste,Publix,9.99,other,2026-05-02,2026-05-15
Shades of Passion Bouquet,Publix,22.99,other,2026-04-22,2026-04-28
Shades of Passion Bouquet,Publix,24.99,other,2026-05-06,2026-05-12
Shades of Passion Bouquet,Publix,22.99,other,2026-06-10,2026-06-16
Shea Moisture Hair Care,Publix,10.99,other,2026-04-18,2026-05-01
Shoulder London Broil,Publix,8.99,other,2026-05-06,2026-05-12
Shoulder London Broil,Publix,7.99,other,2026-06-03,2026-06-10
Smartwater,Publix,4.0,other,2026-04-18,2026-05-01
Smartwater,Publix,6.99,other,2026-05-16,2026-05-29
Smartwater,Publix,4.0,other,2026-05-30,2026-06-12
Smartwater,Publix,4.0,other,2026-07-15,2026-07-28
Snack Factory Pop' ums,Publix,8.0,other,2026-05-02,2026-05-15
"Softsoap Hand Soap Refill, 50-oz bot.; or Irish Spring Deodorant Soap Bars, 8-pk. 3.7 or 3.75-oz box",Publix,5.99,other,2026-05-06,2026-05-12
Softsoap Liquid Hand Soap Refills 50-oz or Irish Spring Bar Soap 8-pk.,Publix,8.98,other,2026-05-16,2026-05-29
Softsoap or Irish Spring Body Wash,Publix,7.0,other,2026-05-16,2026-05-29
Softsoap or Irish Spring Body Wash,Publix,6.0,other,2026-06-13,2026-06-26
Softsoap Velvet Silk Foaming Hand Soap 9-oz or Liquid Hand Soap 11.25-oz or Irish Spring Bar Soap 3-ct.,Publix,6.0,other,2026-04-18,2026-05-01
Softsoap Velvet Silk Foaming Hand Soap 9-oz or Liquid Hand Soap 11.25-oz or Irish Spring Bar Soap 3-ct.,Publix,6.0,other,2026-06-13,2026-06-26
Softsoap Velvet Silk Foaming Hand Soap 9-oz or Liquid Hand Soap 11.25-oz or Irish Spring Bar Soap 3-ct.,Publix,5.0,other,2026-07-15,2026-07-28
Solo Bold Hold Paper Plates,Publix,13.49,other,2026-04-22,2026-04-28
Solo Bold Hold Plates,Publix,13.49,other,2026-05-27,2026-06-03
Solo Heavy Duty Paper Plates,Publix,6.0,other,2026-05-27,2026-06-03
Solo Heavy Duty Paper Plates,Publix,6.0,other,2026-06-17,2026-06-23
Solo Plastic Cups,Publix,12.0,other,2026-05-13,2026-05-19
Sparkle Paper Towels,Publix,6.49,other,2026-05-06,2026-05-12
Sparkle Paper Towels,Publix,5.49,other,2026-05-20,2026-05-26
Sparkling Ice,Publix,11.99,other,2026-05-02,2026-05-15
Sparkling Ice,Publix,11.99,other,2026-06-13,2026-06-26
Sparkling Ice,Publix,11.99,other,2026-07-15,2026-07-28
Sparkling Ice Caffeine,Publix,5.0,other,2026-05-30,2026-06-12
Sparkling Ice Flavored Water,Publix,5.0,other,2026-06-10,2026-06-16
St. Joseph Low Dose Aspirin,Publix,4.99,other,2026-08-26,2026-09-08
Stouffer's Classics Entrées or Sides,Publix,10.0,other,2026-05-20,2026-05-26
"Stouffer's Classics, Large Size; or Yellowstone Entrées",Publix,10.0,other,2026-04-29,2026-05-05
"Stouffer's Classics, Large Size; or Yellowstone Entrées",Publix,10.0,other,2026-05-20,2026-05-26
STOUFFER'S ENTRÉES,Publix,10.0,other,2026-06-10,2026-06-16
Stouffer's Classic Large Size,Publix,10.0,other,2026-06-10,2026-06-16
Stouffer's Family Size Entrée,Publix,8.99,other,2026-05-06,2026-05-12
Stouffer's Family Size Entrée,Publix,8.99,other,2026-05-27,2026-06-03
STRAWBERRIES,Publix,10.0,other,2026-04-29,2026-05-05
STRAWBERRIES,Publix,3.99,other,2026-05-13,2026-05-19
STRAWBERRIES,Publix,12.0,other,2026-05-27,2026-06-03
STRAWBERRIES,Publix,3.0,other,2026-07-01,2026-07-07
STRAWBERRIES,Publix,10.0,other,2026-07-22,2026-07-28
Success Instant Rice,Publix,3.99,other,2026-06-27,2026-07-10
Suddenly Salad,Publix,4.0,other,2026-05-16,2026-05-29
Suddenly Salad,Publix,4.0,other,2026-06-27,2026-07-10
Sukhi's Entrée,Publix,5.99,other,2026-04-29,2026-05-05
Sukhi's Entrée,Publix,5.99,other,2026-05-27,2026-06-03
Swanson Broth or Cooking Stock,Publix,4.0,other,2026-04-29,2026-05-05
Sweet Heat Summer Fruit Salad,Publix,2.99,other,2026-05-20,2026-05-26
Tampax Pearl Tampons 45-50-ct. or Always Ultra or Maxi Pads 36-50-ct.,Publix,11.49,other,2026-07-15,2026-07-28
Tampax Tampons,Publix,11.49,other,2026-05-02,2026-05-15
Tampax Tampons,Publix,10.0,other,2026-05-13,2026-05-19
Tampax Tampons,Publix,10.0,other,2026-06-10,2026-06-16
Tampax Tampons,Publix,8.99,other,2026-09-02,2026-09-08
Tampax Tampons 28-36-ct. or Always Ultra or Maxi Pads 21-46-ct.,Publix,8.99,other,2026-06-13,2026-06-26
Tear Drops Grapes,Publix,5.49,other,2026-09-02,2026-09-08
"Tena Moderate 20-ct., Heavy 14-ct. or Ultra Thin 30-ct. Pads",Publix,10.0,other,2026-04-18,2026-05-01
TheraBreath Rinse,Publix,13.99,other,2026-05-30,2026-06-12
ThermaCare Pain Relief Wraps,Publix,9.99,other,2026-04-18,2026-05-01
Tide Laundry Detergent,Publix,12.99,other,2026-04-22,2026-04-28
Tide Laundry Detergent,Publix,24.99,other,2026-05-13,2026-05-19
Tide Laundry Detergent,Publix,12.99,other,2026-05-27,2026-06-03
Tide Laundry Detergent,Publix,19.99,other,2026-06-03,2026-06-10
Tide Laundry Detergent,Publix,12.99,other,2026-06-10,2026-06-16
Tide Laundry Detergent,Publix,19.99,other,2026-07-01,2026-07-07
Tide Laundry Detergent,Publix,12.99,other,2026-07-22,2026-07-28
Tide or Gain Laundry Detergent,Publix,15.99,other,2026-06-17,2026-06-23
Tide or Gain Laundry Detergent Downy,Publix,15.99,other,2026-05-20,2026-05-26
Tom's Of Maine Deodorant Stick,Publix,5.99,other,2026-06-13,2026-06-26
Tom's of Maine Toothpaste 4-4.5-oz or Mouthwash 16-oz,Publix,3.99,other,2026-04-18,2026-05-01
TombStone Original Pizza,Publix,8.0,other,2026-09-02,2026-09-08
Top Blade Roast,Publix,8.99,other,2026-06-10,2026-06-16
Top Blade Roast Publix,Publix,8.99,other,2026-05-13,2026-05-19
Top Round London Broil,Publix,8.99,other,2026-04-22,2026-04-28
Top Round London Broil,Publix,7.99,other,2026-05-20,2026-05-26
Top Round London Broil,Publix,7.99,other,2026-06-17,2026-06-23
Top Round London Broil,Publix,8.99,other,2026-07-22,2026-07-28
Torani Sauce 16.5-oz or Syrup 12.7-oz,Publix,9.0,other,2026-07-15,2026-07-28
Tree Hut Body Wash or Scrub,Publix,8.99,other,2026-06-27,2026-07-10
Tresemmé A-List Styling Collection,Publix,12.99,other,2026-05-16,2026-05-29
"Tresemmé Root Touch Up, 2.5-oz can, or Styling Products, 9 to 11-oz pkg.",Publix,14.0,other,2026-06-03,2026-06-10
"Tresemmé Root Touch Up, 2.5-oz can, or Styling Products, 9 to 11-oz pkg.",Publix,14.0,other,2026-07-01,2026-07-07
Tresemmé Shampoo or Conditioner,Publix,12.0,other,2026-06-03,2026-06-10
Tresemmé Shampoo or Conditioner,Publix,12.0,other,2026-07-01,2026-07-07
Tri-Color Peppers,Publix,3.99,other,2026-04-22,2026-04-28
Tropicana Refreshers,Publix,6.0,other,2026-04-29,2026-05-05
Tropicana Refreshers,Publix,6.0,other,2026-05-27,2026-06-03
Tulip Bouquet,Publix,8.99,other,2026-05-06,2026-05-12
Tulip Bouquet,Publix,8.49,other,2026-05-27,2026-06-03
Tulip Bouquet,Publix,8.49,other,2026-06-03,2026-06-10
Tylenol Extra Strength Liquid Gels,Publix,9.89,other,2026-06-27,2026-07-10
Utz Snack Packs,Publix,4.99,other,2026-07-22,2026-07-28
Utz Snacks Container,Publix,6.99,other,2026-06-27,2026-07-10
V8 Splash Beverage,Publix,5.0,other,2026-04-22,2026-04-28
V8 Splash Beverage,Publix,5.0,other,2026-06-10,2026-06-16
"Vanity Fair Napkins, Dinner 80 - ct.; or Everyday: Absorbent, 160 - ct. or Regular, 200 - ct. pkg.",Publix,9.0,other,2026-06-03,2026-06-10
Vase Ready European Bouquet,Publix,27.99,other,2026-05-06,2026-05-12
Velveeta,Publix,7.49,other,2026-05-30,2026-06-12
Vicks PainQuil Max Strength Pain Relief,Publix,7.99,other,2026-04-18,2026-05-01
Wahlburgers Sliders†,Publix,12.99,other,2026-06-10,2026-06-16
Westbrae Natural Organic Beans,Publix,5.0,other,2026-07-15,2026-07-28
White or Red Seedless Grapes,Publix,2.49,other,2026-09-02,2026-09-08
White Seedless Grapes,Publix,3.99,other,2026-04-22,2026-04-28
White Seedless Grapes,Publix,3.99,other,2026-04-29,2026-05-05
White Seedless Grapes,Publix,3.99,other,2026-05-06,2026-05-12
White Seedless Grapes,Publix,3.99,other,2026-05-13,2026-05-19
White Seedless Grapes,Publix,3.99,other,2026-05-20,2026-05-26
White Seedless Grapes,Publix,3.99,other,2026-05-27,2026-06-03
Wise Variety Pack,Publix,8.99,other,2026-04-18,2026-05-01
Wise Variety Pack,Publix,8.99,other,2026-05-30,2026-06-12
Wyman's Frozen Fruit,Publix,10.99,other,2026-07-22,2026-07-28
Wyman's Protein Blend,Publix,8.99,other,2026-07-15,2026-07-28
Xtra Laundry Detergent,Publix,9.49,other,2026-05-13,2026-05-19
Xtra Laundry Detergent,Publix,9.49,other,2026-06-10,2026-06-16
Yehuda Yahrzeit Memorial Candle,Publix,5.0,other,2026-09-02,2026-09-08
¡Yo Quiero! Elote Dip,Publix,4.99,other,2026-04-29,2026-05-05
Zegerid Heartburn Relief,Publix,23.99,other,2026-05-02,2026-05-15
Ziploc Bags,Publix,7.0,other,2026-05-13,2026-05-19
ALDI Greek Chickpeas,ALDI,2.29,pantry,2026-04-22,2026-04-28
Boulder Heavy Duty Coated Paper Plates,ALDI,3.39,pantry,2026-07-22,2026-07-28
Boulder Heavy Duty Coated Paper Plates,ALDI,3.39,pantry,2026-09-02,2026-09-08
Burman's Assorted BBQ Sauce,ALDI,1.69,pantry,2026-05-20,2026-05-26
Burman's Assorted BBQ Sauce,ALDI,1.69,pantry,2026-09-02,2026-09-08
Burman's Premium Hot Sauce,ALDI,2.99,pantry,2026-05-20,2026-05-26
Burman's Yellow Mustard,ALDI,0.95,pantry,2026-06-03,2026-06-09
Chef's Cupboard Couscous Salad Kit,ALDI,1.99,pantry,2026-06-10,2026-06-16
Children's Character 2-Piece Pajama Set,ALDI,9.99,pantry,2026-07-01,2026-07-07
Crofton Floating Cooler,ALDI,39.99,pantry,2026-06-17,2026-06-23
Pueblo Lindo Soft Taco Flour Tortillas,ALDI,1.95,pantry,2026-05-27,2026-06-02
"Crofton 2-Pack Oven Mitts, 2-Pack Pot Holders or 3-Pack Flour Sack Towels",ALDI,4.99,pantry,2026-06-10,2026-06-16
H2OGO! Lounger or Tube Float,ALDI,7.99,pantry,2026-06-24,2026-06-30
Heart to Tail Floating Dog Toy,ALDI,4.99,pantry,2026-06-24,2026-06-30
Heart to Tail Pet Pool Float,ALDI,12.99,pantry,2026-06-24,2026-06-30
LEGO LEGO Pajama Pants,ALDI,9.99,pantry,2026-07-01,2026-07-07
Fit & Active Lightly Salted or Caramel Corn Rice Cakes,ALDI,2.95,pantry,2026-07-01,2026-07-07
Simply Nature Organic Ketchup,ALDI,2.15,pantry,2026-06-03,2026-06-09
ALDI Macaroni Salad,ALDI,3.99,pantry,2026-04-22,2026-04-28
Crane Premium Pool Noodle,ALDI,19.99,pantry,2026-05-20,2026-05-26
Park Street Deli Original or Pesto Pasta Salad Kit,ALDI,7.99,pantry,2026-05-13,2026-05-19
ALDI Rotini or Caprese Pasta Salad,ALDI,4.99,pantry,2026-05-13,2026-05-19
BigMouth Inflatable Pool Noodle,ALDI,9.99,pantry,2026-05-27,2026-06-02
ALDI Macaroni Salad,ALDI,3.99,pantry,2026-06-10,2026-06-16
Park Street Deli Macaroni & Cheese,ALDI,2.95,pantry,2026-06-17,2026-06-23
ALDI Rotini or Caprese Pasta Salad,ALDI,4.99,pantry,2026-07-22,2026-07-28
"Crofton Deli, Pasta or Cracker ProKeeper",ALDI,9.99,pantry,2026-07-22,2026-07-28
Specially Selected Pure Maple Syrup,ALDI,5.29,pantry,2026-05-06,2026-05-12
Stonemill Summer Grill Seasoning,ALDI,3.29,pantry,2026-04-22,2026-04-28
Crisco Vegetable Oil,Food Lion,2.79,pantry,2026-04-29,2026-05-05
Duke's Mayonnaise,Food Lion,4.99,pantry,2026-04-29,2026-05-05
Duke's Mayonnaise,Food Lion,4.99,pantry,2026-05-06,2026-05-12
Duke's Mayonnaise,Food Lion,4.99,pantry,2026-05-27,2026-06-02
Duke's Mayonnaise,Food Lion,4.99,pantry,2026-06-03,2026-06-09
Duke's Mayonnaise,Food Lion,4.99,pantry,2026-07-22,2026-07-28
Duke's Squeeze Mayonnaise,Food Lion,4.99,pantry,2026-04-22,2026-04-28
Duke's Squeeze Mayonnaise,Food Lion,4.99,pantry,2026-06-17,2026-06-23
Pillsbury Flour,Food Lion,3.99,pantry,2026-04-22,2026-04-28
Southern Biscuit Flour,Food Lion,3.19,pantry,2026-04-29,2026-05-05
La Banderita Flour Tortillas,Food Lion,6.0,pantry,2026-05-20,2026-05-26
Mission Flour Fajita Tortillas,Food Lion,6.0,pantry,2026-05-20,2026-05-26
MISSION FLOUR FAJITA TORTILLAS,Food Lion,6.0,pantry,2026-06-10,2026-06-16
MISSION FLOUR TORTILLAS,Food Lion,6.0,pantry,2026-06-17,2026-06-23
Southern Biscuit Flour,Food Lion,3.99,pantry,2026-07-22,2026-07-28
La Banderita Flour Tortillas,Food Lion,5.0,pantry,2026-07-22,2026-07-28
Blue Diamond Almond Flour,Food Lion,8.99,pantry,2026-09-02,2026-09-08
Food Lion Brown Mustard,Food Lion,1.69,pantry,2026-05-13,2026-05-19
Food Lion Canned Vegetables,Food Lion,0.99,pantry,2026-06-03,2026-06-09
Food Lion Canned Vegetables,Food Lion,0.99,pantry,2026-06-10,2026-06-16
Food Lion Cinnamon,Food Lion,2.49,pantry,2026-04-29,2026-05-05
Food Lion Soy or Teriyaki Sauce,Food Lion,4.0,pantry,2026-05-20,2026-05-26
French's Mustard,Food Lion,1.99,pantry,2026-04-29,2026-05-05
General Mills Cheerios Protein,Food Lion,3.49,pantry,2026-05-27,2026-06-02
Goya Black Beans,Food Lion,1.29,pantry,2026-09-02,2026-09-08
Heinz Ketchup,Food Lion,3.99,pantry,2026-04-29,2026-05-05
Heinz Ketchup,Food Lion,3.99,pantry,2026-05-06,2026-05-12
Heinz Ketchup,Food Lion,2.99,pantry,2026-05-13,2026-05-19
Heinz Ketchup,Food Lion,3.99,pantry,2026-05-20,2026-05-26
Heinz Ketchup,Food Lion,2.99,pantry,2026-06-17,2026-06-23
Heinz Ketchup,Food Lion,4.0,pantry,2026-07-01,2026-07-07
Heinz Squeeze Ketchup,Food Lion,3.0,pantry,2026-05-27,2026-06-02
Heinz Squeeze or Stand Up Ketchup,Food Lion,4.0,pantry,2026-09-02,2026-09-08
Heinz Yellow Mustard,Food Lion,2.0,pantry,2026-05-27,2026-06-02
Hellmann's Mayonnaise,Food Lion,3.99,pantry,2026-05-20,2026-05-26
Hellmann's Mayonnaise,Food Lion,3.49,pantry,2026-07-01,2026-07-07
Hellmann's Mayonnaise,Food Lion,4.49,pantry,2026-09-02,2026-09-08
Hellmann's Squeeze Mayonnaise,Food Lion,3.99,pantry,2026-06-10,2026-06-16
Kinder's BBQ Sauce,Food Lion,3.79,pantry,2026-05-13,2026-05-19
Kinder's BBQ Sauce,Food Lion,5.59,pantry,2026-06-17,2026-06-23
Kinder's BBQ Sauce,Food Lion,6.0,pantry,2026-07-01,2026-07-07
Kinder Bueno or Nutella Frozen Dessert,Food Lion,2.99,pantry,2026-06-17,2026-06-23
Kinder's Seasonings,Food Lion,1.99,pantry,2026-05-06,2026-05-12
Kraft Mayonnaise,Food Lion,3.99,pantry,2026-05-13,2026-05-19
Kraft Mayonnaise,Food Lion,4.99,pantry,2026-06-10,2026-06-16
Kraft Mayonnaise,Food Lion,4.99,pantry,2026-06-17,2026-06-23
Kraft Mayonnaise,Food Lion,4.0,pantry,2026-07-01,2026-07-07
Kraft Mayonnaise,Food Lion,4.0,pantry,2026-09-02,2026-09-08
Local Hive 100% U.S. Honey,Food Lion,10.99,pantry,2026-05-13,2026-05-19
Margaret Holmes Canned Vegetables,Food Lion,3.0,pantry,2026-05-06,2026-05-12
McCormick Brown Gravy Mix,Food Lion,0.99,pantry,2026-05-06,2026-05-12
McCormick Grill Mates Seasoning,Food Lion,1.99,pantry,2026-05-20,2026-05-26
McCormick Grill Mates Seasoning,Food Lion,1.99,pantry,2026-06-17,2026-06-23
McCormick Grill Mates Seasoning,Food Lion,1.99,pantry,2026-07-01,2026-07-07
Mission BBQ Sauce,Food Lion,3.49,pantry,2026-06-17,2026-06-23
Mt. Olive Pickles,Food Lion,5.0,pantry,2026-05-20,2026-05-26
Mt. Olive Relish,Food Lion,5.0,pantry,2026-05-13,2026-05-19
Mt. Olive Simply Pickles,Food Lion,5.0,pantry,2026-07-22,2026-07-28
Nature's Promise Organic Ketchup,Food Lion,2.19,pantry,2026-05-27,2026-06-02
NATURE'S PROMISE ORGANIC MAYONNAISE,Food Lion,2.99,pantry,2026-05-27,2026-06-02
NATURE'S PROMISE ORGANIC MUSTARD,Food Lion,2.29,pantry,2026-06-17,2026-06-23
Nature's Promise Organic Sweet Relish,Food Lion,2.29,pantry,2026-05-27,2026-06-02
OH SNAP! PICKLES,Food Lion,1.49,pantry,2026-04-22,2026-04-28
OH SNAP! PICKLES,Food Lion,1.49,pantry,2026-05-20,2026-05-26
OH SNAP! PICKLES,Food Lion,1.49,pantry,2026-06-10,2026-06-16
OH SNAP! PICKLES,Food Lion,1.49,pantry,2026-07-22,2026-07-28
OLD SPICE,Food Lion,7.99,pantry,2026-06-17,2026-06-23
Old Spice Fresh Collection or Secret Outlast,Food Lion,7.99,pantry,2026-04-29,2026-05-05
Old Spice Deodorant,Food Lion,5.99,pantry,2026-06-10,2026-06-16
Old Spice Legacy Deodorant,Food Lion,7.99,pantry,2026-05-20,2026-05-26
Old Spice Red Zone or Secret Outlast Deodorant,Food Lion,7.99,pantry,2026-07-22,2026-07-28
Rib Rack BBQ Sauce,Food Lion,3.75,pantry,2026-04-29,2026-05-05
Rice A Roni Cups,Food Lion,1.2,pantry,2026-04-22,2026-04-28
Mahatma Microwavable Rice Pouch,Food Lion,5.0,pantry,2026-04-29,2026-05-05
Kellogg's Rice Krispies Treats or Mini Squares,Food Lion,3.99,pantry,2026-06-03,2026-06-09
Quaker Rice Crisps,Food Lion,5.0,pantry,2026-06-10,2026-06-16
Kellogg's Nutri Grain Bars Or Rice Krispies Treats,Food Lion,6.0,pantry,2026-07-01,2026-07-07
Rice A Roni Cups,Food Lion,3.0,pantry,2026-07-22,2026-07-28
MINUTE RICE READY TO SERVE,Food Lion,1.79,pantry,2026-09-02,2026-09-08
Prego Pasta Sauce,Food Lion,2.49,pantry,2026-04-22,2026-04-28
Mueller's Pasta,Food Lion,1.39,pantry,2026-04-22,2026-04-28
RAGÚ PASTA SAUCE,Food Lion,2.31,pantry,2026-04-29,2026-05-05
Newman's Own Pasta Sauce,Food Lion,2.63,pantry,2026-04-29,2026-05-05
Food Lion Pasta Sauce,Food Lion,1.59,pantry,2026-05-06,2026-05-12
Bertolli Pasta Sauce,Food Lion,5.0,pantry,2026-05-06,2026-05-12
Prego Pasta Sauce,Food Lion,2.49,pantry,2026-05-06,2026-05-12
Food Lion Pasta,Food Lion,0.99,pantry,2026-05-06,2026-05-12
Food Lion Macaroni & Cheese Dinner,Food Lion,0.69,pantry,2026-05-13,2026-05-19
Taste Of Inspirations Pasta Salad,Food Lion,3.99,pantry,2026-05-13,2026-05-19
Rao's Homemade Pasta,Food Lion,6.0,pantry,2026-05-13,2026-05-19
Ragú Pasta Sauce,Food Lion,5.0,pantry,2026-05-13,2026-05-19
Barilla Pasta,Food Lion,1.79,pantry,2026-05-20,2026-05-26
Food Lion Fresh Pasta,Food Lion,5.0,pantry,2026-05-20,2026-05-26
Taste Of Inspirations Fresh Pasta,Food Lion,5.0,pantry,2026-05-20,2026-05-26
Prego Pasta Sauce,Food Lion,2.49,pantry,2026-05-20,2026-05-26
Campbell's SpaghettiOs,Food Lion,5.0,pantry,2026-05-27,2026-06-02
RAO'S PASTA SAUCE,Food Lion,6.99,pantry,2026-05-27,2026-06-02
Ragú Pasta Sauce,Food Lion,2.0,pantry,2026-06-03,2026-06-09
Classico Pasta Sauce,Food Lion,3.0,pantry,2026-06-03,2026-06-09
Rao's Homemade Pasta,Food Lion,6.0,pantry,2026-06-03,2026-06-09
Food Lion Pasta,Food Lion,0.99,pantry,2026-06-10,2026-06-16
Rana Lasagna or Pasta Meals,Food Lion,3.99,pantry,2026-06-10,2026-06-16
Rao's Pasta Sauce,Food Lion,6.99,pantry,2026-06-17,2026-06-23
Annie Chun's Noodle Bowl,Food Lion,6.0,pantry,2026-07-01,2026-07-07
Chef Boyardee Canned Pasta,Food Lion,1.0,pantry,2026-07-01,2026-07-07
Suddenly! Pasta Salad,Food Lion,4.0,pantry,2026-07-01,2026-07-07
Nissin Noodle Bowls,Food Lion,1.0,pantry,2026-07-01,2026-07-07
Nongshim Noodles Cup or Bowl,Food Lion,3.0,pantry,2026-07-01,2026-07-07
Prego Pasta Sauce,Food Lion,6.0,pantry,2026-07-01,2026-07-07
Snapdragon Noodle,Food Lion,5.99,pantry,2026-07-22,2026-07-28
Hunt's Pasta Sauce,Food Lion,1.79,pantry,2026-07-22,2026-07-28
Taste of Inspirations Fresh Pasta,Food Lion,5.0,pantry,2026-07-22,2026-07-28
Mueller's Protein Pasta,Food Lion,2.49,pantry,2026-07-22,2026-07-28
CELENTANO FROZEN PASTA,Food Lion,2.99,pantry,2026-09-02,2026-09-08
RAO'S PASTA SAUCE,Food Lion,6.99,pantry,2026-09-02,2026-09-08
Classico Pasta Sauce,Food Lion,6.0,pantry,2026-09-02,2026-09-08
Sticky Fingers BBQ Sauce,Food Lion,2.99,pantry,2026-05-20,2026-05-26
Gold Peak Iced Tea or Minute Maid Zero Sugar,Food Lion,5.0,pantry,2026-04-22,2026-04-28
Food Lion Baking Sugar,Food Lion,1.99,pantry,2026-04-29,2026-05-05
Red Bull Original Or Sugar Free,Food Lion,5.0,pantry,2026-05-06,2026-05-12
Gatorade Original or Lower Sugar,Food Lion,5.99,pantry,2026-05-06,2026-05-12
Food Lion Baking Sugars,Food Lion,1.99,pantry,2026-05-06,2026-05-12
Monster Zero Sugar Or Juice,Food Lion,5.0,pantry,2026-05-20,2026-05-26
Ocean Spray Original or Zero Sugar,Food Lion,6.0,pantry,2026-05-20,2026-05-26
Lofthouse Frosted Sugar Cookies,Food Lion,5.49,pantry,2026-05-20,2026-05-26
Gold Peak Iced Tea Or Minute Maid Zero Sugar,Food Lion,4.0,pantry,2026-06-10,2026-06-16
CLEARLY CANADIAN ZERO SUGAR,Food Lion,5.99,pantry,2026-06-17,2026-06-23
Monster Zero Sugar or Juice,Food Lion,2.5,pantry,2026-07-01,2026-07-07
OCEAN SPRAY ORIGINAL OR ZERO SUGAR,Food Lion,6.0,pantry,2026-07-01,2026-07-07
Tabanero Hot Sauce,Food Lion,1.0,pantry,2026-04-29,2026-05-05
Taste of Inspirations Balsamic Vinegar Glaze,Food Lion,3.59,pantry,2026-06-10,2026-06-16
Taste Of Inspirations Crumbled Goat Cheese,Food Lion,3.99,pantry,2026-06-10,2026-06-16
Taste Of Inspirations Jelly,Food Lion,3.49,pantry,2026-04-22,2026-04-28
Texas Pete Hot Sauce,Food Lion,4.39,pantry,2026-05-20,2026-05-26
Texas Pete Hot Sauce,Food Lion,2.99,pantry,2026-06-10,2026-06-16
Texas Pete Hot Sauce,Food Lion,2.99,pantry,2026-06-17,2026-06-23
Texas Pete Hot Sauce,Food Lion,2.99,pantry,2026-07-22,2026-07-28
15-20 oz Simple Truth Organic Ketchup or 12 oz. Mustard,Harris Teeter,1.79,pantry,2026-06-03,2026-06-09
16 - 24 oz. Harris Teeter Pickles or 5.75 - 6 oz. Ripe Olives,Harris Teeter,4.0,pantry,2026-06-03,2026-06-09
16 - 24 oz. Vlasic Pickles or 15 oz. Wishbone Salad Dressing,Harris Teeter,5.0,pantry,2026-06-10,2026-06-16
2-3 oz. HT Traders Rubs or Seasoning Blends or 1.75-4.05 oz Private Selection Grinders,Harris Teeter,3.99,pantry,2026-05-13,2026-05-19
Agave In The Raw Organic Nectar,Harris Teeter,5.99,pantry,2026-06-10,2026-06-16
Anderson's Pure Maple Syrup,Harris Teeter,17.99,pantry,2026-05-27,2026-06-02
Beneful Variety Canned Dog Food,Harris Teeter,14.79,pantry,2026-07-22,2026-07-28
Bibigo Korean BBQ Sauces,Harris Teeter,5.99,pantry,2026-05-20,2026-06-16
Bobo's Oat Bites,Harris Teeter,8.99,pantry,2026-06-17,2026-07-14
Bobo's Oat Bites,Harris Teeter,10.0,pantry,2026-06-17,2026-07-14
Bonne Maman Preserves or Curd,Harris Teeter,5.99,pantry,2026-05-20,2026-06-16
Bubbie's Sauerkraut or Pickles,Harris Teeter,6.99,pantry,2026-05-20,2026-05-26
Carmichael's Organic Honey,Harris Teeter,4.99,pantry,2026-04-22,2026-04-28
Cholula Hot Sauce,Harris Teeter,3.99,pantry,2026-04-22,2026-04-28
Cholula Mini Hot Sauce,Harris Teeter,5.0,pantry,2026-06-17,2026-07-14
General Mills Cereal,Harris Teeter,2.47,pantry,2026-04-22,2026-04-28
Simple Truth Protein Cereal,Harris Teeter,6.99,pantry,2026-04-22,2026-04-28
Harris Teeter Pumpkin Spice Cereal Bars,Harris Teeter,4.0,pantry,2026-04-22,2026-04-28
Crisco Canola or Vegetable Oil,Harris Teeter,4.49,pantry,2026-05-20,2026-05-26
Duke's Mayonnaise,Harris Teeter,3.99,pantry,2026-05-20,2026-05-26
24 oz. Famous Dave's Pickles or 16 oz. Chick-fil-A Sauces,Harris Teeter,7.0,pantry,2026-05-27,2026-06-02
Farmers Market Honeyglow Spears,Harris Teeter,4.99,pantry,2026-06-10,2026-06-16
Gold Medal All Purpose or Unbleached Flour,Harris Teeter,6.0,pantry,2026-05-06,2026-05-12
Gold Medal All Purpose or Unbleached Flour,Harris Teeter,6.0,pantry,2026-06-10,2026-06-16
Simple Mills Almond Flour Crackers,Harris Teeter,9.0,pantry,2026-07-15,2026-08-11
French's Dijon Mustard,Harris Teeter,5.0,pantry,2026-05-13,2026-05-19
French's Yellow Mustard,Harris Teeter,4.0,pantry,2026-05-13,2026-05-19
Grey Poupon Dijon Mustard,Harris Teeter,3.99,pantry,2026-05-20,2026-05-26
Grey Poupon Dijon Mustard,Harris Teeter,3.99,pantry,2026-06-03,2026-06-09
Grey Poupon Dijon Mustard,Harris Teeter,3.99,pantry,2026-06-10,2026-06-16
Grey Poupon Mustard,Harris Teeter,3.99,pantry,2026-07-01,2026-07-07
Hanover Canned Beans,Harris Teeter,5.0,pantry,2026-07-22,2026-07-28
Harris Teeter Black Beans,Harris Teeter,0.99,pantry,2026-05-13,2026-05-19
Harris Teeter Black Beans,Harris Teeter,0.99,pantry,2026-05-20,2026-05-26
Harris Teeter Cooking Spray,Harris Teeter,2.69,pantry,2026-05-06,2026-05-12
Harris Teeter Cooking Spray,Harris Teeter,5.0,pantry,2026-06-03,2026-06-09
Harris Teeter Cooking Spray,Harris Teeter,5.0,pantry,2026-06-10,2026-06-16
Harris Teeter Cooking Spray,Harris Teeter,5.0,pantry,2026-06-17,2026-06-23
Harris Teeter Cooking Spray,Harris Teeter,5.0,pantry,2026-07-22,2026-07-28
Harris Teeter Cooking Spray,Harris Teeter,5.0,pantry,2026-09-02,2026-09-08
Harris Teeter Cooking Sprays,Harris Teeter,5.0,pantry,2026-05-20,2026-05-26
5 oz. Harris Teeter Croutons or 12 oz. Flavored Mustard,Harris Teeter,5.0,pantry,2026-06-10,2026-06-16
Harris Teeter Flavored Mustard,Harris Teeter,5.0,pantry,2026-05-13,2026-05-19
Harris Teeter Flavored Mustard,Harris Teeter,5.0,pantry,2026-05-27,2026-06-02
12 oz. Harris Teeter Flavored Mustard or 2.25 oz. Black Olives,Harris Teeter,5.0,pantry,2026-06-17,2026-06-23
12 oz Harris Teeter Flavored Mustard 5 oz or Croutons,Harris Teeter,5.0,pantry,2026-07-01,2026-07-07
Harris Teeter Flavored Mustards,Harris Teeter,5.0,pantry,2026-05-06,2026-05-12
Harris Teeter Honey Bear,Harris Teeter,6.0,pantry,2026-05-13,2026-05-19
Harris Teeter Hot Honey,Harris Teeter,4.99,pantry,2026-05-13,2026-05-19
Harris Teeter Hot Honey,Harris Teeter,4.99,pantry,2026-05-27,2026-06-02
Harris Teeter Hot Sauce,Harris Teeter,0.89,pantry,2026-05-13,2026-05-19
Harris Teeter Ketchup,Harris Teeter,1.99,pantry,2026-05-13,2026-05-19
Harris Teeter Ketchup,Harris Teeter,3.0,pantry,2026-07-22,2026-07-28
Harris Teeter Mayonnaise,Harris Teeter,3.99,pantry,2026-06-03,2026-06-09
Harris Teeter Mayonnaise,Harris Teeter,3.99,pantry,2026-06-17,2026-06-23
Harris Teeter Mustard,Harris Teeter,1.59,pantry,2026-07-22,2026-07-28
Harris Teeter Classic Olive Oil,Harris Teeter,15.99,pantry,2026-04-22,2026-04-28
Harris Teeter Classic Olive Oil,Harris Teeter,6.49,pantry,2026-04-29,2026-05-05
Harris Teeter Pickles,Harris Teeter,4.0,pantry,2026-05-13,2026-05-19
Harris Teeter Raisin Bran 18.2 - 18.7 oz. or Honeybear 12 oz.,Harris Teeter,6.0,pantry,2026-05-06,2026-05-12
Harris Teeter Sliced Ripe Olives 38 oz or Squeeze Relish 10 oz.,Harris Teeter,4.0,pantry,2026-06-10,2026-06-16
Harris Teeter Spices,Harris Teeter,1.99,pantry,2026-05-20,2026-05-26
Harris Teeter Spices,Harris Teeter,1.99,pantry,2026-06-17,2026-06-23
Harris Teeter Squeeze Mayonnaise,Harris Teeter,5.0,pantry,2026-07-01,2026-07-07
Harris Teeter Sweet Relish,Harris Teeter,4.0,pantry,2026-04-22,2026-04-28
Harris Teeter Vegetable or Canola Oil,Harris Teeter,4.99,pantry,2026-04-22,2026-04-28
Harris Teeter Vegetable or Canola Oil,Harris Teeter,3.99,pantry,2026-05-27,2026-06-02
Harris Teeter Worcestershire Sauce,Harris Teeter,1.79,pantry,2026-04-29,2026-05-05
20 oz. Harris Teeter Yellow Mustard or 24 oz. Harris Teeter Ketchup,Harris Teeter,3.0,pantry,2026-05-06,2026-05-12
20 oz. Heinz Ketchup or 13.5 - 14 oz. Flavored Ketchup,Harris Teeter,1.97,pantry,2026-06-10,2026-06-16
32 oz. Heinz Ketchup or 8 - 10 oz. Grey Poupon Mustard,Harris Teeter,2.99,pantry,2026-06-17,2026-06-23
Heinz Mustard,Harris Teeter,1.97,pantry,2026-06-10,2026-06-16
Heinz Simply Ketchup,Harris Teeter,4.99,pantry,2026-09-02,2026-09-08
Heinz Simply or Spicy Ketchup,Harris Teeter,6.0,pantry,2026-05-13,2026-05-19
Hellmann's Mayonnaise,Harris Teeter,4.97,pantry,2026-05-06,2026-05-12
Hellmann's Mayonnaise,Harris Teeter,5.99,pantry,2026-06-10,2026-06-16
Hellmann's Mayonnaise,Harris Teeter,5.99,pantry,2026-07-22,2026-07-28
Hippeas chickpea puffs,Harris Teeter,7.0,pantry,2026-06-17,2026-07-14
HT Traders Amber Maple Syrup,Harris Teeter,14.99,pantry,2026-04-22,2026-04-28
HT Traders Amber Maple Syrup,Harris Teeter,5.49,pantry,2026-04-22,2026-05-19
HT Traders Amber Maple Syrup,Harris Teeter,4.99,pantry,2026-05-13,2026-05-19
HT Traders Amber Maple Syrup,Harris Teeter,14.99,pantry,2026-07-22,2026-07-28
HT Traders BBQ Sauce,Harris Teeter,2.69,pantry,2026-04-22,2026-04-28
HT Traders BBQ Sauce,Harris Teeter,6.0,pantry,2026-07-01,2026-07-07
18 oz. HT Traders BBQ Sauce or 19-19.5 oz. Private Selection BBQ Sauce,Harris Teeter,6.0,pantry,2026-06-03,2026-06-09
HT Traders Grilled Red Pepper Bruschetta,Harris Teeter,3.99,pantry,2026-07-22,2026-07-28
HT Traders Raw Honey,Harris Teeter,6.99,pantry,2026-05-06,2026-05-12
HT Traders Raw Honey,Harris Teeter,6.99,pantry,2026-06-17,2026-06-23
HT Traders Rubs or Seasonings,Harris Teeter,3.99,pantry,2026-07-01,2026-07-07
HT Traders Rubs & Seasonings,Harris Teeter,7.0,pantry,2026-05-27,2026-06-02
Hunt's Best Ever Ketchup,Harris Teeter,4.0,pantry,2026-06-10,2026-06-16
Inglehoffer Mustard,Harris Teeter,3.99,pantry,2026-06-17,2026-07-14
Jelly Belly Pouches,Harris Teeter,5.99,pantry,2026-04-22,2026-04-28
Kinder's BBQ Sauce,Harris Teeter,7.0,pantry,2026-06-17,2026-07-14
Kinder's Seasonings,Harris Teeter,5.99,pantry,2026-06-17,2026-07-14
Kinder's Spices,Harris Teeter,5.49,pantry,2026-09-02,2026-09-08
Kraft Mayonnaise,Harris Teeter,3.99,pantry,2026-05-13,2026-05-19
Kraft Mayonnaise,Harris Teeter,4.99,pantry,2026-05-27,2026-06-02
La Brea Sunflower Honey or French Loaf,Harris Teeter,5.99,pantry,2026-06-03,2026-06-09
Local Hive Hot Honey Sauce,Harris Teeter,3.99,pantry,2026-04-29,2026-05-05
Louisiana Hot Sauce,Harris Teeter,1.99,pantry,2026-04-29,2026-05-05
Maille Mustard,Harris Teeter,4.99,pantry,2026-06-17,2026-07-14
McCormick Grill Mates Seasoning,Harris Teeter,6.0,pantry,2026-05-27,2026-06-02
McCormick Grill Mates Seasonings,Harris Teeter,6.0,pantry,2026-05-06,2026-05-12
McCormick Grill Mates Seasonings,Harris Teeter,4.0,pantry,2026-07-01,2026-07-07
McIlhenny Tabasco Sauce,Harris Teeter,5.0,pantry,2026-04-29,2026-05-05
Melinda's Hot Sauce,Harris Teeter,4.99,pantry,2026-07-15,2026-08-11
Melinda's Hot Sauces,Harris Teeter,5.49,pantry,2026-05-27,2026-06-02
Mike's Hot Honey,Harris Teeter,9.99,pantry,2026-06-17,2026-07-14
Morton & Bassett Spice or Seasonings,Harris Teeter,7.99,pantry,2026-06-17,2026-07-14
Morton Iodized Salt & Pepper,Harris Teeter,4.0,pantry,2026-06-03,2026-06-09
Mountain Ridge Honey,Harris Teeter,6.99,pantry,2026-06-10,2026-06-16
Mt. Olive Clearly Pickles,Harris Teeter,2.99,pantry,2026-07-22,2026-07-28
Mt. Olive Pickles,Harris Teeter,5.0,pantry,2026-05-20,2026-05-26
Mt. Olive Pickles,Harris Teeter,5.0,pantry,2026-07-01,2026-07-07
Mt. Olive Pickles,Harris Teeter,2.99,pantry,2026-07-22,2026-07-28
Mt. Olive Pickles,Harris Teeter,5.0,pantry,2026-09-02,2026-09-08
Mt. Olive Sweet Relish,Harris Teeter,6.0,pantry,2026-05-13,2026-05-19
Nature's Recipe Canned Dog Food,Harris Teeter,14.59,pantry,2026-04-29,2026-05-05
Nutella or Kinder Bueno Cones,Harris Teeter,3.99,pantry,2026-04-29,2026-05-05
Old Bay Seasoning,Harris Teeter,7.0,pantry,2026-06-17,2026-07-14
Old Spice Alchemist Body Wash,Harris Teeter,2.0,pantry,2026-05-27,2026-06-02
15 oz. or 20 oz. Simple Truth Organic Ketchup or 12 oz. Mustard,Harris Teeter,1.79,pantry,2026-04-22,2026-04-28
Ortega Taco Seasoning,Harris Teeter,0.89,pantry,2026-04-22,2026-04-28
Ortega Taco Seasoning Mix,Harris Teeter,0.89,pantry,2026-07-01,2026-07-07
Pam Cooking Spray,Harris Teeter,7.0,pantry,2026-07-01,2026-07-07
Pompeian Organic Balsamic Vinegar,Harris Teeter,3.99,pantry,2026-05-27,2026-06-02
Pompeian Olive Oil,Harris Teeter,9.99,pantry,2026-05-20,2026-05-26
Private Selection Balsamic Vinegar of Modena or White Balsamic Vinegar,Harris Teeter,4.99,pantry,2026-05-13,2026-05-19
Private Selection BBQ Sauce,Harris Teeter,6.0,pantry,2026-06-17,2026-06-23
Private Selection Preserves,Harris Teeter,3.99,pantry,2026-05-06,2026-05-12
Private Selection Preserves,Harris Teeter,3.99,pantry,2026-05-27,2026-06-02
13 oz. Private Selection Preserves or 8.5 oz. HT Traders Maple Syrup,Harris Teeter,3.99,pantry,2026-05-20,2026-05-26
Private Selection Raw Wildflower Honey,Harris Teeter,5.99,pantry,2026-04-22,2026-05-19
Private Selection Raw Wildflower Honey,Harris Teeter,5.99,pantry,2026-04-29,2026-05-05
Rib Rack BBQ Sauce,Harris Teeter,2.97,pantry,2026-06-03,2026-06-09
Harris Teeter Medium Grain White Rice,Harris Teeter,4.0,pantry,2026-04-22,2026-04-28
Simple Truth Organic Jasmine Rice,Harris Teeter,3.99,pantry,2026-04-22,2026-04-28
Knorr Pasta or Rice Sides,Harris Teeter,5.0,pantry,2026-04-22,2026-04-28
Quaker Rice Cakes,Harris Teeter,7.0,pantry,2026-04-29,2026-05-05
HT Traders Rice Canister,Harris Teeter,4.99,pantry,2026-05-06,2026-05-12
Quaker Rice Cakes,Harris Teeter,7.0,pantry,2026-05-20,2026-05-26
Quaker Rice Crisps,Harris Teeter,8.0,pantry,2026-05-20,2026-05-26
Simple Truth Rice Crackers,Harris Teeter,5.0,pantry,2026-05-20,2026-05-26
HT Traders Rice Canister,Harris Teeter,4.99,pantry,2026-05-27,2026-06-02
Kellogg's Homestyle Rice Krispies Treats,Harris Teeter,5.0,pantry,2026-06-03,2026-06-09
Quaker Popped Rice Crisps,Harris Teeter,4.0,pantry,2026-06-03,2026-06-09
Harris Teeter Crispy Rice treats,Harris Teeter,7.0,pantry,2026-06-10,2026-06-16
Kozy Shack Rice Pudding,Harris Teeter,5.0,pantry,2026-06-10,2026-06-16
"Old El Paso Shells, Tortilla Shells, Rice Sides or Rice & Bean Pouch",Harris Teeter,4.0,pantry,2026-06-10,2026-06-16
Quaker Rice Cakes,Harris Teeter,7.0,pantry,2026-07-01,2026-07-07
Near East Rice Pilaf or Couscous Mix,Harris Teeter,4.0,pantry,2026-07-01,2026-07-07
Rice A Roni,Harris Teeter,5.0,pantry,2026-07-01,2026-07-07
Quaker Rice Crisps Multipack,Harris Teeter,10.99,pantry,2026-07-01,2026-07-07
Harris Teeter Crispy Rice Treats,Harris Teeter,7.0,pantry,2026-07-01,2026-07-07
Harris Teeter Family Size 3 Minute Basmati Rice,Harris Teeter,3.29,pantry,2026-07-15,2026-08-11
Quaker Rice Cakes,Harris Teeter,7.0,pantry,2026-09-02,2026-09-08
Quaker Popped Rice Crisps,Harris Teeter,4.0,pantry,2026-09-02,2026-09-08
Siete Taco Shells,Harris Teeter,5.99,pantry,2026-04-29,2026-05-05
Simple Truth Organic Canola Oil,Harris Teeter,4.99,pantry,2026-04-29,2026-05-05
Simple Truth Organic Mayonnaise,Harris Teeter,4.49,pantry,2026-09-02,2026-09-08
Simple Truth Organic Quinoa,Harris Teeter,4.99,pantry,2026-05-13,2026-05-19
Simple Truth Organic Sesame Ginger or Teriyaki Baked Tofu,Harris Teeter,4.29,pantry,2026-04-22,2026-05-19
Smash Kitchen Organic Cage Free Mayonnaise,Harris Teeter,9.0,pantry,2026-06-03,2026-06-09
Smash Kitchen Organic Hot Honey Ketchup,Harris Teeter,9.0,pantry,2026-06-03,2026-06-09
Smash Kitchen Organic Ketchup,Harris Teeter,9.0,pantry,2026-06-03,2026-06-09
Smash Kitchen Mayonnaise,Harris Teeter,9.0,pantry,2026-05-20,2026-06-16
Smucker's Preserves,Harris Teeter,5.0,pantry,2026-06-10,2026-06-16
Harris Teeter Pasta,Harris Teeter,0.99,pantry,2026-04-22,2026-04-28
14-16 oz. HT Traders Vegetables Blends or 16 oz. Frozen Pasta,Harris Teeter,9.0,pantry,2026-04-22,2026-04-28
24 oz. Rao's Pasta Sauce oe 15 oz. Alfredo Sauce,Harris Teeter,5.97,pantry,2026-04-29,2026-05-05
Rao's Limited Reserve Pasta Sauce,Harris Teeter,10.99,pantry,2026-04-29,2026-05-05
7 oz. Harris Teeter 60 Second Pasta or 8.8 oz. 90 Second Rice,Harris Teeter,3.0,pantry,2026-04-29,2026-05-05
Barilla Blue Box Pasta,Harris Teeter,4.0,pantry,2026-04-29,2026-05-05
Rao's Pasta,Harris Teeter,5.0,pantry,2026-04-29,2026-05-05
Annie's Organic Macaroni & Cheese,Harris Teeter,6.0,pantry,2026-05-06,2026-05-12
Private Selection Macaroni & Cheese,Harris Teeter,2.79,pantry,2026-05-06,2026-05-12
Simple Truth Organic NSA Pasta Sauce,Harris Teeter,7.0,pantry,2026-05-06,2026-05-12
Harris Teeter Sliced Carrots or Cream of Chicken or Chicken Noodle Soup,Harris Teeter,5.0,pantry,2026-05-13,2026-05-19
Mueller's Pasta,Harris Teeter,3.0,pantry,2026-05-13,2026-05-19
HT Traders Arrabbiata Pasta Sauce,Harris Teeter,3.49,pantry,2026-05-13,2026-05-19
HT Traders Traders Fettuccine Alfredo or Four Cheese Risotto,Harris Teeter,5.99,pantry,2026-05-20,2026-06-16
Sauz Pasta Sauce,Harris Teeter,7.99,pantry,2026-05-20,2026-06-16
Delallo Organic Pasta,Harris Teeter,6.0,pantry,2026-05-20,2026-06-16
Little Italy In The Bronx Pasta Sauce,Harris Teeter,4.99,pantry,2026-05-20,2026-06-16
Annie Chun's Noodle Bowl,Harris Teeter,3.99,pantry,2026-05-20,2026-06-16
Rao's Pasta,Harris Teeter,5.0,pantry,2026-05-20,2026-05-26
Private Selection Macaroni & Cheese,Harris Teeter,5.0,pantry,2026-05-20,2026-05-26
24 oz. Rao's Pasta Sauce or 15 oz. Alfredo Sauce,Harris Teeter,5.97,pantry,2026-05-20,2026-05-26
Harris Teeter Gluten Free Spaghetti,Harris Teeter,4.0,pantry,2026-05-20,2026-05-26
Rao's Limited Reserve Pasta Sauce,Harris Teeter,10.99,pantry,2026-05-20,2026-05-26
Simple Truth Organic Zoo Shapes Kids Pasta,Harris Teeter,5.0,pantry,2026-05-20,2026-05-26
Campbell's SpaghettiOs,Harris Teeter,5.0,pantry,2026-05-20,2026-05-26
Harris Teeter Pasta,Harris Teeter,5.0,pantry,2026-05-20,2026-05-26
Simple Truth Organic Pasta Sauce,Harris Teeter,7.0,pantry,2026-05-27,2026-06-02
HT Traders Fresh Filled Pasta,Harris Teeter,5.99,pantry,2026-05-27,2026-06-02
Simple Truth Organic Spaghetti,Harris Teeter,5.0,pantry,2026-05-27,2026-06-02
HT Traders Fresh Pasta Sauce,Harris Teeter,6.99,pantry,2026-05-27,2026-06-02
HT Traders Fra Diavolo Spicy Pasta Sauce,Harris Teeter,3.49,pantry,2026-05-27,2026-06-02
Private Selection Macaroni & Cheese,Harris Teeter,5.0,pantry,2026-05-27,2026-06-02
14 - 16 oz. HT Traders Vegetable Blends or 16 oz. Frozen Pasta,Harris Teeter,9.0,pantry,2026-05-27,2026-06-02
Harris Teeter Pasta Sauce,Harris Teeter,1.99,pantry,2026-06-10,2026-06-16
De Cecco Pasta,Harris Teeter,5.0,pantry,2026-06-17,2026-07-14
Yo Mama's Pasta Sauce,Harris Teeter,5.99,pantry,2026-06-17,2026-07-14
Simple Truth Protein Chickpea Penne Pasta,Harris Teeter,2.19,pantry,2026-06-17,2026-07-14
Annie Chun's Noodle Bowl,Harris Teeter,3.99,pantry,2026-06-17,2026-07-14
Private Selection Macaroni & Cheese,Harris Teeter,5.0,pantry,2026-06-17,2026-06-23
Harris Teeter Pasta,Harris Teeter,0.99,pantry,2026-07-01,2026-07-07
Pasta Roni,Harris Teeter,5.0,pantry,2026-07-01,2026-07-07
Rao's Pasta,Harris Teeter,5.0,pantry,2026-07-01,2026-07-07
Rao's Pasta Sauce,Harris Teeter,10.99,pantry,2026-07-01,2026-07-07
Rummo Protein Pasta,Harris Teeter,7.0,pantry,2026-07-15,2026-08-11
Private Selection Macaroni & Cheese,Harris Teeter,5.0,pantry,2026-07-22,2026-07-28
Simple Truth Organic Chicken Noodle Soup 18.5 oz. or Chicken Stock 32 oz.,Harris Teeter,5.0,pantry,2026-07-22,2026-07-28
Maruchan Ramen Bowls or Yakisoba Noodles,Harris Teeter,5.0,pantry,2026-07-22,2026-07-28
HT Traders Frozen Pasta,Harris Teeter,9.0,pantry,2026-07-22,2026-07-28
HT Traders Fettuccine Alfredo,Harris Teeter,4.99,pantry,2026-09-02,2026-09-08
Rao's Pasta,Harris Teeter,5.0,pantry,2026-09-02,2026-09-08
Mueller's Pasta,Harris Teeter,3.0,pantry,2026-09-02,2026-09-08
Simple Truth Protein Red Lentil or Chickpea Spaghetti,Harris Teeter,3.0,pantry,2026-08-12,2026-09-08
18 oz. Stubb's BBQ Sauce or 16 oz. Hidden Valley Ranch,Harris Teeter,7.0,pantry,2026-05-20,2026-05-26
12 oz. Harris Teeter Buffalo Wings Sauce or 19 oz. No Sugar Added Ketchup,Harris Teeter,5.0,pantry,2026-04-22,2026-04-28
Zevia Zero Sugar Soda,Harris Teeter,9.99,pantry,2026-04-29,2026-05-05
"Harris Teeter Light Brown, Dark Brown or Powdered Sugar",Harris Teeter,5.0,pantry,2026-05-06,2026-05-12
Dixie Crystals Sugar,Harris Teeter,3.49,pantry,2026-05-06,2026-05-12
"Chobani Flip Single Serve 4.5 oz., Chobani Zero Sugar Single Serve 5.3 oz. or Chobani 20g Protein Single Serve 6.7 oz.",Harris Teeter,0.97,pantry,2026-05-06,2026-05-12
ZOA Zero Sugar Energy Drink,Harris Teeter,4.0,pantry,2026-05-06,2026-05-12
Zoa Zero Sugar Energy Drinks,Harris Teeter,4.0,pantry,2026-05-13,2026-05-19
ZOA Zero Sugar Energy Drink,Harris Teeter,4.0,pantry,2026-05-13,2026-05-19
North Country Organic Sugar Free Bacon,Harris Teeter,9.99,pantry,2026-05-20,2026-06-16
DE NIGRIS Low Sugar Glaze,Harris Teeter,10.99,pantry,2026-05-20,2026-06-16
"Chobani Flip, Zero Sugar or High Protein",Harris Teeter,0.97,pantry,2026-05-20,2026-05-26
G Hughes Zero Sugar Sauce,Harris Teeter,8.0,pantry,2026-06-17,2026-07-14
TRUE MADE No Sugar KETCHUP,Harris Teeter,6.99,pantry,2026-06-17,2026-07-14
Tillamook Zero Sugar Beef Jerky,Harris Teeter,4.49,pantry,2026-06-17,2026-06-23
"Harris Teeter Dark Brown, Light Brown or Powdered Sugar",Harris Teeter,5.0,pantry,2026-06-17,2026-06-23
Zevia Zero Sugar Soda,Harris Teeter,3.0,pantry,2026-07-01,2026-07-07
Zevia Zero Sugar Soda,Harris Teeter,4.99,pantry,2026-07-01,2026-07-07
Sunset Flavor Bomb or Sugar Bomb,Harris Teeter,4.99,pantry,2026-07-22,2026-07-28
ZOA Zero Sugar Energy Drink,Harris Teeter,7.0,pantry,2026-07-22,2026-07-28
Sugar in the Raw,Harris Teeter,3.29,pantry,2026-07-22,2026-07-28
Swanson Stock or Broth,Harris Teeter,1.77,pantry,2026-09-02,2026-09-08
Tabasco Sauce,Harris Teeter,5.0,pantry,2026-05-20,2026-05-26
Tabasco Sauce,Harris Teeter,5.0,pantry,2026-07-01,2026-07-07
Tajin Twist Seasoning,Harris Teeter,8.0,pantry,2026-05-20,2026-06-16
Tony Chachere's Seasonings,Harris Teeter,6.0,pantry,2026-06-17,2026-07-14
Vlasic Pickles,Harris Teeter,5.0,pantry,2026-05-06,2026-05-12
Wickles Pickles or Relish,Harris Teeter,8.0,pantry,2026-06-17,2026-07-14
15 oz. Wishbone Salad Dressing or 20 oz. Hunt's Best Ever Ketchup,Harris Teeter,5.0,pantry,2026-05-06,2026-05-12
Woodstock Organic Medjool Dates or Black Mission Figs,Harris Teeter,7.49,pantry,2026-05-20,2026-06-16
Bertolli Olive Oil,Lowes Foods,7.99,pantry,2026-07-01,2026-07-07
Bubbies Pickles,Lowes Foods,7.99,pantry,2026-05-13,2026-05-19
Cattleman's BBQ Sauce,Lowes Foods,6.0,pantry,2026-05-20,2026-05-26
Cattleman's BBQ Sauce,Lowes Foods,6.0,pantry,2026-07-01,2026-07-07
Cesar Canned Dog Food,Lowes Foods,10.0,pantry,2026-05-06,2026-05-12
Cholula Hot Sauce,Lowes Foods,5.0,pantry,2026-04-29,2026-05-05
Claussen Pickles,Lowes Foods,4.99,pantry,2026-05-20,2026-05-26
Claussen Pickles,Lowes Foods,4.99,pantry,2026-07-01,2026-07-07
Duke's Mayonnaise,Lowes Foods,4.49,pantry,2026-05-06,2026-05-12
Duke's Mayonnaise,Lowes Foods,4.49,pantry,2026-07-01,2026-07-07
Duke's Mayonnaise,Lowes Foods,4.49,pantry,2026-09-02,2026-09-08
Filippo Berio Olive Oil,Lowes Foods,8.99,pantry,2026-04-29,2026-05-05
Filippo Berio Olive Oil,Lowes Foods,5.99,pantry,2026-05-27,2026-06-02
Filippo Berio Olive Oil,Lowes Foods,5.99,pantry,2026-07-22,2026-07-28
Mission Flour Tortillas Soft Taco,Lowes Foods,2.5,pantry,2026-04-29,2026-05-05
Southern Biscuit Cornbread Mix or Flour,Lowes Foods,2.49,pantry,2026-05-20,2026-05-26
Food Club Flour,Lowes Foods,149.0,pantry,2026-05-27,2026-06-02
Mission Soft Taco Flour Tortillas,Lowes Foods,6.0,pantry,2026-05-27,2026-06-02
Southern Biscuit Cornbread Mix or Flour,Lowes Foods,2.49,pantry,2026-09-02,2026-09-08
Food Club Ketchup,Lowes Foods,1.69,pantry,2026-05-20,2026-05-26
Food Club Ketchup,Lowes Foods,2.19,pantry,2026-05-27,2026-06-02
Food Club Ketchup,Lowes Foods,2.19,pantry,2026-06-03,2026-06-09
Food Club Ketchup,Lowes Foods,1.69,pantry,2026-07-22,2026-07-28
Food Club Relish,Lowes Foods,1.89,pantry,2026-05-13,2026-05-19
Food Club Relish,Lowes Foods,1.89,pantry,2026-05-20,2026-05-26
Food Club Relish,Lowes Foods,1.89,pantry,2026-07-01,2026-07-07
Food Club Relish,Lowes Foods,1.49,pantry,2026-07-22,2026-07-28
Food Club Whole Sweet Pickles,Lowes Foods,2.49,pantry,2026-05-20,2026-05-26
Food Club Whole Sweet Pickles,Lowes Foods,2.49,pantry,2026-05-27,2026-06-02
Food Club Whole Sweet Pickles,Lowes Foods,2.49,pantry,2026-07-22,2026-07-28
French's Mustard,Lowes Foods,4.0,pantry,2026-05-20,2026-05-26
French's Mustard,Lowes Foods,4.0,pantry,2026-07-01,2026-07-07
Friskies Canned Cat Food,Lowes Foods,9.0,pantry,2026-06-17,2026-06-23
Friskies Canned Cat Food,Lowes Foods,9.0,pantry,2026-07-22,2026-07-28
Golden Blossom Honey,Lowes Foods,14.99,pantry,2026-05-06,2026-05-12
Heinz Ketchup,Lowes Foods,2.49,pantry,2026-05-20,2026-05-26
Heinz Ketchup,Lowes Foods,7.0,pantry,2026-05-20,2026-05-26
Heinz Ketchup,Lowes Foods,7.0,pantry,2026-06-03,2026-06-09
Heinz Ketchup,Lowes Foods,3.49,pantry,2026-07-01,2026-07-07
Heinz Mustard,Lowes Foods,5.0,pantry,2026-04-29,2026-05-05
Heinz Mustard,Lowes Foods,1.99,pantry,2026-05-20,2026-05-26
Heinz Simply Ketchup,Lowes Foods,10.0,pantry,2026-05-20,2026-05-26
Heinz Simply Ketchup,Lowes Foods,10.0,pantry,2026-07-01,2026-07-07
Heinz Yellow Mustard,Lowes Foods,1.99,pantry,2026-07-01,2026-07-07
Hellmann's Mayonnaise,Lowes Foods,3.99,pantry,2026-05-20,2026-05-26
Hunt's Ketchup,Lowes Foods,3.0,pantry,2026-05-27,2026-06-02
Hunt's Ketchup,Lowes Foods,3.49,pantry,2026-07-01,2026-07-07
Kinder's Dry Seasoning Mixes,Lowes Foods,5.0,pantry,2026-05-20,2026-05-26
Kinder's Dry Seasonings Mixes,Lowes Foods,5.0,pantry,2026-06-17,2026-06-23
Kraft Mayonnaise,Lowes Foods,7.0,pantry,2026-05-20,2026-05-26
9 Lives Canned Cat Food,Lowes Foods,6.0,pantry,2026-05-27,2026-06-02
Local Hive Honey,Lowes Foods,4.99,pantry,2026-05-20,2026-05-26
Local Hive Hot Sauce,Lowes Foods,5.0,pantry,2026-07-01,2026-07-07
Lowes Foods Balsamic Vinegar,Lowes Foods,5.29,pantry,2026-05-27,2026-06-02
Lowes Foods Balsamic Vinegar,Lowes Foods,5.29,pantry,2026-06-03,2026-06-09
Lowes Foods Distilled White Vinegar,Lowes Foods,0.99,pantry,2026-06-10,2026-06-16
Lowes Foods Hot Sauce,Lowes Foods,3.79,pantry,2026-04-22,2026-04-28
Lowes Foods Hot Sauce,Lowes Foods,3.79,pantry,2026-04-29,2026-05-05
Lowes Foods Hot Sauce,Lowes Foods,3.79,pantry,2026-05-06,2026-05-12
Lowes Foods Hot Sauce,Lowes Foods,3.79,pantry,2026-06-03,2026-06-09
Lowes Foods Hot Sauce,Lowes Foods,3.79,pantry,2026-06-10,2026-06-16
Lowes Foods Hot Sauce,Lowes Foods,7.0,pantry,2026-06-17,2026-06-23
Lowes Foods Hot Sauce,Lowes Foods,3.79,pantry,2026-09-02,2026-09-08
Lowes Foods Maple Syrup,Lowes Foods,4.99,pantry,2026-04-29,2026-05-05
Lowes Foods Maple Syrup,Lowes Foods,5.99,pantry,2026-05-06,2026-05-12
Lowes Foods Maple Syrup,Lowes Foods,4.99,pantry,2026-05-20,2026-05-26
Lowes Foods Maple Syrup,Lowes Foods,14.99,pantry,2026-06-10,2026-06-16
Lowes Foods Maple Syrup,Lowes Foods,5.99,pantry,2026-07-01,2026-07-07
Lowes Foods Mustard,Lowes Foods,1.29,pantry,2026-05-13,2026-05-19
Lowes Foods Mustard,Lowes Foods,1.29,pantry,2026-05-20,2026-05-26
Lowes Foods Mustard,Lowes Foods,1.29,pantry,2026-05-27,2026-06-02
Lowes Foods Mustard,Lowes Foods,1.29,pantry,2026-06-03,2026-06-09
Lowes Foods Mustard,Lowes Foods,1.29,pantry,2026-06-10,2026-06-16
Lowes Foods Mustard,Lowes Foods,1.29,pantry,2026-06-17,2026-06-23
Lowes Foods Mustard,Lowes Foods,1.29,pantry,2026-07-22,2026-07-28
Lowes Foods Mustard,Lowes Foods,1.29,pantry,2026-09-02,2026-09-08
Lowes Foods Oil Cooking Spray,Lowes Foods,2.79,pantry,2026-05-06,2026-05-12
Lowes Foods Oil Cooking Spray,Lowes Foods,2.79,pantry,2026-07-01,2026-07-07
Lowes Foods Olive Oil,Lowes Foods,10.29,pantry,2026-05-27,2026-06-02
Lowes Foods Olive Oil,Lowes Foods,10.29,pantry,2026-06-03,2026-06-09
Lowes Foods Olive Oil,Lowes Foods,7.0,pantry,2026-06-17,2026-06-23
Lowes Foods Olive Oil,Lowes Foods,5.99,pantry,2026-09-02,2026-09-08
Lowes Foods Pickles,Lowes Foods,6.99,pantry,2026-05-13,2026-05-19
Lowes Foods Pickles,Lowes Foods,6.99,pantry,2026-05-20,2026-05-26
Lowes Foods Pickles,Lowes Foods,6.99,pantry,2026-05-27,2026-06-02
Lowes Foods Pickles,Lowes Foods,6.99,pantry,2026-06-03,2026-06-09
Lowes Foods Pickles,Lowes Foods,6.99,pantry,2026-09-02,2026-09-08
Lowes Foods Preserves,Lowes Foods,4.99,pantry,2026-04-29,2026-05-05
Lowes Foods Preserves,Lowes Foods,4.99,pantry,2026-07-22,2026-07-28
Lowes Foods Salt & Pepper Shakers,Lowes Foods,1.99,pantry,2026-09-02,2026-09-08
Lowes Foods Spices,Lowes Foods,3.0,pantry,2026-05-27,2026-06-02
Lowes Foods Spices,Lowes Foods,3.0,pantry,2026-06-03,2026-06-09
Lowes Foods Spices,Lowes Foods,3.0,pantry,2026-09-02,2026-09-08
Lowes Foods Spicy Brown Mustard,Lowes Foods,1.49,pantry,2026-06-10,2026-06-16
Lowes Foods Spicy Brown Mustard,Lowes Foods,1.49,pantry,2026-06-17,2026-06-23
Lowes Foods Vegetable Oil,Lowes Foods,6.99,pantry,2026-07-01,2026-07-07
Lowes Foods Vegetable or Canola Oil,Lowes Foods,5.0,pantry,2026-05-27,2026-06-02
Lowes Foods Vegetable or Canola Oil,Lowes Foods,5.0,pantry,2026-06-03,2026-06-09
Lowes Foods Vegetable or Canola Oil,Lowes Foods,5.0,pantry,2026-07-22,2026-07-28
Lowes Foods White Distilled Vinegar,Lowes Foods,7.0,pantry,2026-06-17,2026-06-23
Lowes Foods White Distilled Vinegar,Lowes Foods,0.99,pantry,2026-06-17,2026-06-23
Maple Honey Turkey,Lowes Foods,13.49,pantry,2026-09-02,2026-09-08
McCormick Grill Mates Seasoning,Lowes Foods,3.0,pantry,2026-05-20,2026-05-26
McCormick Grill Mates Seasonings,Lowes Foods,3.0,pantry,2026-07-01,2026-07-07
McCormick Grinders or Seasonings,Lowes Foods,5.0,pantry,2026-05-20,2026-05-26
McCormick Seasoning Mix,Lowes Foods,5.0,pantry,2026-04-29,2026-05-05
Mt. Olive Pickles,Lowes Foods,2.49,pantry,2026-05-06,2026-05-12
Mt. Olive Sweet Relish,Lowes Foods,1.49,pantry,2026-05-06,2026-05-12
Nutrish Canned Dog Food,Lowes Foods,4.0,pantry,2026-06-17,2026-06-23
Old Bay Seasoning,Lowes Foods,4.59,pantry,2026-05-20,2026-05-26
Old Bay Seasoning,Lowes Foods,4.49,pantry,2026-07-01,2026-07-07
Old El Paso Taco Shells,Lowes Foods,4.0,pantry,2026-04-29,2026-05-05
Old Spice Deodorant,Lowes Foods,7.99,pantry,2026-07-22,2026-07-28
"Old Spice, Secret or Gillette Deodorant",Lowes Foods,7.99,pantry,2026-09-02,2026-09-08
Pam Cooking Spray,Lowes Foods,2.99,pantry,2026-07-22,2026-07-28
Pedigree Canned Dog Food,Lowes Foods,22.99,pantry,2026-04-29,2026-05-05
Pedigree Canned Dog Food,Lowes Foods,19.99,pantry,2026-06-10,2026-06-16
Pompeian Olive Oil,Lowes Foods,7.69,pantry,2026-04-29,2026-05-05
Pompeian Olive Oil,Lowes Foods,5.99,pantry,2026-06-10,2026-06-16
Ben's Original Rice Cups,Lowes Foods,3.0,pantry,2026-04-29,2026-05-05
Ben's Original Rice Cups,Lowes Foods,3.0,pantry,2026-05-20,2026-05-26
Mahatma Jasmine Rice,Lowes Foods,6.99,pantry,2026-05-20,2026-05-26
Kellogg's Rice Krispies Treats,Lowes Foods,5.0,pantry,2026-05-20,2026-05-26
"Bibigo Korean Style Crunchy Chicken, Fried Rice or Mini Wontons",Lowes Foods,4.99,pantry,2026-06-17,2026-06-23
Minute Ready to Serve Rice Pouches or Cups,Lowes Foods,4.0,pantry,2026-07-01,2026-07-07
Silk Oat Creamers,Lowes Foods,8.0,pantry,2026-06-03,2026-06-09
Southeastern Mills Gravy Mixes,Lowes Foods,5.0,pantry,2026-05-20,2026-05-26
Southeastern Mills Gravy Mixes,Lowes Foods,5.0,pantry,2026-07-22,2026-07-28
Lowes Foods Refrigerated Pasta,Lowes Foods,4.49,pantry,2026-04-22,2026-04-28
Silver Palate Pasta Sauce,Lowes Foods,2.99,pantry,2026-04-22,2026-04-28
Hunt's Pasta Sauce,Lowes Foods,2.38,pantry,2026-04-29,2026-05-05
Classico Pasta Sauce,Lowes Foods,5.0,pantry,2026-04-29,2026-05-05
Chef Boyardee Pasta,Lowes Foods,5.0,pantry,2026-05-06,2026-05-12
Rummo Gluten Free Pasta,Lowes Foods,2.49,pantry,2026-05-06,2026-05-12
Suddenly Salad Pasta,Lowes Foods,4.0,pantry,2026-05-20,2026-05-26
Maruchan Ramen Noodles,Lowes Foods,3.0,pantry,2026-05-20,2026-05-26
Lowes Foods Macaroni & Cheese,Lowes Foods,1.0,pantry,2026-05-20,2026-05-26
Lowes Foods Refrigerated Pasta Sauce,Lowes Foods,3.49,pantry,2026-05-20,2026-05-26
Lowes Foods Refrigerated Pasta,Lowes Foods,5.49,pantry,2026-05-20,2026-05-26
Velveeta or Kraft Macaroni & Cheese,Lowes Foods,6.0,pantry,2026-05-20,2026-05-26
Bertolli Pasta Sauce,Lowes Foods,6.0,pantry,2026-05-20,2026-05-26
Rao's Homemade Pasta,Lowes Foods,2.29,pantry,2026-05-27,2026-06-02
Rao's Homemade Pasta Sauce,Lowes Foods,6.49,pantry,2026-05-27,2026-06-02
Lowes Foods Long Cut Pasta,Lowes Foods,3.0,pantry,2026-05-27,2026-06-02
Cavatappi Macaroni & Cheese,Lowes Foods,6.99,pantry,2026-05-27,2026-06-02
Lowes Foods Short Cut Pasta,Lowes Foods,3.0,pantry,2026-05-27,2026-06-02
Lowes Foods Macaroni & Cheese,Lowes Foods,0.58,pantry,2026-06-03,2026-06-09
Hunt's Pasta Sauce,Lowes Foods,1.69,pantry,2026-06-10,2026-06-16
Cavatappi Macaroni & Cheese,Lowes Foods,6.99,pantry,2026-06-17,2026-06-23
Filippo Berio Pasta Sauce,Lowes Foods,5.99,pantry,2026-06-17,2026-06-23
LOWES FOODS PREMIUM PASTA,Lowes Foods,5.0,pantry,2026-06-17,2026-06-23
LOWES FOODS PREMIUM PASTA,Lowes Foods,3.0,pantry,2026-06-17,2026-06-23
Lowes Foods Refrigerated Pasta,Lowes Foods,4.99,pantry,2026-07-01,2026-07-07
Cavatappi Macaroni & Cheese,Lowes Foods,6.99,pantry,2026-07-01,2026-07-07
Lowes Foods Refrigerated Pasta Sauce,Lowes Foods,3.49,pantry,2026-07-01,2026-07-07
Lowes Foods Refrigerated Pasta,Lowes Foods,4.99,pantry,2026-07-22,2026-07-28
Lowes Foods Refrigerated Pasta,Lowes Foods,4.99,pantry,2026-09-02,2026-09-08
Barilla Pasta Gluten Free,Lowes Foods,4.0,pantry,2026-09-02,2026-09-08
Cavatappi Macaroni & Cheese,Lowes Foods,6.99,pantry,2026-09-02,2026-09-08
Lowes Foods Refrigerated Pasta Sauce,Lowes Foods,3.49,pantry,2026-09-02,2026-09-08
Lowes Foods Macaroni & Cheese,Lowes Foods,4.0,pantry,2026-09-02,2026-09-08
Spice Baazar Italian Grinders,Lowes Foods,4.29,pantry,2026-07-22,2026-07-28
Spice Bazaar Backyard Classics,Lowes Foods,4.29,pantry,2026-07-01,2026-07-07
Spice Bazaar Deep South Spices,Lowes Foods,4.29,pantry,2026-07-01,2026-07-07
Spice Bazaar Signature Blends,Lowes Foods,4.29,pantry,2026-07-01,2026-07-07
Spice Bazaar Signature Blends,Lowes Foods,4.29,pantry,2026-09-02,2026-09-08
Spice Bazaar Spice Staples,Lowes Foods,4.29,pantry,2026-06-17,2026-06-23
Stubb's BBQ Sauce,Lowes Foods,3.49,pantry,2026-05-20,2026-05-26
Crav'n Sugar Ice Cream Cones,Lowes Foods,1.99,pantry,2026-04-29,2026-05-05
Crav'n Sugar Ice Cream Cone,Lowes Foods,1.99,pantry,2026-05-06,2026-05-12
Gatorade Low Sugar,Lowes Foods,5.99,pantry,2026-05-13,2026-05-19
Lowes Foods Confectionary or Brown Sugar,Lowes Foods,2.99,pantry,2026-05-13,2026-05-19
Lowes Foods Powdered or Brown Sugar,Lowes Foods,2.99,pantry,2026-05-20,2026-05-26
Gatorade Low Sugar,Lowes Foods,5.99,pantry,2026-06-03,2026-06-09
Lowes Foods Sugar,Lowes Foods,1.69,pantry,2026-06-03,2026-06-09
Crav'n Sugar Ice Cream Cone,Lowes Foods,1.99,pantry,2026-06-10,2026-06-16
Crav'n Sugar Ice Cream Cone,Lowes Foods,1.99,pantry,2026-06-17,2026-06-23
CRAV'N SUGAR ICE CREAM CONES,Lowes Foods,1.99,pantry,2026-07-22,2026-07-28
Crav'n Sugar Ice Cream Cone,Lowes Foods,1.99,pantry,2026-09-02,2026-09-08
Taco Bell Seasoning,Lowes Foods,3.0,pantry,2026-04-29,2026-05-05
Taco Bell Seasonings,Lowes Foods,0.85,pantry,2026-06-17,2026-06-23
Tari Hot Sauce,Lowes Foods,3.99,pantry,2026-05-27,2026-06-02
Tari Hot Sauce,Lowes Foods,3.99,pantry,2026-07-01,2026-07-07
Tari Hot Sauce,Lowes Foods,3.99,pantry,2026-09-02,2026-09-08
Texas Pete Hot Sauce,Lowes Foods,4.0,pantry,2026-07-01,2026-07-07
Vlasic Pickles,Lowes Foods,6.0,pantry,2026-05-20,2026-05-26
Amazing Taste Seasoning Shaker†,Publix,4.99,pantry,2026-04-29,2026-05-05
Bertolli Olive Oil,Publix,20.49,pantry,2026-05-30,2026-06-12
Bertolli Olive Oil,Publix,20.49,pantry,2026-08-26,2026-09-08
Boar's Head® Maple Glazed Honey Coat Ham,Publix,13.49,pantry,2026-05-06,2026-05-12
Duke's Mayonnaise,Publix,7.99,pantry,2026-04-18,2026-05-01
Duke's Mayonnaise,Publix,7.99,pantry,2026-05-30,2026-06-12
Eveready Readyflex LED Floating Lantern,Publix,6.99,pantry,2026-06-10,2026-06-16
Filippo Berio Olive Oil,Publix,6.99,pantry,2026-07-15,2026-07-28
GreenWise Flourless Chocolate Truffle Torte,Publix,11.49,pantry,2026-06-10,2026-06-16
Gefen Clover Honey,Publix,3.99,pantry,2026-09-02,2026-09-08
GreenWise Organic Dijon Mustard,Publix,7.0,pantry,2026-05-06,2026-05-12
GreenWise Organic Dijon Mustard,Publix,9.0,pantry,2026-07-01,2026-07-07
GreenWise Organic Honey,Publix,6.49,pantry,2026-05-06,2026-05-12
GreenWise Organic Honey,Publix,6.49,pantry,2026-07-01,2026-07-07
GreenWise Organic Honey,Publix,6.49,pantry,2026-09-02,2026-09-08
GreenWise Organic Maple Syrup,Publix,7.49,pantry,2026-06-10,2026-06-16
GreenWise Organic Mayonnaise,Publix,3.69,pantry,2026-05-06,2026-05-12
GreenWise Organic Mustard,Publix,7.0,pantry,2026-06-17,2026-06-23
GreenWise Frozen Quinoa,Publix,8.0,pantry,2026-04-22,2026-04-28
GreenWise Frozen Quinoa,Publix,3.19,pantry,2026-09-02,2026-09-08
Grillo's Pickles,Publix,3.99,pantry,2026-05-16,2026-05-29
Grillo's Pickles,Publix,5.99,pantry,2026-06-17,2026-06-23
Grillo's Pickles Spears,Publix,10.0,pantry,2026-05-02,2026-05-15
Organic Jelly Berries Grapes,Publix,2.49,pantry,2026-06-17,2026-06-23
Local Hive Hot Honey or Organic Hive Honey,Publix,6.99,pantry,2026-06-13,2026-06-26
Louisiana Hot Sauce,Publix,5.0,pantry,2026-05-16,2026-05-29
Louisiana Hot Sauce,Publix,3.0,pantry,2026-06-27,2026-07-10
Louisiana Hot Sauce,Publix,5.0,pantry,2026-08-26,2026-09-08
Mahatma Basmati Long Grain Rice,Publix,7.99,pantry,2026-05-16,2026-05-29
Mike's Hot Honey,Publix,8.99,pantry,2026-05-16,2026-05-29
Olay Body Wash 35-oz or Old Spice Body Wash 30–33.4-oz,Publix,9.99,pantry,2026-08-26,2026-09-08
Old Spice Deodorant,Publix,14.0,pantry,2026-05-13,2026-05-19
Old Spice or Olay,Publix,14.0,pantry,2026-05-13,2026-05-19
Planet Oat,Publix,4.0,pantry,2026-06-13,2026-06-26
Publix Pickles,Publix,5.0,pantry,2026-06-10,2026-06-16
Publix Soy Sauce,Publix,4.0,pantry,2026-06-17,2026-06-23
Royal Basmati Rice,Publix,7.99,pantry,2026-05-02,2026-05-15
GreenWise Gluten-Free Rice Crackers,Publix,6.0,pantry,2026-06-10,2026-06-16
Rice Krispies Treats,Publix,10.99,pantry,2026-06-13,2026-06-26
Saffron Road Crunchy Chickpeas,Publix,3.99,pantry,2026-06-13,2026-06-26
Publix Caesar Pasta Salad,Publix,6.49,pantry,2026-04-22,2026-04-28
"Innovasian Cuisine Potstickers, Spicy Noodles, or Side Dish",Publix,4.99,pantry,2026-04-22,2026-04-28
Publix Meatball Alfredo Fettuccine,Publix,6.99,pantry,2026-04-29,2026-05-05
Try With Publix Caprese Pasta Salad,Publix,6.99,pantry,2026-05-06,2026-05-12
Rao's Homemade Pasta,Publix,4.0,pantry,2026-05-13,2026-05-19
Rana Pasta,Publix,10.0,pantry,2026-05-13,2026-05-19
Giovanni Rana Pasta,Publix,11.99,pantry,2026-06-03,2026-06-10
Publix Pasta,Publix,10.0,pantry,2026-06-03,2026-06-10
Rao's Homemade Pasta,Publix,4.0,pantry,2026-06-10,2026-06-16
Rana Pasta,Publix,10.0,pantry,2026-06-10,2026-06-16
Chef Boyardee Pasta,Publix,10.0,pantry,2026-06-10,2026-06-16
GreenWise Organic Pasta Sauce,Publix,2.99,pantry,2026-06-17,2026-06-23
GreenWise Organic Alfredo Pasta Sauce,Publix,3.99,pantry,2026-06-17,2026-06-23
Rao's Homemade Pasta,Publix,4.0,pantry,2026-07-01,2026-07-07
Publix Brown Sugar Glazed Stuffed Salmon,Publix,7.99,pantry,2026-04-29,2026-05-05
"Salmon Select Cuts Brown Sugar Glazed, Fresh, Farmed,",Publix,7.99,pantry,2026-05-20,2026-05-26
Publix Sugar†,Publix,2.99,pantry,2026-06-17,2026-06-23
Publix Sugar†,Publix,4.0,pantry,2026-06-17,2026-06-23
Applegate Natural Beef Hot Dogs 10-oz or No Sugar Bacon 8-oz,Publix,5.49,pantry,2026-06-13,2026-06-26
G Hughes Sugar Free Dressing,Publix,5.0,pantry,2026-06-13,2026-06-26
Sugar Kiss Melon,Publix,3.99,pantry,2026-07-22,2026-07-28
"Salmon Select Cuts, Brown Sugar Glazed, Fresh, Farmed,",Publix,7.99,pantry,2026-09-02,2026-09-08
Sugar Kiss Melon,Publix,3.49,pantry,2026-09-02,2026-09-08
Vaseline Lotion 10-oz or Petroleum Jelly 7.5-oz,Publix,8.0,pantry,2026-05-02,2026-05-15
"Welch's Jam, Jelly, or Fruit Spread",Publix,5.0,pantry,2026-05-06,2026-05-12
Benton's Summer Sandwich Crèmes,ALDI,2.49,prepared,2026-04-29,2026-05-05
Mama Cozzi's Pizza Kitchen Pizza Dough,ALDI,1.19,prepared,2026-05-27,2026-06-02
Bibigo Dumplings,Food Lion,3.49,prepared,2026-06-17,2026-06-23
Bistro 28 Meal Kit,Food Lion,9.99,prepared,2026-04-29,2026-05-05
El Monterey Burritos or Chimichangas,Food Lion,4.99,prepared,2026-05-27,2026-06-02
Food Lion Sandwich Lunchbox,Food Lion,6.0,prepared,2026-05-27,2026-06-02
Jimmy Dean Breakfast Sandwiches or Burritos,Food Lion,5.99,prepared,2026-04-29,2026-05-05
Jimmy Dean Breakfast Sandwiches or Burritos,Food Lion,5.99,prepared,2026-09-02,2026-09-08
Johnsonville Breakfast Sandwich Size Patties,Food Lion,3.99,prepared,2026-06-03,2026-06-09
Fresh & Simple Burritos,Food Lion,3.49,prepared,2026-04-29,2026-05-05
"Fresh & Simple Pizza 13.9-15.3 Oz. - Select Varieties, La Megic Pizza 15.16-15.87 Oz.",Food Lion,5.0,prepared,2026-05-20,2026-05-26
18 - 20.8 oz. Rao's Brick Oven Pizza or 24 - 27 oz. Family Size Meals,Harris Teeter,7.97,prepared,2026-05-20,2026-05-26
"Bertolli, P.F. Chang's or Sandwich Bros.",Harris Teeter,5.99,prepared,2026-05-13,2026-05-19
Botticelli Pizza Sauce,Harris Teeter,5.0,prepared,2026-07-22,2026-07-28
California Pizza Kitchen,Harris Teeter,12.0,prepared,2026-05-20,2026-05-26
California Pizza Kitchen Pizza,Harris Teeter,12.0,prepared,2026-06-03,2026-06-09
Dumpling Daughter Classic Vegetables,Harris Teeter,5.99,prepared,2026-06-03,2026-06-09
El Monterey Breakfast Burritos,Harris Teeter,5.0,prepared,2026-05-27,2026-06-02
Harris Teeter Sandwich Bags,Harris Teeter,4.0,prepared,2026-04-22,2026-05-19
"Harris Teeter Sandwich, Snack or Fold N' Close Bags",Harris Teeter,5.0,prepared,2026-06-10,2026-06-16
Harris Teeter Spicy Pizza Sauce,Harris Teeter,1.49,prepared,2026-05-13,2026-05-19
Harris Teeter Spicy Pizza Sauce,Harris Teeter,1.29,prepared,2026-05-27,2026-06-02
HT Traders Breakfast Burritos,Harris Teeter,4.99,prepared,2026-07-01,2026-07-07
Lunchskins Compostable Sandwich Bags,Harris Teeter,4.49,prepared,2026-07-15,2026-08-11
Rao's Pizza Sauce,Harris Teeter,4.49,prepared,2026-07-01,2026-07-07
Sonoma Creamery Pizza Crisps,Harris Teeter,3.99,prepared,2026-05-20,2026-06-16
Sonoma Creamery Pizza Crisps,Harris Teeter,3.99,prepared,2026-06-17,2026-07-14
Sonoma Creamery Pizza Crisps,Harris Teeter,3.99,prepared,2026-07-15,2026-08-11
California Pizza Kitchen Pizza,Lowes Foods,6.99,prepared,2026-05-20,2026-05-26
California Pizza Kitchen Pizza,Lowes Foods,6.99,prepared,2026-07-01,2026-07-07
California Pizza Kitchen Pizza,Lowes Foods,6.99,prepared,2026-09-02,2026-09-08
Rana Family Size Meal Kits,Lowes Foods,13.99,prepared,2026-05-06,2026-05-12
Rao's Pizza & Family Size Entrees,Lowes Foods,9.99,prepared,2026-04-29,2026-05-05
Sandwich Bros Entrees,Lowes Foods,5.99,prepared,2026-06-10,2026-06-16
TAILGATE FRUIT TRAY,Lowes Foods,10.0,prepared,2026-07-01,2026-07-07
California Pizza Kitchen Pizza,Publix,6.99,prepared,2026-05-13,2026-05-19
California Pizza Kitchen Singles Pizza,Publix,8.0,prepared,2026-06-03,2026-06-10
Dei Fratelli Pizza Sauce,Publix,3.0,prepared,2026-04-29,2026-05-05
El Monterey Breakfast Burrito,Publix,9.99,prepared,2026-07-22,2026-07-28
Italian Pizza Dough,Publix,2.99,prepared,2026-04-29,2026-05-05
Red Baron Pizza Singles,Publix,10.0,prepared,2026-04-29,2026-05-05
Red's Burrito,Publix,10.0,prepared,2026-05-20,2026-05-26
All Play Hard Lemonade Variety Pack,ALDI,13.29,produce,2026-05-20,2026-05-26
Athena Cantaloupe,ALDI,1.79,produce,2026-06-03,2026-06-09
Athena Cantaloupe,ALDI,1.99,produce,2026-06-17,2026-06-23
Athena Cantaloupe,ALDI,2.49,produce,2026-07-22,2026-07-28
Avocados,ALDI,0.49,produce,2026-04-29,2026-05-05
Avocados,ALDI,0.55,produce,2026-05-13,2026-05-19
Avocados,ALDI,3.45,produce,2026-05-20,2026-05-26
Avocados,ALDI,0.59,produce,2026-05-27,2026-06-02
Avocados,ALDI,3.39,produce,2026-06-03,2026-06-09
Avocados,ALDI,0.59,produce,2026-07-22,2026-07-28
Avocados,ALDI,3.69,produce,2026-09-02,2026-09-08
Baby Bella Mushrooms,ALDI,1.29,produce,2026-06-03,2026-06-09
Organic Baby Peeled Carrots,ALDI,1.49,produce,2026-07-22,2026-07-28
Organic Baby Spinach,ALDI,2.49,produce,2026-07-22,2026-07-28
Bagged Mini Avocados,ALDI,2.89,produce,2026-07-01,2026-07-07
Bake Shop Blueberry Muffins,ALDI,3.89,produce,2026-05-06,2026-05-12
Bake Shop Sliced Loaf Cake Banana Nut or Lemon,ALDI,3.89,produce,2026-05-06,2026-05-12
Benner Peach Tea 12-Pack,ALDI,4.99,produce,2026-05-13,2026-05-19
Benner Peach Tea 12-Pack,ALDI,4.99,produce,2026-06-10,2026-06-16
California Nectarines or Plums,ALDI,1.49,produce,2026-06-17,2026-06-23
California Peaches,ALDI,1.39,produce,2026-09-02,2026-09-08
Cantaloupe,ALDI,2.29,produce,2026-09-02,2026-09-08
Cantaloupe Melon,ALDI,1.99,produce,2026-04-22,2026-04-28
Clancy's Lime Tortilla Chips,ALDI,2.15,produce,2026-09-02,2026-09-08
Coconut Grove Inflatable Snake Sprinkler or Splash Pad,ALDI,12.99,produce,2026-06-24,2026-06-30
Coconut Grove Kids' Ring Float or Swim Goggles,ALDI,3.99,produce,2026-06-03,2026-06-09
Coconut Grove Surf Van Sprinkler,ALDI,29.99,produce,2026-06-17,2026-06-23
Millville Protein Granola,ALDI,2.69,produce,2026-05-06,2026-05-12
Millville Protein Granola,ALDI,2.69,produce,2026-07-01,2026-07-07
Simply Nature Organic Granola Bars,ALDI,3.79,produce,2026-07-01,2026-07-07
Crofton Cereal or Snack Dispenser,ALDI,12.99,produce,2026-07-22,2026-07-28
"Crane Massage Stick, Neck Cushion, Hand or Foot Set",ALDI,4.99,produce,2026-06-17,2026-06-23
Crofton 2-Pack Berry or Produce Keeper,ALDI,9.99,produce,2026-07-22,2026-07-28
"Crofton Herb, Garlic or Lemon Accessory",ALDI,2.99,produce,2026-05-20,2026-05-26
Deutsche Küche Garlic or Chili Cornichons,ALDI,2.69,produce,2026-04-29,2026-05-05
Deutsche Küche German Style Red Cabbage with Apples,ALDI,2.49,produce,2026-04-29,2026-05-05
Great Gherkins Sweet or Dill Relish,ALDI,1.69,produce,2026-05-20,2026-05-26
Jinju Peach Soju,ALDI,3.49,produce,2026-05-20,2026-05-26
KIRKTON HOUSE Set of 3 Acorns or Mushrooms,ALDI,9.99,produce,2026-09-02,2026-09-08
Lemons,ALDI,2.49,produce,2026-06-10,2026-06-16
Limes,ALDI,1.89,produce,2026-04-29,2026-05-05
Luxe Strawberry,ALDI,6.99,produce,2026-05-20,2026-05-26
Mangoes,ALDI,0.65,produce,2026-04-29,2026-05-05
Mangoes,ALDI,0.69,produce,2026-05-13,2026-05-19
"Melii Kids' Lemonade, Cutting or Baking Set",ALDI,12.99,produce,2026-05-13,2026-05-19
Mini Cucumbers,ALDI,1.79,produce,2026-04-29,2026-05-05
Mini Cucumbers,ALDI,1.65,produce,2026-05-13,2026-05-19
Nature's Nectar Conventional Lemonade,ALDI,1.89,produce,2026-04-29,2026-05-05
Nature's Nectar Flavored Lemonade,ALDI,1.99,produce,2026-06-17,2026-06-23
Nature's Nectar Lime Margarita or Strawberry Guava Mojito Mocktail,ALDI,2.99,produce,2026-04-29,2026-05-05
Nature's Nectar Lime Margarita or Strawberry Guava Mojito Mocktail,ALDI,2.99,produce,2026-05-13,2026-05-19
Nature's Nectar Not from Concentrate Lemonade,ALDI,1.99,produce,2026-05-20,2026-05-26
Nature's Nectar Not from Concentrate Lemonade,ALDI,1.89,produce,2026-09-02,2026-09-08
Nature's Nectar Pure Coconut Water,ALDI,2.49,produce,2026-07-01,2026-07-07
Nature's Nectar Sparkling French Lemonade or Pink Lemonade,ALDI,3.09,produce,2026-05-13,2026-05-19
Nature's Nectar Spicy Lemonade or Limeade,ALDI,2.39,produce,2026-04-22,2026-04-28
Navel Oranges,ALDI,3.49,produce,2026-05-27,2026-06-02
Southern Grove Dried Strawberries or Tangerines,ALDI,4.99,produce,2026-04-22,2026-04-28
California Mandarins,ALDI,2.89,produce,2026-04-22,2026-04-28
Nature's Nectar Orange Juice Not from Concentrate No Pulp,ALDI,3.75,produce,2026-05-06,2026-05-12
California Mandarins,ALDI,2.99,produce,2026-05-06,2026-05-12
California Mandarins,ALDI,2.99,produce,2026-05-20,2026-05-26
Mandarins,ALDI,2.89,produce,2026-09-02,2026-09-08
Peaches,ALDI,1.49,produce,2026-06-10,2026-06-16
Peaches,ALDI,1.49,produce,2026-07-01,2026-07-07
Plums or Nectarines,ALDI,1.49,produce,2026-07-22,2026-07-28
Clancy's Loaded Bacon or Spicy Dill Potato Chips,ALDI,1.99,produce,2026-04-22,2026-04-28
ALDI Steakhouse Potato Salad,ALDI,3.29,produce,2026-04-22,2026-04-28
Clancy's All Dressed or Fried Pickle Ranch Potato Chips,ALDI,1.99,produce,2026-04-29,2026-05-05
Deutsche Küche Lentil Chickpea or Harvest Potato Soup,ALDI,3.15,produce,2026-04-29,2026-05-05
Clancy's Honey BBQ or Hot Chili Lime Potato Chips,ALDI,2.79,produce,2026-04-29,2026-05-05
Deutsche Küche Potato Sticks,ALDI,1.79,produce,2026-04-29,2026-05-05
ALDI Mustard Potato Salad,ALDI,2.69,produce,2026-05-13,2026-05-19
Clancy's Sour Cream & Onion Potato Chips,ALDI,1.79,produce,2026-05-20,2026-05-26
Simply Nature Sweet Potato Chips,ALDI,3.75,produce,2026-05-20,2026-05-26
Simply Nature Sweet Potato Chips,ALDI,3.75,produce,2026-06-10,2026-06-16
Season's Choice Potato Puffs,ALDI,2.89,produce,2026-06-10,2026-06-16
ALDI Steakhouse Potato Salad,ALDI,3.29,produce,2026-06-17,2026-06-23
Clancy's Loaded Bacon or Spicy Dill Potato Chips,ALDI,1.99,produce,2026-06-17,2026-06-23
Clancy's Original or Barbecue Baked Potato Crisps,ALDI,2.99,produce,2026-07-01,2026-07-07
Clancy's Wavy Potato Chips,ALDI,1.79,produce,2026-09-02,2026-09-08
PurAqua Lemonade Liquid Water Enhancer,ALDI,1.95,produce,2026-05-13,2026-05-19
Season's Choice Steamed Asian Medley or Broccoli Stir Fry,ALDI,1.59,produce,2026-05-27,2026-06-02
Season's Choice Steamed Broccoli Florets,ALDI,1.15,produce,2026-05-27,2026-06-02
Seedless Cucumbers,ALDI,0.89,produce,2026-05-20,2026-05-26
Simply Nature Organic Blue Corn or Multigrain Tortilla Chips,ALDI,2.29,produce,2026-04-29,2026-05-05
Simply Nature Organic Blue Corn or Multigrain Tortilla Chips,ALDI,2.29,produce,2026-07-01,2026-07-07
Simply Nature Organic Coconut Water,ALDI,1.49,produce,2026-07-22,2026-07-28
Simply Nature Organic Lemonade or Pink Lemonade,ALDI,2.89,produce,2026-05-13,2026-05-19
Sliced White Mushrooms,ALDI,1.29,produce,2026-05-06,2026-05-12
Specially Selected Flavored Gourmet Peaches,ALDI,3.45,produce,2026-04-22,2026-04-28
Specially Selected Flavored Gourmet Peaches,ALDI,3.29,produce,2026-07-22,2026-07-28
Specially Selected Key Lime or Mango Parfait,ALDI,1.99,produce,2026-05-20,2026-05-26
Specially Selected Strawberry or Cookies & Cream Mousse Cups,ALDI,3.99,produce,2026-05-20,2026-05-26
Summit Citrus Twist Lemon Lime Soda,ALDI,0.99,produce,2026-06-17,2026-06-23
Sundae Shoppe Chocolate or Strawberry Crunch Bars,ALDI,2.99,produce,2026-06-10,2026-06-16
Sundae Shoppe Strawberry or Mango Fruit Bars,ALDI,2.69,produce,2026-05-20,2026-05-26
Organic Cherub Grape Tomatoes,ALDI,3.49,produce,2026-04-22,2026-04-28
Gardenline Tomato Cage,ALDI,2.99,produce,2026-05-06,2026-05-12
Grape Tomatoes,ALDI,1.49,produce,2026-04-29,2026-05-05
Organic Angel Sweet Tomatoes,ALDI,2.99,produce,2026-05-06,2026-05-12
Organic Angel Sweet Tomatoes,ALDI,2.99,produce,2026-05-20,2026-05-26
Cherub Grape Tomatoes,ALDI,1.99,produce,2026-05-27,2026-06-02
Snacking Tomatoes on the Vine,ALDI,2.29,produce,2026-06-03,2026-06-09
Organic Angel Sweet Tomatoes,ALDI,2.99,produce,2026-06-17,2026-06-23
Visage Silicone Beauty Helper,ALDI,3.99,produce,2026-04-29,2026-05-05
Visage Skin Care Cleaning Tool,ALDI,2.99,produce,2026-04-29,2026-05-05
VitaLife Organic Kombucha Mixed Berry or Ginger Lemon,ALDI,1.99,produce,2026-07-22,2026-07-28
VitaLife Organic Strawberry Lemonade or Key Lime Kombucha,ALDI,1.99,produce,2026-04-29,2026-05-05
VitaLife Organic Strawberry Lemonade or Key Lime Kombucha,ALDI,1.99,produce,2026-05-13,2026-05-19
Washington Pink Lady Apples,ALDI,2.99,produce,2026-04-22,2026-04-28
Washington Pink Lady Apples,ALDI,2.99,produce,2026-05-06,2026-05-12
Whole Seedless Watermelon,ALDI,4.89,produce,2026-05-20,2026-05-26
Whole Seedless Watermelon,ALDI,4.89,produce,2026-06-10,2026-06-16
Whole Seedless Watermelon,ALDI,4.65,produce,2026-07-01,2026-07-07
Whole Seedless Watermelon,ALDI,4.65,produce,2026-09-02,2026-09-08
Whole White Mushrooms,ALDI,1.29,produce,2026-05-13,2026-05-19
Organic Yellow Potatoes,ALDI,3.99,produce,2026-05-06,2026-05-12
Organic Zucchini,ALDI,2.39,produce,2026-04-22,2026-04-28
Organic Zucchini,ALDI,1.19,produce,2026-05-06,2026-05-12
Organic Zucchini,ALDI,1.19,produce,2026-05-20,2026-05-26
Organic Zucchini,ALDI,2.39,produce,2026-06-03,2026-06-09
Organic Zucchini,ALDI,1.29,produce,2026-06-17,2026-06-23
Organic Zucchini,ALDI,2.39,produce,2026-09-02,2026-09-08
Asparagus,Food Lion,1.99,produce,2026-05-06,2026-05-12
Asparagus,Food Lion,2.49,produce,2026-05-20,2026-05-26
Asparagus,Food Lion,1.99,produce,2026-06-03,2026-06-09
Asparagus,Food Lion,2.49,produce,2026-06-17,2026-06-23
Asparagus,Food Lion,2.49,produce,2026-07-01,2026-07-07
Athena Cantaloupes,Food Lion,2.99,produce,2026-07-01,2026-07-07
Athena Cantaloupes or Mini Watermelons,Food Lion,5.0,produce,2026-06-10,2026-06-16
Avocados,Food Lion,3.49,produce,2026-05-13,2026-05-19
4 Lb. Bag Vidalia Sweet Onions 3 Ct. Pkg. Food Lion Rainbow Bell Peppers,Food Lion,6.0,produce,2026-05-20,2026-05-26
Banana Boat Ultra Mist,Food Lion,7.99,produce,2026-05-13,2026-05-19
Banana Boat,Food Lion,8.99,produce,2026-05-20,2026-05-26
Banana Boat Ultra Mist Sunscreen,Food Lion,7.99,produce,2026-07-01,2026-07-07
Betty Crocker Instant Mashed Potatoes,Food Lion,5.0,produce,2026-05-20,2026-05-26
Birds Eye Corn On the Cob,Food Lion,2.79,produce,2026-04-22,2026-04-28
Birds Eye Steamfresh Vegetables,Food Lion,4.0,produce,2026-04-22,2026-04-28
Birds Eye Steamfresh Vegetables,Food Lion,4.0,produce,2026-05-06,2026-05-12
Birds Eye Steamfresh Vegetables,Food Lion,4.0,produce,2026-05-13,2026-05-19
Broccoli Crowns,Food Lion,1.69,produce,2026-04-22,2026-04-28
Broccoli Crowns,Food Lion,1.69,produce,2026-05-06,2026-05-12
Broccoli Crowns,Food Lion,1.69,produce,2026-05-20,2026-05-26
Broccoli Crowns,Food Lion,1.49,produce,2026-06-03,2026-06-09
CALIFORNIA GROWN PEACHES,Food Lion,1.99,produce,2026-06-17,2026-06-23
CALIFORNIA GROWN PEACHES,Food Lion,2.49,produce,2026-07-22,2026-07-28
CALIFORNIA GROWN PEACHES,Food Lion,1.49,produce,2026-09-02,2026-09-08
Calypso Splashers or Lemonade,Food Lion,1.99,produce,2026-04-29,2026-05-05
Cantaloupe,Food Lion,2.99,produce,2026-06-03,2026-06-09
Fresh Cantaloupes,Food Lion,2.99,produce,2026-05-06,2026-05-12
Fresh Cantaloupes,Food Lion,2.49,produce,2026-05-13,2026-05-19
Capri Sun or Country Time Lemonade,Food Lion,6.0,produce,2026-05-13,2026-05-19
Celery Hearts,Food Lion,1.29,produce,2026-06-03,2026-06-09
Chosen Foods Avocado Oil Spray,Food Lion,4.79,produce,2026-04-29,2026-05-05
Chosen Foods Avocado Oil Spray,Food Lion,4.99,produce,2026-09-02,2026-09-08
Cilantro,Food Lion,0.89,produce,2026-04-29,2026-05-05
Post Oreo Puffs Or Honey-Comb Cereal,Food Lion,6.0,produce,2026-04-22,2026-04-28
General Mills Chex Cereal,Food Lion,3.19,produce,2026-04-22,2026-04-28
Nature Valley Granola,Food Lion,7.0,produce,2026-04-22,2026-04-28
Nature Valley Crunchy or Sweet & Salty Granola Bars,Food Lion,6.0,produce,2026-04-22,2026-04-28
KELLOGG'S FROSTED MINI WHEATS OR RAISIN BRAN CEREAL,Food Lion,4.0,produce,2026-04-22,2026-04-28
Kodiak Granola Or Breakfast Bars,Food Lion,3.99,produce,2026-04-22,2026-04-28
Quaker Protein Granola Bars,Food Lion,4.49,produce,2026-04-29,2026-05-05
Kellogg's Frosted Flakes or Froot Loops Cereal,Food Lion,6.0,produce,2026-04-29,2026-05-05
Nature's Promise Organic Granola,Food Lion,3.99,produce,2026-05-06,2026-05-12
Food Lion Chewy Granola Bars,Food Lion,1.79,produce,2026-05-13,2026-05-19
Purely Elizabeth Granola Or Cereal,Food Lion,4.99,produce,2026-05-13,2026-05-19
Nature Valley Crunchy Or Sweet & Salty Granola Bars,Food Lion,5.0,produce,2026-05-13,2026-05-19
Kellogg's Special K Cereal,Food Lion,7.0,produce,2026-05-13,2026-05-19
General Mills Toast Crunch or Honey Nut Cheerios Cereal,Food Lion,4.0,produce,2026-05-13,2026-05-19
General Mills Reese's Puffs or Lucky Charms Cereal,Food Lion,6.0,produce,2026-05-20,2026-05-26
Kodiak Granola Or Flapjack & Waffle Mix,Food Lion,4.99,produce,2026-05-20,2026-05-26
Kellogg's Cereal in a Cup,Food Lion,1.0,produce,2026-05-20,2026-05-26
Junkless Granola Bars,Food Lion,3.59,produce,2026-05-27,2026-06-02
Kellogg's Frosted Flakes or Froot Loops Cereal,Food Lion,3.99,produce,2026-05-27,2026-06-02
Quaker Cap'n Crunch Cereal or Chewy Granola Bars,Food Lion,5.0,produce,2026-06-03,2026-06-09
Bear Naked Granola,Food Lion,3.99,produce,2026-06-03,2026-06-09
General Mills Chex Cereal,Food Lion,3.0,produce,2026-06-03,2026-06-09
Nature Valley Crunchy or Sweet & Salty Granola Bars,Food Lion,3.0,produce,2026-06-03,2026-06-09
Kellogg's Cereals,Food Lion,4.0,produce,2026-06-10,2026-06-16
Kellogg's Frosted Flakes or Froot Loops Cereal,Food Lion,4.0,produce,2026-06-10,2026-06-16
Post Cereals,Food Lion,1.79,produce,2026-06-10,2026-06-16
Food Lion Chewy Granola Bars,Food Lion,1.99,produce,2026-06-10,2026-06-16
GENERAL MILLS CHEERIOS PROTEIN CEREAL,Food Lion,3.0,produce,2026-06-10,2026-06-16
Kellogg's Cereal in a Cup,Food Lion,1.0,produce,2026-06-10,2026-06-16
Food Lion Fruit & Grain Cereal Bars,Food Lion,1.99,produce,2026-06-17,2026-06-23
PURELY ELIZABETH CEREAL,Food Lion,4.99,produce,2026-06-17,2026-06-23
Kellogg's Cereal in a Cup,Food Lion,1.0,produce,2026-06-17,2026-06-23
Kashi Cereal,Food Lion,3.99,produce,2026-07-01,2026-07-07
NATURE'S PROMISE ORGANIC CEREAL BARS,Food Lion,2.99,produce,2026-07-01,2026-07-07
Kellogg's Cereals,Food Lion,7.0,produce,2026-07-01,2026-07-07
Nature's Promise Organic Granola,Food Lion,3.99,produce,2026-07-01,2026-07-07
Junkless Chewy Granola Bars,Food Lion,3.79,produce,2026-07-22,2026-07-28
Quaker Chewy Granola Bars,Food Lion,4.99,produce,2026-07-22,2026-07-28
Food Lion Protein Chewy Granola Bars,Food Lion,7.49,produce,2026-07-22,2026-07-28
Kellogg's Frosted Mini Wheats or Froot Loops Cereal,Food Lion,4.99,produce,2026-07-22,2026-07-28
General Mills Toast Crunch or Honey Nut Cheerios Cereal,Food Lion,6.0,produce,2026-07-22,2026-07-28
NATURE'S PROMISE ORGANIC GRANOLA,Food Lion,3.99,produce,2026-09-02,2026-09-08
FOOD LION OATS,Food Lion,4.29,produce,2026-09-02,2026-09-08
GENERAL MILLS CEREAL CUPS,Food Lion,1.0,produce,2026-09-02,2026-09-08
QUAKER CHEWY GRANOLA BARS,Food Lion,4.99,produce,2026-09-02,2026-09-08
Fresh Corn on the Cob,Food Lion,1.0,produce,2026-05-20,2026-05-26
Fresh Corn on the Cob,Food Lion,1.0,produce,2026-06-10,2026-06-16
Fresh Corn on the Cob,Food Lion,1.0,produce,2026-07-01,2026-07-07
Fresh Corn on the Cob,Food Lion,1.0,produce,2026-09-02,2026-09-08
Cucumbers or Green Peppers,Food Lion,0.69,produce,2026-04-22,2026-04-28
Cucumbers or Green Peppers,Food Lion,0.59,produce,2026-06-03,2026-06-09
Cucumbers or Green Peppers,Food Lion,0.69,produce,2026-09-02,2026-09-08
CUT OR SLICED SEEDLESS WATERMELONS,Food Lion,0.89,produce,2026-05-20,2026-05-26
Dole Pineapple,Food Lion,4.0,produce,2026-07-01,2026-07-07
Dole Pineapple,Food Lion,4.0,produce,2026-09-02,2026-09-08
Eastern Peaches,Food Lion,1.29,produce,2026-05-20,2026-05-26
Eastern Peaches,Food Lion,0.99,produce,2026-06-03,2026-06-09
Eastern Peaches,Food Lion,1.29,produce,2026-07-01,2026-07-07
European Cucumbers,Food Lion,0.99,produce,2026-04-29,2026-05-05
Food Lion Baby Cut Carrots,Food Lion,0.99,produce,2026-05-27,2026-06-02
Food Lion Brussels Sprouts,Food Lion,2.49,produce,2026-04-22,2026-04-28
Food Lion Brussels Sprouts,Food Lion,2.49,produce,2026-05-13,2026-05-19
Food Lion Brussels Sprouts,Food Lion,2.49,produce,2026-06-03,2026-06-09
Food Lion Brussels Sprouts,Food Lion,2.49,produce,2026-07-22,2026-07-28
Food Lion Cara Cara Navel Oranges,Food Lion,3.49,produce,2026-04-22,2026-04-28
Food Lion Gold Potatoes,Food Lion,2.99,produce,2026-04-29,2026-05-05
Food Lion Gold Potatoes,Food Lion,5.0,produce,2026-06-03,2026-06-09
Food Lion Gold Potatoes,Food Lion,2.49,produce,2026-07-22,2026-07-28
Food Lion Green Beans,Food Lion,5.49,produce,2026-04-22,2026-04-28
Food Lion Lemon Juice,Food Lion,4.0,produce,2026-05-27,2026-06-02
Food Lion Lemonade,Food Lion,1.99,produce,2026-05-13,2026-05-19
Food Lion Mini Cucumbers,Food Lion,1.99,produce,2026-05-06,2026-05-12
Food Lion Mini Cucumbers,Food Lion,1.99,produce,2026-05-20,2026-05-26
Food Lion Mini Cucumbers,Food Lion,1.99,produce,2026-06-10,2026-06-16
FOOD LION MINI POTATOES,Food Lion,1.99,produce,2026-04-22,2026-04-28
Food Lion Navel Oranges,Food Lion,3.49,produce,2026-05-06,2026-05-12
Food Lion Portabella Mushrooms,Food Lion,1.99,produce,2026-06-10,2026-06-16
Food Lion Portabella Mushrooms,Food Lion,1.99,produce,2026-06-17,2026-06-23
Food Lion Rainbow Bell Peppers,Food Lion,3.29,produce,2026-05-13,2026-05-19
Food Lion Rainbow Bell Peppers,Food Lion,3.29,produce,2026-05-27,2026-06-02
Food Lion Rainbow Bell Peppers,Food Lion,6.0,produce,2026-06-10,2026-06-16
Food Lion Rainbow Bell Peppers,Food Lion,2.99,produce,2026-06-17,2026-06-23
Food Lion Rainbow Bell Peppers,Food Lion,6.0,produce,2026-07-01,2026-07-07
Food Lion Rainbow Bell Peppers,Food Lion,2.99,produce,2026-09-02,2026-09-08
Food Lion Supreme Baby Cut Carrots,Food Lion,1.29,produce,2026-06-03,2026-06-09
Food Lion Yellow Onions,Food Lion,1.99,produce,2026-05-06,2026-05-12
Food Lion Yellow Onions,Food Lion,2.69,produce,2026-05-13,2026-05-19
Food Lion Yellow Onions,Food Lion,5.0,produce,2026-06-03,2026-06-09
Gala or Evercrisp Apples,Food Lion,1.29,produce,2026-04-22,2026-04-28
Gala or Evercrisp Apples,Food Lion,1.29,produce,2026-06-10,2026-06-16
Golden Pineapple,Food Lion,2.19,produce,2026-04-22,2026-04-28
Golden Pineapple,Food Lion,1.99,produce,2026-05-20,2026-05-26
Golden Pineapple,Food Lion,1.99,produce,2026-06-03,2026-06-09
Golden Pineapple,Food Lion,1.99,produce,2026-06-17,2026-06-23
Golden Pineapple,Food Lion,1.99,produce,2026-07-01,2026-07-07
Golden Pineapple,Food Lion,1.99,produce,2026-07-22,2026-07-28
Golden Road Mango Cart,Food Lion,15.99,produce,2026-04-29,2026-05-05
Green Cabbage,Food Lion,0.49,produce,2026-05-13,2026-05-19
Green Cabbage,Food Lion,0.59,produce,2026-06-03,2026-06-09
Green Cabbage,Food Lion,0.69,produce,2026-06-17,2026-06-23
Green Cabbage,Food Lion,0.49,produce,2026-07-22,2026-07-28
Hass Avocados,Food Lion,0.79,produce,2026-09-02,2026-09-08
Hass Avocados or Mangos,Food Lion,0.69,produce,2026-04-29,2026-05-05
Idahoan Family Size Mashed Potatoes,Food Lion,2.99,produce,2026-07-01,2026-07-07
Lemons,Food Lion,3.49,produce,2026-05-13,2026-05-19
Lemons,Food Lion,0.69,produce,2026-06-17,2026-06-23
Food Lion Iceberg Lettuce,Food Lion,1.79,produce,2026-05-06,2026-05-12
Nature's Promise Organic Iceberg Lettuce,Food Lion,2.79,produce,2026-05-27,2026-06-02
Food Lion Iceberg Lettuce,Food Lion,1.29,produce,2026-05-27,2026-06-02
Food Lion Iceberg Lettuce,Food Lion,1.49,produce,2026-06-10,2026-06-16
FOOD LION ICEBERG LETTUCE,Food Lion,1.49,produce,2026-07-01,2026-07-07
Limes,Food Lion,3.99,produce,2026-04-29,2026-05-05
Limes,Food Lion,1.0,produce,2026-05-27,2026-06-02
Mango Fruit Mix Bowl,Food Lion,3.99,produce,2026-07-22,2026-07-28
McCain Frozen Potatoes,Food Lion,6.0,produce,2026-05-06,2026-05-12
Mike's Hard Lemonade,Food Lion,9.99,produce,2026-05-06,2026-05-12
Mike's Hard Lemonade,Food Lion,15.99,produce,2026-05-20,2026-05-26
Mike's Hard Lemonade,Food Lion,15.99,produce,2026-06-10,2026-06-16
Mike's Hard Lemonade,Food Lion,10.99,produce,2026-07-01,2026-07-07
Mini Watermelon,Food Lion,3.49,produce,2026-07-22,2026-07-28
Mott's Applesauce Cups,Food Lion,2.39,produce,2026-04-22,2026-04-28
Mott's Applesauce Cups,Food Lion,5.0,produce,2026-07-22,2026-07-28
Mott's Applesauce Pouch or Fruit Smoothie,Food Lion,6.99,produce,2026-09-02,2026-09-08
Nature's Promise Organic Avocados,Food Lion,3.49,produce,2026-04-29,2026-05-05
Nature's Promise Organic Avocados,Food Lion,2.99,produce,2026-06-03,2026-06-09
Nature's Promise Organic Green Cabbage,Food Lion,2.59,produce,2026-04-22,2026-04-28
NATURE'S PROMISE ORGANIC HONEYCRISP APPLES,Food Lion,4.99,produce,2026-09-02,2026-09-08
Nature's Promise Organic Pink Lady Apples,Food Lion,3.99,produce,2026-05-06,2026-05-12
Nature's Promise Organic Salad Mix,Food Lion,2.99,produce,2026-05-06,2026-05-12
Nature's Promise Organic Salad Mix,Food Lion,2.99,produce,2026-06-03,2026-06-09
NATURE'S PROMISE ORGANIC YELLOW ONIONS,Food Lion,3.99,produce,2026-04-29,2026-05-05
Nectarines,Food Lion,1.99,produce,2026-06-10,2026-06-16
Tropicana Premium Orange Juice,Food Lion,3.99,produce,2026-04-22,2026-04-28
"Red, Yellow or Orange Peppers",Food Lion,0.99,produce,2026-04-29,2026-05-05
Florida's Natural Orange Juice,Food Lion,3.49,produce,2026-04-29,2026-05-05
Mandarins,Food Lion,2.99,produce,2026-04-29,2026-05-05
Tropicana Orange Juice,Food Lion,3.79,produce,2026-05-06,2026-05-12
Simply Orange Juice,Food Lion,3.99,produce,2026-05-13,2026-05-19
Food Lion Orange Juice,Food Lion,3.79,produce,2026-05-27,2026-06-02
Simply Orange Juice,Food Lion,6.99,produce,2026-06-03,2026-06-09
Mandarins,Food Lion,2.99,produce,2026-06-10,2026-06-16
Florida's Natural Orange Juice,Food Lion,3.49,produce,2026-06-10,2026-06-16
SIMPLY ORANGE JUICE,Food Lion,7.0,produce,2026-06-17,2026-06-23
Tropicana Pure Premium Orange Juice,Food Lion,2.29,produce,2026-07-01,2026-07-07
Florida's Natural Orange Juice,Food Lion,3.49,produce,2026-07-22,2026-07-28
"European Cucumbers Red, Yellow Or Orange Peppers",Food Lion,0.99,produce,2026-07-22,2026-07-28
Food Lion Frozen Orange Juice,Food Lion,2.99,produce,2026-09-02,2026-09-08
Simply Orange Juice,Food Lion,3.49,produce,2026-09-02,2026-09-08
Ore-Ida Frozen Potatoes,Food Lion,3.99,produce,2026-06-10,2026-06-16
Plum Organics Fruit Snacks,Food Lion,6.0,produce,2026-06-03,2026-06-09
Plum Organics Fruit Snacks,Food Lion,6.0,produce,2026-06-10,2026-06-16
Plum Organics Fruit Snacks,Food Lion,6.0,produce,2026-06-17,2026-06-23
Plum Organics Fruit Snacks,Food Lion,6.0,produce,2026-07-01,2026-07-07
Plum Organics Mighty Puffs,Food Lion,3.29,produce,2026-07-22,2026-07-28
Plum Organics Mighty Snack Bars,Food Lion,3.49,produce,2026-05-06,2026-05-12
Plum Organics Mighty Snack Bars,Food Lion,3.49,produce,2026-05-13,2026-05-19
Pringles Party Stack Potato Crisps,Food Lion,2.69,produce,2026-04-22,2026-04-28
Food Lion Party Size Potato Chips,Food Lion,5.0,produce,2026-05-06,2026-05-12
Wise Potato Chips or Ridgies,Food Lion,5.0,produce,2026-05-06,2026-05-12
Food Lion Russet Potatoes,Food Lion,1.99,produce,2026-05-06,2026-05-12
Siete Kettle Cooked Potato Chips,Food Lion,3.19,produce,2026-05-06,2026-05-12
Food Lion Russet or Sweet Potatoes or Sweet Corn,Food Lion,2.89,produce,2026-05-13,2026-05-19
Pringles Potato Crisps,Food Lion,4.0,produce,2026-05-20,2026-05-26
Pringles Grab & Go! Potato Crisps,Food Lion,1.0,produce,2026-05-20,2026-05-26
Food Lion Russet Potatoes,Food Lion,2.49,produce,2026-05-20,2026-05-26
Lay's Potato Or Tostitos Cantina Tortilla Chips,Food Lion,4.0,produce,2026-05-20,2026-05-26
Food Lion Red Potatoes,Food Lion,2.49,produce,2026-05-27,2026-06-02
Pringles Grab & Go Potato Crisps,Food Lion,1.0,produce,2026-06-03,2026-06-09
Food Lion Russet or Sweet Potatoes,Food Lion,2.89,produce,2026-06-10,2026-06-16
Lay's Potato Chips,Food Lion,2.5,produce,2026-06-10,2026-06-16
Pringles Party Stack Potato Crisps,Food Lion,2.69,produce,2026-06-10,2026-06-16
"FOOD LION SWEET CORN, RUSSET OR SWEET POTATO",Food Lion,5.0,produce,2026-06-17,2026-06-23
PRINGLES POTATO CRISPS,Food Lion,4.0,produce,2026-06-17,2026-06-23
UTZ POTATO CHIPS OR PRETZELS,Food Lion,2.39,produce,2026-06-17,2026-06-23
FOOD LION KETTLE POTATO CHIPS,Food Lion,1.99,produce,2026-06-17,2026-06-23
WISE POTATO CHIPS OR RIDGIES,Food Lion,5.0,produce,2026-06-17,2026-06-23
Food Lion Russet Potatoes,Food Lion,1.99,produce,2026-07-01,2026-07-07
Lay's Potato Chips,Food Lion,4.0,produce,2026-07-01,2026-07-07
Ruffles Potato or PopCorners Chips,Food Lion,6.0,produce,2026-07-22,2026-07-28
Pringles Party Stack Potato Crisps,Food Lion,2.99,produce,2026-07-22,2026-07-28
FOOD LION RUSSET POTATOES,Food Lion,1.99,produce,2026-09-02,2026-09-08
Pringles Potato Crisps,Food Lion,4.0,produce,2026-09-02,2026-09-08
Lay's Potato Chips,Food Lion,4.0,produce,2026-09-02,2026-09-08
Realsweet Organic Vidalia Onions,Food Lion,3.99,produce,2026-05-06,2026-05-12
Realsweet Organic Vidalia Onions,Food Lion,3.99,produce,2026-05-27,2026-06-02
Jumbo Red Onions,Food Lion,1.19,produce,2026-05-27,2026-06-02
Jumbo Red Onions,Food Lion,1.29,produce,2026-07-22,2026-07-28
Restaurant Fries or Onion Rings,Food Lion,4.49,produce,2026-07-01,2026-07-07
Royal Gala Apples,Food Lion,1.29,produce,2026-04-29,2026-05-05
Seedless Watermelons,Food Lion,5.99,produce,2026-05-06,2026-05-12
Seedless Watermelons,Food Lion,5.49,produce,2026-06-03,2026-06-09
Seedless Watermelons,Food Lion,5.49,produce,2026-06-17,2026-06-23
Seedless Watermelons,Food Lion,3.99,produce,2026-09-02,2026-09-08
Siete Grain Free or Maiz Corn Tortilla Chips,Food Lion,3.99,produce,2026-09-02,2026-09-08
Simply Lemonade All Natural,Food Lion,3.49,produce,2026-07-22,2026-07-28
SLICED OR CUT SEEDLESS WATERMELON,Food Lion,0.89,produce,2026-07-01,2026-07-07
Smithfield Boneless Spiral Ham with Sweet Summer Peach Glaze,Food Lion,3.99,produce,2026-06-10,2026-06-16
Smucker's Grape Jelly or Jam,Food Lion,3.99,produce,2026-07-22,2026-07-28
Smucker's Strawberry Preserves,Food Lion,4.0,produce,2026-06-03,2026-06-09
Snapple,Food Lion,4.99,produce,2026-05-20,2026-05-26
Snapple,Food Lion,4.99,produce,2026-05-27,2026-06-02
Strawberry Torte,Food Lion,8.99,produce,2026-05-06,2026-05-12
Strawberry Torte,Food Lion,8.99,produce,2026-07-01,2026-07-07
Strawberry Torte,Food Lion,8.99,produce,2026-09-02,2026-09-08
Sunset Organic Sweet Bell Peppers,Food Lion,4.99,produce,2026-05-13,2026-05-19
Taste of Inspirations Snacking Tomatoes,Food Lion,5.0,produce,2026-04-22,2026-04-28
Roma Tomatoes or Jalapeño Peppers,Food Lion,0.89,produce,2026-04-29,2026-05-05
Taste of Inspirations Campari Tomatoes,Food Lion,2.99,produce,2026-05-06,2026-05-12
Taste Of Inspirations Tomatoes,Food Lion,2.49,produce,2026-05-13,2026-05-19
Campbell's Chicken Noodle or Tomato Soup,Food Lion,1.0,produce,2026-05-13,2026-05-19
Red Vine Cluster Tomatoes,Food Lion,1.49,produce,2026-05-20,2026-05-26
Rotel Tomatoes,Food Lion,5.0,produce,2026-05-20,2026-05-26
Sweetpops Tomatoes,Food Lion,2.79,produce,2026-05-27,2026-06-02
Nature's Promise Organic Grape Tomatoes,Food Lion,2.99,produce,2026-05-27,2026-06-02
Red Vine Cluster Tomatoes,Food Lion,1.49,produce,2026-05-27,2026-06-02
Taste of Inspirations Wild Wonders Tomatoes,Food Lion,4.29,produce,2026-06-03,2026-06-09
Stamey's Salty Dill Pickles or Pickled Green Tomato,Food Lion,7.99,produce,2026-06-03,2026-06-09
TASTE OF INSPIRATIONS TOMATOES,Food Lion,6.0,produce,2026-06-10,2026-06-16
Red Vine Cluster Tomatoes,Food Lion,1.49,produce,2026-07-01,2026-07-07
Red Sun Farms Big Red Beefsteak Tomatoes,Food Lion,3.99,produce,2026-09-02,2026-09-08
"Twisted Tea, Cayman Jack Or Simply Lemonade",Food Lion,15.99,produce,2026-04-22,2026-04-28
Twisted Tea or Simply Lemonade,Food Lion,16.99,produce,2026-05-20,2026-05-26
Twisted Tea or Simply Lemonade,Food Lion,15.99,produce,2026-05-20,2026-05-26
Vidalia Onions,Food Lion,0.99,produce,2026-05-13,2026-05-19
Vidalia Onions,Food Lion,0.99,produce,2026-05-27,2026-06-02
Vidalia Onions,Food Lion,1.19,produce,2026-06-17,2026-06-23
Vidalia Sweet Onions†,Food Lion,2.49,produce,2026-04-29,2026-05-05
Vidalia Sweet Onions†,Food Lion,6.0,produce,2026-06-10,2026-06-16
Vidalia Sweet Onions†,Food Lion,6.0,produce,2026-07-01,2026-07-07
Vidalia Sweet Onions†,Food Lion,3.99,produce,2026-07-22,2026-07-28
Vidalia Sweet Onions†,Food Lion,3.99,produce,2026-09-02,2026-09-08
Vita Coco Coconut Water,Food Lion,5.0,produce,2026-05-20,2026-05-26
Watermelon Chunks,Food Lion,3.99,produce,2026-05-06,2026-05-12
Watermelon Chunks,Food Lion,3.99,produce,2026-05-20,2026-05-26
Watermelon Chunks,Food Lion,3.99,produce,2026-06-17,2026-06-23
Watermelon Chunks,Food Lion,3.99,produce,2026-07-01,2026-07-07
Welch's Grape or Rose Sparkling Juice,Food Lion,7.0,produce,2026-05-06,2026-05-12
Welch's Sparkling Red or White Grape Juice,Food Lion,7.0,produce,2026-07-01,2026-07-07
Jumbo White Onions,Food Lion,0.89,produce,2026-04-29,2026-05-05
Whole Seedless Watermelons,Food Lion,3.99,produce,2026-05-20,2026-05-26
Whole Seedless Watermelons,Food Lion,3.99,produce,2026-07-01,2026-07-07
Organic Zucchini or Mixed Squash,Food Lion,2.69,produce,2026-06-10,2026-06-16
Zucchini or Yellow Squash,Food Lion,1.29,produce,2026-05-20,2026-05-26
Zucchini or Yellow Squash,Food Lion,1.29,produce,2026-06-17,2026-06-23
Zucchini or Yellow Squash,Food Lion,1.29,produce,2026-07-01,2026-07-07
Zucchini or Yellow Squash,Food Lion,1.29,produce,2026-07-22,2026-07-28
Zucchini or Yellow Squash,Food Lion,1.29,produce,2026-09-02,2026-09-08
Avocado Bread,Harris Teeter,5.99,produce,2026-04-22,2026-04-28
Avocado Bread,Harris Teeter,5.99,produce,2026-05-27,2026-06-02
Woodstock Banana Water,Harris Teeter,4.0,produce,2026-04-29,2026-05-05
Bird's Eye Steamfresh Vegetables,Harris Teeter,4.0,produce,2026-09-02,2026-09-08
Bobo's Oat Bars Strawberry Lemonade Oat Bites,Harris Teeter,8.99,produce,2026-07-15,2026-08-11
Bobo's Stuffed Oat Bites Strawberry Lemonade,Harris Teeter,8.99,produce,2026-05-20,2026-06-16
Cara Cara Navel Oranges,Harris Teeter,5.99,produce,2026-09-02,2026-09-08
Celery Hearts,Harris Teeter,2.99,produce,2026-05-20,2026-06-16
Private Selection Celery Sticks,Harris Teeter,7.0,produce,2026-05-27,2026-06-02
Farmers Market Organic Celery,Harris Teeter,2.99,produce,2026-06-10,2026-06-16
Private Selection Celery Sticks,Harris Teeter,7.0,produce,2026-09-02,2026-09-08
Childress Peach or Muscadine Burst,Harris Teeter,11.99,produce,2026-05-20,2026-05-26
Chosen Foods Avocado Oil Spray 100% Pure,Harris Teeter,12.99,produce,2026-06-17,2026-07-14
Organic Coconut Mini Medjool Dates,Harris Teeter,5.99,produce,2026-08-12,2026-09-08
Harris Teeter Variety Pack Granola Bars,Harris Teeter,3.49,produce,2026-04-22,2026-04-28
Harris Teeter Cereals,Harris Teeter,5.0,produce,2026-04-22,2026-05-19
Harris Teeter Sweet & Salty Almond Granola Bars,Harris Teeter,5.0,produce,2026-04-22,2026-05-19
Harris Teeter Instant Oatmeal,Harris Teeter,4.0,produce,2026-04-22,2026-05-19
Quaker Premium Instant Oatmeal,Harris Teeter,8.0,produce,2026-04-29,2026-05-05
Simple Truth Protein Cereal,Harris Teeter,7.49,produce,2026-04-29,2026-05-05
Kashi Granola,Harris Teeter,4.99,produce,2026-04-29,2026-05-05
Quaker Simply Granola,Harris Teeter,9.0,produce,2026-04-29,2026-05-05
Kellogg's Cereal Cups,Harris Teeter,3.0,produce,2026-04-29,2026-05-05
Kashi Cereal,Harris Teeter,4.99,produce,2026-04-29,2026-05-05
Quaker Protein Granola Bars,Harris Teeter,7.0,produce,2026-04-29,2026-05-05
24 oz. Simple Truth Organic Steel Cut Oats or 12 oz. Honey,Harris Teeter,3.99,produce,2026-04-29,2026-05-05
Catalina Crunch Protein Granola,Harris Teeter,6.99,produce,2026-04-29,2026-05-05
Quaker Protein Old Fashioned Oats,Harris Teeter,8.0,produce,2026-04-29,2026-05-05
Kellogg's Large Size Cereal,Harris Teeter,4.99,produce,2026-04-29,2026-05-05
Special K Granola,Harris Teeter,8.0,produce,2026-05-06,2026-05-12
Kellogg's Large Size Cereal,Harris Teeter,10.0,produce,2026-05-06,2026-05-12
Bear Naked Granola,Harris Teeter,7.0,produce,2026-05-06,2026-05-12
General Mills Cereal,Harris Teeter,2.47,produce,2026-05-06,2026-05-12
Kodiak Overnight Oats,Harris Teeter,6.0,produce,2026-05-06,2026-05-12
27 oz. General Mill Cinnamon Toast Crunch or 26.1 oz. Lucky Charms Giant Size Cereal,Harris Teeter,6.99,produce,2026-05-06,2026-05-12
Nature Valley Protein Granola,Harris Teeter,7.0,produce,2026-05-06,2026-05-12
Nature Valley Granola Bars,Harris Teeter,6.0,produce,2026-05-06,2026-05-12
Ghost High Protein Cereal,Harris Teeter,7.99,produce,2026-05-06,2026-05-12
Cascadian Farm Organic Granola Family Size Cereal,Harris Teeter,6.99,produce,2026-05-06,2026-05-12
Harris Teeter Protein Bars 7 - 7.1 oz. or Chewy Granola Bars,Harris Teeter,5.0,produce,2026-05-06,2026-05-12
General Mills Cereal,Harris Teeter,6.0,produce,2026-05-06,2026-05-12
Kashi Cereal,Harris Teeter,4.99,produce,2026-05-06,2026-05-12
8.4-15.1 oz Harris Teeter Instant Oatmeal or 16 oz. Peanut Butter,Harris Teeter,4.0,produce,2026-05-13,2026-05-19
KIND Granola,Harris Teeter,3.99,produce,2026-05-13,2026-05-19
27 OZ. General Mills Cinnamon Toast Crunch or 26.1 oz. Lucky Charms Giant Size Cereal,Harris Teeter,6.99,produce,2026-05-13,2026-05-19
Michele's Granola,Harris Teeter,6.99,produce,2026-05-20,2026-06-16
Quaker Premium Instant Oatmeal,Harris Teeter,8.0,produce,2026-05-20,2026-05-26
Quaker Chew Granola Bars,Harris Teeter,5.0,produce,2026-05-20,2026-05-26
Kashi Granola,Harris Teeter,4.99,produce,2026-05-20,2026-05-26
Quaker Simply Granola,Harris Teeter,9.0,produce,2026-05-20,2026-05-26
Kellogg's Cereal,Harris Teeter,1.99,produce,2026-05-20,2026-05-26
Junkless Granola Bars,Harris Teeter,7.0,produce,2026-05-20,2026-05-26
Kashi Cereal,Harris Teeter,4.99,produce,2026-05-27,2026-06-02
Harris Teeter Granola Bars 6.3 - 8.9 oz. or Protein Bars 7-7.1 oz.,Harris Teeter,5.0,produce,2026-05-27,2026-06-02
Harris Teeter Shredded Wheat 12.8- 18 oz. or Honey Oat Cluster Cereal12 - 14.5 oz.,Harris Teeter,5.0,produce,2026-05-27,2026-06-02
Simple Truth Organic Steel Cut Oats or 12 oz. Honey,Harris Teeter,3.99,produce,2026-05-27,2026-06-02
Nature Valley Granola Bars,Harris Teeter,6.0,produce,2026-05-27,2026-06-02
Kellogg's Cereal in a Cup,Harris Teeter,3.0,produce,2026-06-03,2026-06-09
Bear Naked Granola,Harris Teeter,7.0,produce,2026-06-03,2026-06-09
Kashi Cereal,Harris Teeter,4.99,produce,2026-06-03,2026-06-09
Kellogg's Cereal,Harris Teeter,7.0,produce,2026-06-03,2026-06-09
12 oz Harris Teeter Honey Bear or 18 - 187 oz Raisin Bran Cereal,Harris Teeter,6.0,produce,2026-06-03,2026-06-09
Quaker Granola bars,Harris Teeter,5.0,produce,2026-06-10,2026-06-16
Nature Valley Protein Granola,Harris Teeter,7.0,produce,2026-06-10,2026-06-16
General Mills Giant Size Cereal,Harris Teeter,9.0,produce,2026-06-10,2026-06-16
Bear Naked Granola,Harris Teeter,6.99,produce,2026-06-10,2026-06-16
Kashi Cereal,Harris Teeter,4.99,produce,2026-06-10,2026-06-16
Nature Valley Granola Bars,Harris Teeter,6.0,produce,2026-06-10,2026-06-16
HT Traders Granola,Harris Teeter,8.0,produce,2026-06-10,2026-06-16
16 oz. Harris Teeter Peanut Butter or 12 - 13.5 oz. Honey Nut O's Cereal,Harris Teeter,1.99,produce,2026-06-10,2026-06-16
Simple Truth Organic Steel Cut Oats,Harris Teeter,3.99,produce,2026-06-10,2026-06-16
Kellogg's Cereal in a Cup,Harris Teeter,3.0,produce,2026-06-17,2026-06-23
Kashi Granola,Harris Teeter,4.99,produce,2026-06-17,2026-06-23
Love Crunch Organic Granola,Harris Teeter,10.0,produce,2026-06-17,2026-06-23
Kellogg's Cereal,Harris Teeter,4.99,produce,2026-06-17,2026-06-23
"12 - 12.2 OZ, Simple Truth Organic Toasted O's Cereal or 182 - 187 oz. Harris Teeter Raisin Bran Cereal",Harris Teeter,2.99,produce,2026-07-01,2026-07-07
Bear Naked Granola,Harris Teeter,7.0,produce,2026-07-01,2026-07-07
Kellogg's Large Size Cereal,Harris Teeter,4.99,produce,2026-07-01,2026-07-07
Nature Valley Granola Bars,Harris Teeter,6.0,produce,2026-07-01,2026-07-07
Quaker Simply Granola,Harris Teeter,9.0,produce,2026-07-01,2026-07-07
Quaker Instant Oatmeal,Harris Teeter,8.0,produce,2026-07-01,2026-07-07
Quaker Protein Granola Bars,Harris Teeter,7.0,produce,2026-07-01,2026-07-07
Kashi Cereal,Harris Teeter,4.99,produce,2026-07-01,2026-07-07
General Mills Cereal,Harris Teeter,6.0,produce,2026-07-01,2026-07-07
Quaker Chewy Granola Bars Value Pack,Harris Teeter,9.0,produce,2026-07-01,2026-07-07
Three Wishes Cereal,Harris Teeter,5.99,produce,2026-07-15,2026-08-11
Post Cereal,Harris Teeter,7.0,produce,2026-07-22,2026-07-28
11-12.2 oz. Harris Teeter Kids Cereal or 18 oz. Jelly or Preserves,Harris Teeter,5.0,produce,2026-07-22,2026-07-28
Simple Truth Protein Granola Bars 5 ct or Protein Pancake Mix 18 - 20 oz.,Harris Teeter,3.49,produce,2026-07-22,2026-07-28
General Mills Cinnamon Toast Crunch Giant Size Cereal,Harris Teeter,6.99,produce,2026-07-22,2026-07-28
General Mills Lucky Charms Giant Size Cereal,Harris Teeter,6.99,produce,2026-07-22,2026-07-28
Kashi Cereal,Harris Teeter,10.0,produce,2026-09-02,2026-09-08
Cucumbers,Harris Teeter,1.0,produce,2026-06-10,2026-06-16
Cucumbers,Harris Teeter,5.0,produce,2026-07-15,2026-08-11
Daisy French Onion Dip,Harris Teeter,6.0,produce,2026-05-20,2026-05-26
Daisy French Onion Dip,Harris Teeter,6.0,produce,2026-09-02,2026-09-08
De Nigris Dark Cherry Sweet Vinegar or Glaze,Harris Teeter,8.99,produce,2026-05-20,2026-06-16
Decorated Message Cookie,Harris Teeter,11.99,produce,2026-05-20,2026-05-26
Decorated Message Cookie,Harris Teeter,11.99,produce,2026-07-01,2026-07-07
Envy Apples,Harris Teeter,4.99,produce,2026-04-22,2026-05-19
Envy Apples,Harris Teeter,2.99,produce,2026-05-20,2026-06-16
Organic Envy or Pink Lady Apples,Harris Teeter,2.99,produce,2026-06-17,2026-07-14
Fresh Express Tender Leaf Spinach,Harris Teeter,1.99,produce,2026-05-27,2026-06-02
Fresh Express Tender Leaf Spinach,Harris Teeter,1.99,produce,2026-06-17,2026-06-23
Farmer Market Cosmic Crisp Apples,Harris Teeter,2.99,produce,2026-07-22,2026-07-28
"Farmer Market Peaches, Plums or Nectarines",Harris Teeter,2.99,produce,2026-07-22,2026-07-28
Farmer Market Sliced or Whole White Mushrooms,Harris Teeter,2.99,produce,2026-07-22,2026-07-28
Farmer Market Watermelon or Melon Tio Spears,Harris Teeter,4.99,produce,2026-07-22,2026-07-28
Farmers Market Athena Cantaloupes,Harris Teeter,3.99,produce,2026-05-20,2026-05-26
Farmers Market Athena Cantaloupes,Harris Teeter,3.99,produce,2026-05-27,2026-06-02
Farmers Market Athena Cantaloupes,Harris Teeter,3.99,produce,2026-06-03,2026-06-09
Farmers Market Athena Cantaloupes,Harris Teeter,3.99,produce,2026-06-10,2026-06-16
Farmers Market Athena Cantaloupes,Harris Teeter,3.99,produce,2026-07-01,2026-07-07
Farmers Market Athena Cantaloupes,Harris Teeter,3.99,produce,2026-07-22,2026-07-28
Farmers Market Medium Avocados,Harris Teeter,5.0,produce,2026-07-01,2026-07-07
Farmers Market Medium Avocados,Harris Teeter,3.0,produce,2026-09-02,2026-09-08
Farmers Market Baby Carrots,Harris Teeter,5.0,produce,2026-05-06,2026-05-12
Farmers Market Baby Carrots,Harris Teeter,1.79,produce,2026-05-27,2026-06-02
Farmers Market Baby Carrots,Harris Teeter,5.0,produce,2026-06-03,2026-06-09
Farmers Market Baker Potatoes,Harris Teeter,4.99,produce,2026-07-01,2026-07-07
Farmers Market Baking Potatoes,Harris Teeter,4.99,produce,2026-09-02,2026-09-08
Farmers Market Black Plums or Red Plums,Harris Teeter,2.99,produce,2026-06-03,2026-06-09
Farmers Market Broccolini,Harris Teeter,2.99,produce,2026-05-06,2026-05-12
Farmers Market Cantaloupe or Honeydew Chunks,Harris Teeter,5.0,produce,2026-05-27,2026-06-02
Farmers Market Jumbo Cantaloupes,Harris Teeter,5.0,produce,2026-04-22,2026-04-28
Farmers Market Jumbo Cantaloupes,Harris Teeter,5.0,produce,2026-05-06,2026-05-12
Farmers Market Cauliflower,Harris Teeter,3.79,produce,2026-04-22,2026-04-28
Farmers Market Cosmic Crisp Apples,Harris Teeter,2.99,produce,2026-09-02,2026-09-08
Farmers Market Cucumbers,Harris Teeter,4.0,produce,2026-05-20,2026-05-26
Farmers Market Cucumbers,Harris Teeter,4.0,produce,2026-05-27,2026-06-02
Farmers Market Eastern Peaches,Harris Teeter,0.99,produce,2026-05-20,2026-05-26
Farmers Market Eastern Peaches,Harris Teeter,1.79,produce,2026-05-27,2026-06-02
Farmers Market Eastern Peaches,Harris Teeter,0.99,produce,2026-06-17,2026-06-23
Farmers Market Eastern Peaches,Harris Teeter,1.79,produce,2026-07-01,2026-07-07
Farmers Market Eastern Peaches,Harris Teeter,1.49,produce,2026-07-22,2026-07-28
Farmers Market Eastern Peaches,Harris Teeter,1.99,produce,2026-09-02,2026-09-08
Farmers Market Organic Envy Apples,Harris Teeter,2.99,produce,2026-06-10,2026-06-16
Farmers Market Fuji Apples,Harris Teeter,3.99,produce,2026-04-22,2026-04-28
Farmers Market Fuji Apples,Harris Teeter,2.99,produce,2026-05-27,2026-06-02
Farmers Market Fuji Apples,Harris Teeter,2.99,produce,2026-06-10,2026-06-16
Farmers Market Fuji or Gala Apples,Harris Teeter,1.99,produce,2026-04-29,2026-05-05
Farmers Market Organic Fuji or Pink Lady Apples,Harris Teeter,2.99,produce,2026-04-22,2026-04-28
Farmers Market Gala Apples,Harris Teeter,1.99,produce,2026-05-13,2026-05-19
Farmers Market Gold Kiwi,Harris Teeter,5.99,produce,2026-05-13,2026-05-19
Farmers Market Gold Kiwi,Harris Teeter,5.99,produce,2026-06-10,2026-06-16
Farmers Market Golden Pineapple,Harris Teeter,3.99,produce,2026-05-27,2026-06-02
Farmers Market Golden Pineapples,Harris Teeter,3.99,produce,2026-04-22,2026-04-28
Farmers Market Golden Pineapples,Harris Teeter,3.99,produce,2026-05-13,2026-05-19
Farmers Market Golden Pineapples,Harris Teeter,3.99,produce,2026-07-01,2026-07-07
Farmers Market Green Asparagus,Harris Teeter,3.99,produce,2026-04-22,2026-04-28
Farmers Market Green Asparagus,Harris Teeter,3.99,produce,2026-05-27,2026-06-02
Farmers Market Green Bell Peppers,Harris Teeter,1.79,produce,2026-05-13,2026-05-19
Farmers Market Green Bell Peppers,Harris Teeter,3.0,produce,2026-05-27,2026-06-02
Farmers Market Green Cabbage,Harris Teeter,0.99,produce,2026-05-13,2026-05-19
Farmers Market Green Cabbage,Harris Teeter,0.99,produce,2026-05-20,2026-05-26
Farmers Market Green Cabbage,Harris Teeter,0.99,produce,2026-05-27,2026-06-02
Farmers Market Green Kiwi Fruit,Harris Teeter,2.0,produce,2026-05-06,2026-05-12
Farmers Market Green Kiwi Fruit,Harris Teeter,2.0,produce,2026-06-03,2026-06-09
Farmers Market Green Kiwi Fruit,Harris Teeter,2.0,produce,2026-07-22,2026-07-28
"Farmers Market Green Kiwi Fruit, Large Lemons or Navel Oranges",Harris Teeter,2.0,produce,2026-04-22,2026-04-28
Farmers Market Extra Large Hass Avocados,Harris Teeter,5.0,produce,2026-05-13,2026-05-19
Farmers Market Extra Large Hass Avocados,Harris Teeter,4.99,produce,2026-05-20,2026-05-26
Farmers Market Honey Crisp Apples,Harris Teeter,3.49,produce,2026-04-22,2026-04-28
Farmers Market Honey Crisp Apples,Harris Teeter,2.99,produce,2026-05-06,2026-05-12
Farmers Market Honey Mangos,Harris Teeter,5.0,produce,2026-04-22,2026-04-28
Farmers Market Honeydew Melons,Harris Teeter,4.99,produce,2026-06-03,2026-06-09
Farmers Market Organic Hot House Cucumbers,Harris Teeter,5.0,produce,2026-04-22,2026-04-28
Farmers Market Organic Hot House Cucumbers,Harris Teeter,5.0,produce,2026-05-20,2026-05-26
Farmers Market Organic Hot House Cucumbers,Harris Teeter,5.0,produce,2026-06-03,2026-06-09
Farmers Market Organic Hothouse Cucumbers,Harris Teeter,5.0,produce,2026-06-10,2026-06-16
Farmers Market Organic Hothouse Cucumbers,Harris Teeter,1.29,produce,2026-07-22,2026-07-28
Farmers Market Jalapeno Peppers,Harris Teeter,1.99,produce,2026-04-29,2026-05-05
"Farmers Market Large Lemons, Navel Oranges or Green Kiwi Fruit",Harris Teeter,2.0,produce,2026-05-20,2026-05-26
Farmers Market Large Lemons or Navel Oranges,Harris Teeter,2.0,produce,2026-05-06,2026-05-12
Farmers Market Large Lemons or Navel Oranges,Harris Teeter,2.0,produce,2026-05-13,2026-05-19
Farmers Market Large Lemons or Navel Oranges,Harris Teeter,2.0,produce,2026-06-03,2026-06-09
Farmers Market Large Lemons or Navel Oranges,Harris Teeter,2.0,produce,2026-06-17,2026-06-23
Farmers Market Large Lemons or Navel Oranges,Harris Teeter,2.0,produce,2026-07-01,2026-07-07
Farmers Market Mangoes or Honey Mangos,Harris Teeter,5.0,produce,2026-04-29,2026-05-05
Farmers Market Mangos,Harris Teeter,5.0,produce,2026-05-06,2026-05-12
Farmers Market Matchstick Carrots,Harris Teeter,5.0,produce,2026-07-22,2026-07-28
Farmers Market Mini Seedless Cucumbers,Harris Teeter,5.0,produce,2026-05-13,2026-05-19
Farmers Market Mini Seedless Cucumbers,Harris Teeter,6.0,produce,2026-05-27,2026-06-02
Farmers Market Navel Oranges,Harris Teeter,2.0,produce,2026-07-22,2026-07-28
Farmers Market peeled Red Onions,Harris Teeter,2.99,produce,2026-05-13,2026-05-19
Farmers Market Peeled Red or White Onions,Harris Teeter,2.99,produce,2026-04-29,2026-05-05
Farmers Market Peeled Red or White Onions,Harris Teeter,2.5,produce,2026-07-01,2026-07-07
Farmers Market Personal Seedless Watermelon,Harris Teeter,4.99,produce,2026-04-22,2026-04-28
Farmers Market Personal Seedless Watermelon,Harris Teeter,2.99,produce,2026-05-20,2026-05-26
Farmers Market Personal Seedless Watermelon,Harris Teeter,2.99,produce,2026-07-22,2026-07-28
Farmers Market Personal Size Seedless Watermelon,Harris Teeter,2.99,produce,2026-06-03,2026-06-09
Farmers Market Personal Watermelon,Harris Teeter,2.99,produce,2026-05-27,2026-06-02
Farmers Market Pink Lady Apples,Harris Teeter,1.59,produce,2026-09-02,2026-09-08
Farmers Market Portobello Caps,Harris Teeter,6.0,produce,2026-05-27,2026-06-02
Farmers Market Portobello Caps,Harris Teeter,2.5,produce,2026-07-01,2026-07-07
Farmers Market Ref or Black Plums,Harris Teeter,2.99,produce,2026-06-17,2026-06-23
Farmers Market Seedless Watermelon,Harris Teeter,6.99,produce,2026-06-03,2026-06-09
Farmers Market Seedless Watermelon,Harris Teeter,2.99,produce,2026-06-17,2026-06-23
Farmers Market Seedless Whole Watermelon,Harris Teeter,4.99,produce,2026-05-20,2026-05-26
Farmers Market Seedless Whole Watermelon,Harris Teeter,3.99,produce,2026-07-01,2026-07-07
Farmers Market Seedless Whole Watermelon,Harris Teeter,5.0,produce,2026-07-22,2026-07-28
Farmers Market Seedless Whole Watermelon,Harris Teeter,3.99,produce,2026-09-02,2026-09-08
Farmers Market Sliced Baby Bella or Cremini Mushrooms,Harris Teeter,6.0,produce,2026-05-20,2026-05-26
Farmers Market Sliced Baby Bella or Cremini Mushrooms,Harris Teeter,3.99,produce,2026-06-03,2026-06-09
Farmers Market Sliced or Whole Portobello Mushrooms,Harris Teeter,6.0,produce,2026-06-17,2026-06-23
Farmers Market Sliced or Whole White Mushrooms,Harris Teeter,5.0,produce,2026-05-13,2026-05-19
Farmers Market Sliced Portobello or Portobello Caps,Harris Teeter,6.0,produce,2026-05-13,2026-05-19
Farmers Market Sliced Portobellos or Portobello Caps,Harris Teeter,6.0,produce,2026-04-22,2026-04-28
Farmers Market Sliced Portobellos or Portobello Caps,Harris Teeter,6.0,produce,2026-04-29,2026-05-05
Farmers Market Sliced Seedless Watermelon,Harris Teeter,1.99,produce,2026-06-03,2026-06-09
Farmers Market Spring Mix,Harris Teeter,5.0,produce,2026-09-02,2026-09-08
Farmers Market Stuffed Jalapenos,Harris Teeter,4.99,produce,2026-04-29,2026-05-05
Farmers Market Sweet Onions,Harris Teeter,1.49,produce,2026-05-13,2026-05-19
Farmers Market Sweet Onions,Harris Teeter,1.49,produce,2026-09-02,2026-09-08
Farmers Market Sweet Vidalia Onions,Harris Teeter,0.59,produce,2026-04-22,2026-04-28
Farmers Market Sweet Vidalia Onions,Harris Teeter,1.69,produce,2026-05-27,2026-06-02
Farmers Market Sweet Vidalia Onions,Harris Teeter,3.99,produce,2026-05-27,2026-06-02
Farmers Market Tree Ripe Peaches or Nectarines,Harris Teeter,3.99,produce,2026-06-10,2026-06-16
Farmers Market Vidalia Onions,Harris Teeter,1.69,produce,2026-05-20,2026-05-26
Farmers Market Vidalia Onions,Harris Teeter,1.69,produce,2026-06-17,2026-06-23
Farmers Market Vidalia Onions,Harris Teeter,1.79,produce,2026-07-01,2026-07-07
"Farmers Market Watermelon, Cantaloupe or Honeydew",Harris Teeter,4.99,produce,2026-05-06,2026-05-12
"Farmers Market Watermelon, Cantaloupe or Honeydew Chunks",Harris Teeter,5.0,produce,2026-06-03,2026-06-09
"Farmers Market Watermelon, Fruit Medley or Pineapple",Harris Teeter,5.0,produce,2026-05-27,2026-06-02
Farmers Market Whole or Sliced White Mushrooms,Harris Teeter,4.0,produce,2026-05-27,2026-06-02
Farmers Market Whole or Sliced White Mushrooms,Harris Teeter,4.0,produce,2026-06-10,2026-06-16
Farmers Market Whole or Sliced White Mushrooms,Harris Teeter,6.0,produce,2026-06-17,2026-06-23
Farmers Market Whole or Sliced White Mushrooms,Harris Teeter,4.0,produce,2026-09-02,2026-09-08
Farmers Market Whole Watermelons,Harris Teeter,6.99,produce,2026-06-17,2026-06-23
Farmers Market Yellow Onions,Harris Teeter,1.99,produce,2026-04-29,2026-05-05
Farmers Market Yellow Onions,Harris Teeter,1.99,produce,2026-05-27,2026-06-02
Farmers Market Yellow Onions,Harris Teeter,1.99,produce,2026-06-10,2026-06-16
Farmers Market Yellow Onions,Harris Teeter,1.99,produce,2026-07-01,2026-07-07
Farmers Market Yellow Onions,Harris Teeter,1.99,produce,2026-07-22,2026-07-28
Farmers Market Yellow or Zucchihi Squash,Harris Teeter,1.99,produce,2026-04-22,2026-04-28
Farmers Market Yellow or Zucchini Squash,Harris Teeter,1.99,produce,2026-05-20,2026-05-26
Farmers Market Yellow or Zucchini Squash,Harris Teeter,1.99,produce,2026-05-27,2026-06-02
Farmers Market Yellow Squash or Zucchini,Harris Teeter,1.99,produce,2026-09-02,2026-09-08
Farmers Market Yukon Gold Potatoes,Harris Teeter,5.99,produce,2026-09-02,2026-09-08
Fresh Foods Market 12 inch Decorated Message Cookies,Harris Teeter,10.99,produce,2026-05-06,2026-05-12
Fresh Foods Market Corn Bread,Harris Teeter,5.99,produce,2026-04-22,2026-04-28
Fresh Foods Market Decorated Message Cookie,Harris Teeter,11.99,produce,2026-05-13,2026-05-19
Fresh Foods Market Decorated Message Cookie,Harris Teeter,11.99,produce,2026-05-27,2026-06-02
Fresh Foods Market Decorated Message Cookie,Harris Teeter,11.99,produce,2026-06-03,2026-06-09
Fresh Foods Market Decorated Message Cookie,Harris Teeter,11.99,produce,2026-06-10,2026-06-16
Fresh Foods Market Decorated Message Cookie,Harris Teeter,11.99,produce,2026-06-17,2026-06-23
Fresh Foods Market Fried Popcorn Chicken,Harris Teeter,5.0,produce,2026-09-02,2026-09-08
Fresh Foods Market 9 inch Decorated Message Cookie,Harris Teeter,8.99,produce,2026-09-02,2026-09-08
Organic Fuji or Pink Lady Apples,Harris Teeter,2.99,produce,2026-04-22,2026-05-19
Organic 1 lb. Ginger Root or 6 oz. Turmeric Root,Harris Teeter,4.99,produce,2026-06-17,2026-07-14
Organic 1 lb. Ginger Root or 6 oz. Turmeric Root,Harris Teeter,4.99,produce,2026-07-15,2026-08-11
GoGo Squeez Applesauce,Harris Teeter,14.99,produce,2026-05-27,2026-06-02
GoGo Squeez Applesauce Pouches,Harris Teeter,9.49,produce,2026-04-22,2026-04-28
Organic Gold Kiwi,Harris Teeter,5.99,produce,2026-05-20,2026-06-16
Organic Gold Kiwi,Harris Teeter,5.99,produce,2026-06-10,2026-06-16
Organic Gold Kiwi,Harris Teeter,5.99,produce,2026-07-15,2026-08-11
Gold or Red Kiwi,Harris Teeter,5.99,produce,2026-05-06,2026-05-12
Green Giant Sliced Carrots,Harris Teeter,1.79,produce,2026-05-27,2026-06-02
Organic Green Kiwi,Harris Teeter,4.99,produce,2026-07-15,2026-08-11
Harmless Harvest Organic Coconut Water,Harris Teeter,4.99,produce,2026-05-13,2026-05-19
Harris Teeter Applesauce Cups,Harris Teeter,5.0,produce,2026-05-27,2026-06-02
Harris Teeter Applesauce Cups Fruit Cups or,Harris Teeter,4.0,produce,2026-06-17,2026-06-23
6 pk. Harris Teeter applesauce or 4 pk. Fruit Cups,Harris Teeter,4.0,produce,2026-05-13,2026-05-19
6 pk. Harris Teeter applesauce or 4 pk. Fruit Cups,Harris Teeter,5.0,produce,2026-05-20,2026-05-26
Harris Teeter Apricot Halves,Harris Teeter,1.99,produce,2026-07-22,2026-07-28
Harris Teeter Avocado Oil,Harris Teeter,12.99,produce,2026-04-22,2026-04-28
Harris Teeter Avocado Oil,Harris Teeter,12.99,produce,2026-07-01,2026-07-07
"Harris Teeter Carrots, Potatoes or Specialty Can Vegetables",Harris Teeter,5.0,produce,2026-07-01,2026-07-07
7 oz. Harris Teeter Chipotle Peppers in Adobo Sauce or 15 oz Lime Juice,Harris Teeter,1.79,produce,2026-04-29,2026-05-05
Harris Teeter Chunk Pineapple,Harris Teeter,5.0,produce,2026-06-10,2026-06-16
Harris Teeter Cinnamon Applesauce Pouches,Harris Teeter,7.89,produce,2026-06-17,2026-07-14
Harris Teeter Cut Green Beans,Harris Teeter,4.0,produce,2026-04-29,2026-05-05
Harris Teeter Garlic Texas Toast,Harris Teeter,5.0,produce,2026-05-13,2026-05-19
Harris Teeter Green Beans,Harris Teeter,5.0,produce,2026-04-22,2026-04-28
Harris Teeter Green Beans or Carrots,Harris Teeter,4.0,produce,2026-06-03,2026-06-09
Harris Teeter Hatch Chile or Jalapeno Kettle Chips,Harris Teeter,5.0,produce,2026-05-27,2026-06-02
Harris Teeter Hatch Chile or Jalapeno Kettle Cooked Chips,Harris Teeter,5.0,produce,2026-05-27,2026-06-02
Harris Teeter Lemonades,Harris Teeter,5.0,produce,2026-07-22,2026-07-28
Harris Teeter Peach Slices,Harris Teeter,5.0,produce,2026-04-22,2026-04-28
Harris Teeter Peaches or Lite Fruit Cocktail,Harris Teeter,5.0,produce,2026-04-22,2026-05-19
Harris Teeter Raspberry Lemonade,Harris Teeter,5.0,produce,2026-04-22,2026-04-28
Harris Teeter Raspberry Lemonade,Harris Teeter,2.99,produce,2026-06-17,2026-07-14
Harris Teeter Refined Coconut Oil,Harris Teeter,7.99,produce,2026-05-06,2026-05-12
Harris Teeter Roasted Garlic Alfredo Sauce,Harris Teeter,2.69,produce,2026-06-17,2026-07-14
Harris Teeter Sliced Peaches,Harris Teeter,3.0,produce,2026-05-13,2026-05-19
Harris Teeter Sliced Peaches,Harris Teeter,5.0,produce,2026-05-27,2026-06-02
Harris Teeter Sliced Peaches,Harris Teeter,5.0,produce,2026-09-02,2026-09-08
Harris Teeter Strawberry Daiquiri Mix,Harris Teeter,6.0,produce,2026-06-17,2026-07-14
Harris Teeter Strawberry Toaster Pastry,Harris Teeter,1.79,produce,2026-04-22,2026-05-19
46 oz. Harris Teeter Whole Kosher Dills or 32 oz. Hamburger Dill Chips,Harris Teeter,6.0,produce,2026-04-22,2026-04-28
Heluva Good! French Onion Dip,Harris Teeter,5.0,produce,2026-07-01,2026-07-07
Organic Hot House Cucumbers,Harris Teeter,5.0,produce,2026-04-22,2026-05-19
Organic Hothouse Cucumbers,Harris Teeter,5.0,produce,2026-05-20,2026-06-16
Organic Hothouse Cucumbers,Harris Teeter,5.0,produce,2026-06-17,2026-07-14
Organic Hothouse Cucumbers,Harris Teeter,5.0,produce,2026-07-15,2026-08-11
Organic Hothouse Cucumbers,Harris Teeter,5.0,produce,2026-08-12,2026-09-08
HT Traders Artichokes,Harris Teeter,2.99,produce,2026-06-03,2026-06-09
HT Traders Basil Pesto,Harris Teeter,6.99,produce,2026-06-17,2026-07-14
HT Traders Black Bean Sweet Corn Relish Salsa,Harris Teeter,3.99,produce,2026-05-20,2026-05-26
HT Traders Jalapeno Corn Chowder,Harris Teeter,7.0,produce,2026-05-13,2026-05-19
HT Traders Mango Mariachi Salsa,Harris Teeter,3.99,produce,2026-06-17,2026-06-23
Idahoan Family Size Instant Potatoes,Harris Teeter,5.0,produce,2026-07-22,2026-07-28
Italian Batard or Rosemary Boule,Harris Teeter,4.49,produce,2026-05-13,2026-05-19
"Kettle, Air Fried & Avocado Oil Chips or Late July Tortilla",Harris Teeter,7.0,produce,2026-05-13,2026-05-19
Kettle Air Fried & Avocado Oil or Late July Tortillas,Harris Teeter,7.0,produce,2026-05-06,2026-05-12
"Kettle Air Fried, Kettle Avocado Oil or Late July Chips",Harris Teeter,8.0,produce,2026-06-17,2026-06-23
Key Lime Pie,Harris Teeter,8.99,produce,2026-05-20,2026-05-26
Key Lime Pie,Harris Teeter,8.99,produce,2026-06-10,2026-06-16
Key Lime Pie,Harris Teeter,8.99,produce,2026-07-01,2026-07-07
Lemon Perfect,Harris Teeter,5.0,produce,2026-05-20,2026-05-26
Lemon Perfect,Harris Teeter,5.0,produce,2026-06-10,2026-06-16
Lemon Perfect Organic Lemon Water,Harris Teeter,5.0,produce,2026-04-29,2026-05-05
Farmers Market Romaine Hearts,Harris Teeter,3.99,produce,2026-05-13,2026-05-19
Farmers Market Premium or Hearts of Romaine,Harris Teeter,5.0,produce,2026-05-13,2026-05-19
Farmers Market Romaine Hearts,Harris Teeter,3.99,produce,2026-05-20,2026-05-26
Fresh Express Shreds Iceberg Lettuce,Harris Teeter,2.5,produce,2026-07-01,2026-07-07
Lolli Seedless Peppers or Pop its Cucumber,Harris Teeter,7.0,produce,2026-05-27,2026-06-02
Love Corn Crunchy Corn,Harris Teeter,1.0,produce,2026-07-15,2026-08-11
Love Corn Crunchy Corn Snack,Harris Teeter,1.0,produce,2026-06-17,2026-07-14
Mayer Bros Lemonade,Harris Teeter,3.49,produce,2026-04-22,2026-04-28
Mayer Bros Lemonade,Harris Teeter,3.99,produce,2026-05-20,2026-05-26
McCain Frozen Potatoes,Harris Teeter,2.99,produce,2026-05-20,2026-05-26
McCain Frozen Potatoes,Harris Teeter,7.0,produce,2026-06-03,2026-06-09
McCain Frozen Potatoes,Harris Teeter,2.99,produce,2026-06-17,2026-06-23
"9"" Message Cookie",Harris Teeter,8.99,produce,2026-07-01,2026-07-07
Mike's Hard Lemonade,Harris Teeter,8.99,produce,2026-09-02,2026-09-08
Mini Seedless Cucumbers,Harris Teeter,5.0,produce,2026-07-01,2026-07-07
Minute Maid or Simply Lemonade or Gold Peak Tea,Harris Teeter,4.0,produce,2026-05-20,2026-05-26
Minute Maid or Simply Lemonade or Gold Peak Tea,Harris Teeter,4.0,produce,2026-07-01,2026-07-07
Minute Maid or Simply Lemonade or Gold Peak Tea,Harris Teeter,4.0,produce,2026-09-02,2026-09-08
Nature's Bakery Fig Bars,Harris Teeter,4.79,produce,2026-05-06,2026-05-12
Nature's Bakery Fig Bars,Harris Teeter,7.0,produce,2026-06-03,2026-06-09
Simply Orange Juice,Harris Teeter,2.99,produce,2026-04-22,2026-04-28
Harris Teeter Lite Orange Juice,Harris Teeter,4.49,produce,2026-04-22,2026-04-28
Farmers Market yellow Orange or Red Bell Peppers,Harris Teeter,5.0,produce,2026-04-22,2026-04-28
Farmers Market Mandarins,Harris Teeter,5.99,produce,2026-05-06,2026-05-12
Tropicana Orange Juice,Harris Teeter,7.0,produce,2026-05-06,2026-05-12
"Farmers Market Yellow, Orange or Red Bell Peppers",Harris Teeter,5.0,produce,2026-05-06,2026-05-12
Farmers Market Fresh Orange Juice,Harris Teeter,6.99,produce,2026-05-06,2026-05-12
Florida's Natural Orange Juice,Harris Teeter,8.0,produce,2026-05-13,2026-05-19
Harris Teeter Orange Cream Bars,Harris Teeter,3.99,produce,2026-05-20,2026-06-16
Simply Orange Juice,Harris Teeter,8.0,produce,2026-05-20,2026-05-26
"Farmers Market Yellow, Orange or Red Bell Peppers",Harris Teeter,1.79,produce,2026-05-20,2026-05-26
Farmers Market Fresh Orange Juice,Harris Teeter,4.99,produce,2026-05-27,2026-06-02
"Farmers Market Yellow, Orange or Red Bell Peppers",Harris Teeter,1.79,produce,2026-05-27,2026-06-02
Tropicana Orange Juice,Harris Teeter,7.0,produce,2026-06-03,2026-06-09
Harris Teeter Premium Orange Juice,Harris Teeter,8.0,produce,2026-06-10,2026-06-16
"Farmers Market Red, Yellow or Orange Bell Peppers",Harris Teeter,1.79,produce,2026-06-10,2026-06-16
"Farmers Market Red, Yellow or Orange Bell Peppers",Harris Teeter,5.0,produce,2026-06-17,2026-06-23
Simply Orange Juice,Harris Teeter,3.47,produce,2026-07-01,2026-07-07
"Farmers Market Orange, Yellow or Red Bell Pepper",Harris Teeter,1.79,produce,2026-07-01,2026-07-07
Harris Teeter Mandarin Oranges Fruit Cups,Harris Teeter,7.79,produce,2026-07-15,2026-08-11
Farmers Market Mandarin Oranges,Harris Teeter,4.99,produce,2026-09-02,2026-09-08
Tropicana Orange Juice,Harris Teeter,7.0,produce,2026-09-02,2026-09-08
Ore-Ida Frozen Potatoes,Harris Teeter,4.49,produce,2026-05-06,2026-05-12
Ore-Ida Frozen Potatoes,Harris Teeter,7.0,produce,2026-07-01,2026-07-07
Ore-Ida Frozen Potatoes,Harris Teeter,7.0,produce,2026-09-02,2026-09-08
Owen's Craft Mixers Classic Lemonade Mixer,Harris Teeter,5.49,produce,2026-07-15,2026-08-11
Farmers Market Bulk Russet Potatoes,Harris Teeter,0.99,produce,2026-04-22,2026-04-28
Harris Teeter Potato Chips,Harris Teeter,4.0,produce,2026-04-22,2026-04-28
Farmers Market Red Potatoes,Harris Teeter,3.99,produce,2026-04-29,2026-05-05
Farmers Market Russet Potatoes,Harris Teeter,4.99,produce,2026-05-06,2026-05-12
Farmers Market Sweet Potatoes,Harris Teeter,1.29,produce,2026-05-13,2026-05-19
Harris Teeter Potato Chips,Harris Teeter,4.0,produce,2026-05-13,2026-05-19
Harris Teeter Potato Chips,Harris Teeter,4.0,produce,2026-05-20,2026-05-26
Frito Lay Multipack Potato Chips,Harris Teeter,10.99,produce,2026-05-20,2026-05-26
Farmers Market Red Potatoes,Harris Teeter,4.99,produce,2026-05-20,2026-05-26
Farmers Market Sweet Potatoes,Harris Teeter,1.29,produce,2026-05-27,2026-06-02
"Farmers Market Steamable Golden, Red or Sweet Potatoes",Harris Teeter,2.99,produce,2026-05-27,2026-06-02
Pringles Potato Crisps,Harris Teeter,1.47,produce,2026-06-03,2026-06-09
Farmers Market Russet Potatoes,Harris Teeter,5.99,produce,2026-06-03,2026-06-09
Harris Teeter Potato Chips,Harris Teeter,5.0,produce,2026-06-03,2026-06-09
Simple Truth Sweet Potato Chips,Harris Teeter,5.0,produce,2026-06-03,2026-06-09
Potato Scallion Loaf,Harris Teeter,4.99,produce,2026-06-10,2026-06-16
Farmers Market Russet Potatoes,Harris Teeter,5.99,produce,2026-06-10,2026-06-16
Simple Truth Organic Sweet Potato Dices,Harris Teeter,3.19,produce,2026-06-17,2026-07-14
Harris Teeter Potato Chips,Harris Teeter,5.0,produce,2026-06-17,2026-06-23
Farmers Market Red Potatoes,Harris Teeter,4.99,produce,2026-07-01,2026-07-07
Pringles Potato Crisps,Harris Teeter,1.47,produce,2026-07-01,2026-07-07
"Fresh Foods Market Cole Slaw, Potato Salad or Macaroni Salad",Harris Teeter,6.99,produce,2026-07-22,2026-07-28
Primal Kitchen Chipotle Lime or Garlic Aioli Mayonnaise,Harris Teeter,5.99,produce,2026-05-27,2026-06-02
Private Selection Artichoke Hearts,Harris Teeter,4.0,produce,2026-05-06,2026-05-12
Private Selection Basil Pesto,Harris Teeter,4.49,produce,2026-05-13,2026-05-19
Private Selection Basil Pesto Alfredo,Harris Teeter,2.99,produce,2026-05-06,2026-05-12
Private Selection Petite Potatoes,Harris Teeter,3.99,produce,2026-06-17,2026-06-23
Rainbow Bell Peppers,Harris Teeter,3.99,produce,2026-04-22,2026-04-28
Reese Artichoke Hearts,Harris Teeter,3.99,produce,2026-06-17,2026-07-14
Simple Truth Organic Avocado Oil,Harris Teeter,8.49,produce,2026-05-20,2026-05-26
Simple Truth Organic Avocado Oil,Harris Teeter,15.99,produce,2026-09-02,2026-09-08
Simple Truth Avocado Oil Cooking Spray,Harris Teeter,4.49,produce,2026-04-22,2026-04-28
Simple Truth Organic Baby Carrots,Harris Teeter,4.0,produce,2026-06-17,2026-07-14
Simple Truth Organic Baby Carrots,Harris Teeter,4.0,produce,2026-08-12,2026-09-08
"Simple Truth Organic Baby Spinach, Arugula or Spring Mix",Harris Teeter,3.99,produce,2026-06-17,2026-07-14
"Simple Truth Organic Baby Spinach, Arugula or Spring Mix",Harris Teeter,3.99,produce,2026-08-12,2026-09-08
"Simple Truth Organic Baby Spinach, 50/50 Blend or Spring Mix",Harris Teeter,6.99,produce,2026-05-20,2026-06-16
Simple Truth Organic Basil,Harris Teeter,4.99,produce,2026-04-22,2026-04-28
Simple Truth Organic Basil,Harris Teeter,4.99,produce,2026-04-22,2026-05-19
Simple Truth Organic Bell Peppers,Harris Teeter,3.99,produce,2026-04-22,2026-04-28
Simple Truth Organic Bell Peppers,Harris Teeter,4.49,produce,2026-05-20,2026-06-16
Simple Truth Organic Broccoli,Harris Teeter,7.0,produce,2026-04-22,2026-05-19
Simple Truth Organic Coconut Water,Harris Teeter,5.0,produce,2026-05-13,2026-05-19
Simple Truth Organic Coconut Water,Harris Teeter,12.99,produce,2026-05-20,2026-05-26
10.5 oz. Simple Truth Organic Cream of Mushroom Soup or 32 oz. Broth,Harris Teeter,5.0,produce,2026-04-29,2026-05-05
Simple Truth Organic Fuji Apples,Harris Teeter,4.99,produce,2026-06-17,2026-07-14
Simple Truth Organic Gala Apples,Harris Teeter,4.99,produce,2026-08-12,2026-09-08
Simple Truth Organic Garlic,Harris Teeter,5.0,produce,2026-07-15,2026-08-11
Simple Truth Organic Herbs,Harris Teeter,4.0,produce,2026-06-10,2026-06-16
Simple Truth Organic Honeycrisp Apples,Harris Teeter,6.99,produce,2026-08-12,2026-09-08
Simple Truth Organic Mini Cucumber,Harris Teeter,3.49,produce,2026-08-12,2026-09-08
Simple Truth Organic Mini Cucumbers,Harris Teeter,3.49,produce,2026-05-20,2026-06-16
"Simple Truth Organic Mint, Cilantro or Rosemary",Harris Teeter,4.0,produce,2026-04-22,2026-05-19
Simple Truth Organic Oranges,Harris Teeter,7.99,produce,2026-04-22,2026-05-19
Simple Truth Organic Peaches or Nectarines,Harris Teeter,7.99,produce,2026-06-17,2026-07-14
Simple Truth Organic Peas and Carrots,Harris Teeter,3.19,produce,2026-07-15,2026-08-11
Simple Truth Organic Pink Lady or Fuji Apples,Harris Teeter,4.99,produce,2026-07-15,2026-08-11
Simple Truth Organic Pink Lady or Granny Smith Apples,Harris Teeter,4.99,produce,2026-05-20,2026-06-16
Simple Truth Organic Pink Lady or Granny Smith Apples,Harris Teeter,4.99,produce,2026-06-03,2026-06-09
Simple Truth Organic Pink Lady or Granny Smith Apples,Harris Teeter,4.99,produce,2026-06-10,2026-06-16
Simple Truth Protein Mini Blueberry Pancakes,Harris Teeter,5.99,produce,2026-05-20,2026-06-16
"Simple Truth Organic Rosemary, Mint, Basil and Cilantro",Harris Teeter,4.0,produce,2026-05-20,2026-06-16
Simple Truth Organic Sliced Jalapenos,Harris Teeter,2.69,produce,2026-04-29,2026-05-05
Simple Truth Organic Spicy Jalapeno Hummus,Harris Teeter,2.99,produce,2026-05-13,2026-05-19
"Simple Truth Organic Spring Mix, Baby Spinach or 50/50 Blend",Harris Teeter,6.99,produce,2026-07-15,2026-08-11
Simple Truth Organic Unsweet Applesauce,Harris Teeter,6.0,produce,2026-04-29,2026-05-05
Simple Truth Organic Unsweetened Applesauce,Harris Teeter,9.99,produce,2026-07-15,2026-08-11
Simple Truth Organic Vidalia Onions,Harris Teeter,3.99,produce,2026-04-22,2026-04-28
Simple Truth Organic Vidalia Onions,Harris Teeter,3.99,produce,2026-04-22,2026-05-19
Simple Truth Organic Vidalia Onions,Harris Teeter,3.49,produce,2026-05-20,2026-06-16
Simple Truth Organic Vidalia Onions,Harris Teeter,3.49,produce,2026-06-10,2026-06-16
Simple Truth Organic Vidalia Onions,Harris Teeter,3.49,produce,2026-06-17,2026-07-14
Simple Truth Organic White Mushrooms,Harris Teeter,7.0,produce,2026-04-22,2026-04-28
Simple Truth Organic White Mushrooms,Harris Teeter,7.0,produce,2026-04-22,2026-05-19
Simple Truth Organic White Mushrooms,Harris Teeter,7.0,produce,2026-05-20,2026-06-16
Simple Truth Organic White Mushrooms,Harris Teeter,7.0,produce,2026-06-17,2026-07-14
Simple Truth Organic White or Baby Bella Mushrooms,Harris Teeter,7.0,produce,2026-05-06,2026-05-12
"Simply Lemonade, Minute Maid Lemonade or Gold Peak Tea",Harris Teeter,5.0,produce,2026-05-06,2026-05-12
Sliced Seedless Watermelon,Harris Teeter,1.99,produce,2026-05-20,2026-05-26
Snapple,Harris Teeter,4.0,produce,2026-05-20,2026-05-26
State Fair Corn Dogs,Harris Teeter,9.0,produce,2026-06-17,2026-06-23
State Fair Mini Corn Dogs,Harris Teeter,7.99,produce,2026-07-01,2026-07-07
Stauffer's Lemon or Ginger Snaps,Harris Teeter,5.0,produce,2026-04-29,2026-05-05
Strawberry Mojito Bouquet,Harris Teeter,12.99,produce,2026-05-13,2026-05-19
Sunset Rainbow Bell Peppers,Harris Teeter,4.49,produce,2026-07-22,2026-07-28
Tasteful Potatoes,Harris Teeter,7.0,produce,2026-06-17,2026-06-23
Harris Teeter Crushed Peeled Tomatoes,Harris Teeter,5.0,produce,2026-04-22,2026-04-28
Farmers Market Organic Roma Tomatoes,Harris Teeter,3.49,produce,2026-04-22,2026-04-28
Farmers Market Grape Tomatoes,Harris Teeter,1.99,produce,2026-04-22,2026-04-28
Farmers Market Bulk Tomatoes,Harris Teeter,1.99,produce,2026-04-22,2026-04-28
Tote Organic Roma Tomatoes,Harris Teeter,3.49,produce,2026-04-22,2026-05-19
Farmers Market Red Roma Tomatoes,Harris Teeter,1.99,produce,2026-04-29,2026-05-05
2.25 oz. Harris Teeter Sliced Olives or 14.5 oz Hunt's or 10 oz Rotel Tomatoes,Harris Teeter,5.0,produce,2026-04-29,2026-05-05
Sunset Flavor Bomb Tomatoes,Harris Teeter,3.99,produce,2026-04-29,2026-05-05
Muir Glen Tomatoes or Tomato Paste Tube,Harris Teeter,6.0,produce,2026-05-06,2026-05-12
Sunset Flavor Bombs Tomatoes,Harris Teeter,4.99,produce,2026-05-13,2026-05-19
Harris Teeter Fire Roasted Diced Tomatoes,Harris Teeter,3.0,produce,2026-05-13,2026-05-19
Farmers Market Pint Grape Tomatoes,Harris Teeter,6.0,produce,2026-05-20,2026-05-26
Pluck'd Preemos Tomatoes on the Vine,Harris Teeter,5.99,produce,2026-05-20,2026-05-26
Hunt's or Rotel Tomatoes,Harris Teeter,5.0,produce,2026-05-20,2026-05-26
14.5 oz. Simple Truth Organic Green Beans or 14.5 - 15 oz. Diced Tomatoes,Harris Teeter,5.0,produce,2026-05-20,2026-05-26
Classico Tomato & Basil Pasta Sauce,Harris Teeter,5.99,produce,2026-05-20,2026-05-26
Farmers Market Bulk Hot House Tomatoes,Harris Teeter,1.99,produce,2026-05-20,2026-05-26
Farmers Market Pint Grape Tomatoes,Harris Teeter,2.99,produce,2026-05-27,2026-06-02
Private Selection San Marzano Tomatoes,Harris Teeter,2.49,produce,2026-05-27,2026-06-02
"Farmers Market Diced Yellow Onions, Green Peppers, Roma Tomatoes or Red Onions",Harris Teeter,5.0,produce,2026-05-27,2026-06-02
Pluck'd Preemos Tomatoes on the Vine,Harris Teeter,5.99,produce,2026-05-27,2026-06-02
Harris Teeter 6o Second Pasta or 28 oz. Tomatoes,Harris Teeter,5.0,produce,2026-05-27,2026-06-02
Sunset Tomatoes,Harris Teeter,5.0,produce,2026-06-03,2026-06-09
Farmers Market Hot House Tomatoes,Harris Teeter,1.99,produce,2026-06-03,2026-06-09
Flavor Bomb Tomatoes,Harris Teeter,4.99,produce,2026-06-10,2026-06-16
Farmers Market Bulk Hot House Tomatoes,Harris Teeter,1.99,produce,2026-06-17,2026-06-23
10 oz. Hunt's or 14.5 - 15 oz. Rotel Can Tomatoes,Harris Teeter,5.0,produce,2026-07-01,2026-07-07
Farmers Market Bulk Hothouse Tomatoes,Harris Teeter,1.99,produce,2026-07-01,2026-07-07
Simple Truth Organic Tomatoes,Harris Teeter,4.0,produce,2026-07-01,2026-07-07
The Crimson Slicing Tomatoes,Harris Teeter,2.5,produce,2026-07-01,2026-07-07
NatureSweet Organic Grape Tomatoes,Harris Teeter,5.49,produce,2026-07-15,2026-08-11
Campbell's Tomato or Chicken Noodle Soup,Harris Teeter,5.0,produce,2026-09-02,2026-09-08
Simple Truth Organic Tomato Sauce,Harris Teeter,5.0,produce,2026-09-02,2026-09-08
Farmers Market Hot House Beefsteak Tomatoes,Harris Teeter,1.99,produce,2026-09-02,2026-09-08
Harris Teeter Tomato Paste Tube,Harris Teeter,5.0,produce,2026-09-02,2026-09-08
Sunset Bomb Squad or Sugar Bomb Tomatoes,Harris Teeter,4.99,produce,2026-09-02,2026-09-08
10 oz Rotel or 14.5 - 15 oz Hunt's Tomatoes,Harris Teeter,5.0,produce,2026-09-02,2026-09-08
NatureSweet Organic Grape Tomatoes,Harris Teeter,5.49,produce,2026-08-12,2026-09-08
Tree Top applesauce Pouches,Harris Teeter,7.49,produce,2026-04-22,2026-04-28
Uncle Matt's Organic Lemonade,Harris Teeter,3.99,produce,2026-05-20,2026-05-26
Uncle Matt's Organic Lemonade,Harris Teeter,3.99,produce,2026-07-01,2026-07-07
VitaCoco Coconut Water,Harris Teeter,4.0,produce,2026-06-03,2026-06-09
White Asparagus Spears,Harris Teeter,4.99,produce,2026-06-17,2026-07-14
Zucchini or Yellow Squash,Harris Teeter,2.99,produce,2026-07-15,2026-08-11
Zucchini or Yellow Squash,Harris Teeter,2.99,produce,2026-08-12,2026-09-08
Artisan Rosemary Sea Salt Pugliese Loaf,Lowes Foods,4.99,produce,2026-04-22,2026-04-28
Artisan Rosemary Sea Salt Pugliese Loaf,Lowes Foods,4.99,produce,2026-05-27,2026-06-02
Banana Boat & Hawaiian Tropic Sunscreen,Lowes Foods,11.99,produce,2026-07-01,2026-07-07
Birds Eye Steamfresh Vegetables,Lowes Foods,6.0,produce,2026-05-06,2026-05-12
Birds Eye Steamfresh Vegetables,Lowes Foods,10.0,produce,2026-07-22,2026-07-28
"Fresh Blackberries 6 oz plump sweet , Blueberries pint sweet , Fresh Raspberries 6 oz red ripe",Lowes Foods,9.99,produce,2026-07-01,2026-07-07
Bloomin' Strawberry 'n Creme Mousse Cake,Lowes Foods,14.99,produce,2026-05-06,2026-05-12
Bota Box or Summit 3 liter Lina's Lemoncello 750 ml,Lowes Foods,16.88,produce,2026-04-22,2026-04-28
Bubba Burger Original or Vidalia Onion,Lowes Foods,12.99,produce,2026-09-02,2026-09-08
Bubba Burgers Original or Vidalia Onion,Lowes Foods,12.99,produce,2026-05-20,2026-05-26
Fresh Cantaloupes,Lowes Foods,3.99,produce,2026-04-29,2026-05-05
Fresh Cantaloupes,Lowes Foods,3.99,produce,2026-05-06,2026-05-12
Fresh Cantaloupes,Lowes Foods,3.99,produce,2026-05-27,2026-06-02
Fresh Cantaloupes,Lowes Foods,3.99,produce,2026-06-03,2026-06-09
Fresh Cantaloupes,Lowes Foods,3.99,produce,2026-06-10,2026-06-16
Fresh Cantaloupes,Lowes Foods,3.99,produce,2026-07-01,2026-07-07
CAROLINA GROWN YELLOW PEACHES,Lowes Foods,1.79,produce,2026-07-22,2026-07-28
Cilantro,Lowes Foods,1.29,produce,2026-04-29,2026-05-05
Coconut Flurry Cake,Lowes Foods,13.99,produce,2026-04-29,2026-05-05
Kellogg's Large Size Cereal,Lowes Foods,4.0,produce,2026-04-22,2026-04-28
Lowes Foods Granola,Lowes Foods,3.99,produce,2026-04-22,2026-04-28
"General Mills Granola Bars, Fruit Snacks or Mid Size Cereal",Lowes Foods,1.99,produce,2026-04-29,2026-05-05
Kellogg's Giant Size Cereal,Lowes Foods,3.99,produce,2026-04-29,2026-05-05
Nature Valley Granola Bars,Lowes Foods,6.0,produce,2026-05-06,2026-05-12
Post Giant Size Cereal,Lowes Foods,4.49,produce,2026-05-06,2026-05-12
Lowes Foods Oats,Lowes Foods,3.99,produce,2026-05-06,2026-05-12
Special K Cereal,Lowes Foods,7.0,produce,2026-05-13,2026-05-19
Lowes Foods Organic Oats,Lowes Foods,3.99,produce,2026-05-13,2026-05-19
Post Cereal,Lowes Foods,6.0,produce,2026-05-20,2026-05-26
Quaker Chewy Granola Bars,Lowes Foods,7.99,produce,2026-05-27,2026-06-02
Lowes Foods Oats,Lowes Foods,3.99,produce,2026-06-03,2026-06-09
Post Large Size Cereal,Lowes Foods,8.0,produce,2026-06-17,2026-06-23
Post Premier Protein Cereal,Lowes Foods,9.0,produce,2026-07-01,2026-07-07
Kellogg's Cereal,Lowes Foods,7.0,produce,2026-07-22,2026-07-28
Nature Valley Granola,Lowes Foods,7.0,produce,2026-07-22,2026-07-28
Corn Tops,Lowes Foods,4.99,produce,2026-04-22,2026-04-28
Corn Tops,Lowes Foods,4.99,produce,2026-06-03,2026-06-09
Corn Tops,Lowes Foods,4.99,produce,2026-07-22,2026-07-28
Decorated Message Cookie,Lowes Foods,14.49,produce,2026-05-06,2026-05-12
Decorated Message Cookie,Lowes Foods,14.49,produce,2026-05-20,2026-05-26
Decorated Message Cookie,Lowes Foods,14.49,produce,2026-06-17,2026-06-23
Decorated Message Cookie,Lowes Foods,14.49,produce,2026-07-01,2026-07-07
Decorated Message Cookie,Lowes Foods,14.99,produce,2026-09-02,2026-09-08
Dr Pepper Creamy Coconut,Lowes Foods,5.0,produce,2026-05-06,2026-05-12
Dr Pepper Creamy Coconut,Lowes Foods,5.0,produce,2026-05-13,2026-05-19
Dr Pepper Creamy Coconut,Lowes Foods,5.0,produce,2026-05-20,2026-05-26
Eastern Peaches,Lowes Foods,0.89,produce,2026-05-20,2026-05-26
Fresh Express Salad Mix,Lowes Foods,5.99,produce,2026-05-13,2026-05-19
Fresh Express Family Size Salad Mix,Lowes Foods,4.99,produce,2026-04-29,2026-05-05
Fresh Express Spinach,Lowes Foods,2.99,produce,2026-05-20,2026-05-26
Fig Newtons,Lowes Foods,7.0,produce,2026-06-10,2026-06-16
Food Club Dill Pickle Chips,Lowes Foods,1.79,produce,2026-05-20,2026-05-26
Food Club Dill Pickle Chips,Lowes Foods,1.79,produce,2026-05-27,2026-06-02
Food Club Dill Pickle Relish,Lowes Foods,1.49,produce,2026-04-29,2026-05-05
Food Club Dill Pickle Relish,Lowes Foods,1.49,produce,2026-05-06,2026-05-12
Food Club Dill Pickle Relish,Lowes Foods,1.49,produce,2026-06-10,2026-06-16
Food Club Dill Pickle Relish,Lowes Foods,1.49,produce,2026-06-17,2026-06-23
Foster Farms Corn Dogs,Lowes Foods,7.99,produce,2026-05-27,2026-06-02
GoGo Squeez Applesauce,Lowes Foods,6.99,produce,2026-05-20,2026-05-26
GoGo Squeez On The Go Applesauce,Lowes Foods,3.49,produce,2026-05-06,2026-05-12
GoGo Squeez On The Go Applesauce,Lowes Foods,6.99,produce,2026-05-27,2026-06-02
Jumbo Gold Ripe Pineapple,Lowes Foods,4.0,produce,2026-06-03,2026-06-09
Jumbo Gold Ripe Pineapple,Lowes Foods,3.99,produce,2026-06-10,2026-06-16
Jumbo Gold Ripe Pineapples,Lowes Foods,3.99,produce,2026-04-22,2026-04-28
Green Beans,Lowes Foods,2.99,produce,2026-04-22,2026-04-28
Green Beans,Lowes Foods,3.49,produce,2026-06-03,2026-06-09
Green Bell Peppers,Lowes Foods,1.19,produce,2026-05-13,2026-05-19
Grown in Idaho Potatoes,Lowes Foods,3.99,produce,2026-05-06,2026-05-12
Hass Avocados,Lowes Foods,0.99,produce,2026-04-29,2026-05-05
Hass Avocados,Lowes Foods,1.99,produce,2026-06-10,2026-06-16
Idahoan Instant Potatoes,Lowes Foods,4.0,produce,2026-04-22,2026-04-28
Key Lime Mojito Cake,Lowes Foods,24.99,produce,2026-07-01,2026-07-07
Key Lime Pie,Lowes Foods,11.99,produce,2026-05-27,2026-06-02
Key Lime Pie,Lowes Foods,11.99,produce,2026-06-17,2026-06-23
Lemons,Lowes Foods,0.89,produce,2026-05-27,2026-06-02
Lemons,Lowes Foods,1.5,produce,2026-07-01,2026-07-07
Lemons,Lowes Foods,0.79,produce,2026-09-02,2026-09-08
Romaine Hearts,Lowes Foods,3.99,produce,2026-04-29,2026-05-05
Lowes Foods Lettuce Blends,Lowes Foods,3.79,produce,2026-06-03,2026-06-09
Limes,Lowes Foods,1.0,produce,2026-07-01,2026-07-07
Lowes Foods Avocado Oil,Lowes Foods,7.49,produce,2026-05-13,2026-05-19
Lowes Foods Avocado Oil,Lowes Foods,7.49,produce,2026-05-20,2026-05-26
Lowes Foods Avocado Oil,Lowes Foods,7.49,produce,2026-07-22,2026-07-28
Lowes Foods Avocado or Olive Oil Cooking Spray,Lowes Foods,3.99,produce,2026-05-13,2026-05-19
Lowes Foods Avocado or Olive Oil Cooking Spray,Lowes Foods,3.99,produce,2026-05-20,2026-05-26
Lowes Foods Avocado or Olive Oil Cooking Spray,Lowes Foods,3.99,produce,2026-07-22,2026-07-28
Lowes Foods Lemon Juice,Lowes Foods,3.0,produce,2026-05-06,2026-05-12
Lowes Foods Lemon Juice,Lowes Foods,3.0,produce,2026-07-22,2026-07-28
Lowes Foods Lime Juice,Lowes Foods,3.0,produce,2026-09-02,2026-09-08
Fresh Mangos,Lowes Foods,1.25,produce,2026-04-29,2026-05-05
Fresh Mangos,Lowes Foods,5.0,produce,2026-05-06,2026-05-12
MASHED POTATOES,Lowes Foods,7.99,produce,2026-06-17,2026-06-23
MASHED POTATOES,Lowes Foods,6.99,produce,2026-07-01,2026-07-07
MASHED POTATOES,Lowes Foods,6.99,produce,2026-09-02,2026-09-08
Mazola Corn or Canola Oil,Lowes Foods,4.99,produce,2026-09-02,2026-09-08
Milton's Cauliflower Crust Pizza,Lowes Foods,6.99,produce,2026-06-10,2026-06-16
Mini Cucumbers,Lowes Foods,2.99,produce,2026-05-20,2026-05-26
Mini Cucumbers,Lowes Foods,4.49,produce,2026-07-22,2026-07-28
Mott's Applesauce Cups,Lowes Foods,5.0,produce,2026-05-13,2026-05-19
Mott's Applesauce Cups,Lowes Foods,5.0,produce,2026-07-01,2026-07-07
Ocean Spray Grapefruit,Lowes Foods,6.0,produce,2026-07-22,2026-07-28
"Orange, Red or Yellow Bell Peppers",Lowes Foods,2.0,produce,2026-04-29,2026-05-05
Tropicana Orange Juice,Lowes Foods,8.0,produce,2026-05-06,2026-05-12
Simply Orange Juice,Lowes Foods,3.99,produce,2026-05-06,2026-05-12
Florida's Natural Orange Juice,Lowes Foods,7.0,produce,2026-05-06,2026-05-12
Tropicana Orange Juice,Lowes Foods,8.0,produce,2026-06-10,2026-06-16
"Hot House Grown Orange, Red or Yellow Bell Pepper",Lowes Foods,4.0,produce,2026-06-10,2026-06-16
Simply Orange Juice,Lowes Foods,6.0,produce,2026-07-01,2026-07-07
"Hot House Grown Red, Yellow or Orange Bell Peppers",Lowes Foods,4.0,produce,2026-07-01,2026-07-07
Tropicana Orange Juice,Lowes Foods,8.0,produce,2026-07-01,2026-07-07
Tropicana Orange Juice,Lowes Foods,8.0,produce,2026-09-02,2026-09-08
Simply Orange Juice,Lowes Foods,7.0,produce,2026-09-02,2026-09-08
Ore-Ida Frozen Potatoes,Lowes Foods,7.0,produce,2026-07-01,2026-07-07
Plum Organics Pouches,Lowes Foods,5.0,produce,2026-05-20,2026-05-26
Idaho Large Baking Russet Potatoes,Lowes Foods,3.99,produce,2026-04-22,2026-04-28
Genuine Idaho Russet Potatoes,Lowes Foods,3.99,produce,2026-04-29,2026-05-05
Lowes Foods Potato Chips,Lowes Foods,4.0,produce,2026-04-29,2026-05-05
Idaho Russet Potatoes,Lowes Foods,3.99,produce,2026-05-06,2026-05-12
"Utz Potato Chips Family Size, Pretzels or Kettle Chips",Lowes Foods,10.0,produce,2026-05-06,2026-05-12
Lowes Foods Potato Chips,Lowes Foods,5.0,produce,2026-05-13,2026-05-19
Lowes Foods Sweet Potato or Multigrain Tortilla Chips,Lowes Foods,5.0,produce,2026-05-13,2026-05-19
"Utz Potato Chips Family Size, Pretzels or Kettle",Lowes Foods,10.0,produce,2026-05-13,2026-05-19
"Utz Potato Chips Family Size, Kettle Chips or Pretzels",Lowes Foods,10.0,produce,2026-05-20,2026-05-26
Lowes Foods Sweet Potato or Multigrain Tortilla Chips,Lowes Foods,5.0,produce,2026-05-27,2026-06-02
Russet Potatoes,Lowes Foods,1.89,produce,2026-05-27,2026-06-02
Lowes Foods Potato Chips,Lowes Foods,5.0,produce,2026-05-27,2026-06-02
Loaded Baked Potato Salad,Lowes Foods,7.99,produce,2026-06-03,2026-06-09
Lowes Foods Sweet Potato or Multigrain Tortilla Chips,Lowes Foods,5.0,produce,2026-06-10,2026-06-16
Lowes Foods Potato Chips,Lowes Foods,5.0,produce,2026-06-10,2026-06-16
LOADED BAKED POTATO SALAD,Lowes Foods,7.99,produce,2026-06-17,2026-06-23
Cape Cod or Kettle Brand Potato Chips,Lowes Foods,4.99,produce,2026-06-17,2026-06-23
Idaho Russet Potatoes,Lowes Foods,4.99,produce,2026-06-17,2026-06-23
Idaho Russet Potatoes,Lowes Foods,5.99,produce,2026-07-01,2026-07-07
Popchips Potato Chips,Lowes Foods,3.99,produce,2026-07-01,2026-07-07
Loaded Baked Potato Salad,Lowes Foods,7.99,produce,2026-07-01,2026-07-07
"Utz Potato Chips, Kettle Chips or Pretzels",Lowes Foods,7.0,produce,2026-07-22,2026-07-28
RUSSET POTATOES,Lowes Foods,5.99,produce,2026-07-22,2026-07-28
Lowes Foods Sweet Potato or Multigrain Tortilla Chips,Lowes Foods,5.0,produce,2026-07-22,2026-07-28
Lowes Foods Potato Chips,Lowes Foods,5.0,produce,2026-07-22,2026-07-28
Lowes Foods Potato Chips,Lowes Foods,5.0,produce,2026-09-02,2026-09-08
Lowes Foods Sweet Potato or Multigrain Tortilla Chips,Lowes Foods,5.0,produce,2026-09-02,2026-09-08
Loaded Baked Potato Salad,Lowes Foods,7.99,produce,2026-09-02,2026-09-08
Pringles Party Stack Potato Crisps,Lowes Foods,5.0,produce,2026-09-02,2026-09-08
IDAHO RUSSET POTATOES,Lowes Foods,3.99,produce,2026-09-02,2026-09-08
Red or Black Plums,Lowes Foods,2.49,produce,2026-07-22,2026-07-28
Roasted Potatoes,Lowes Foods,6.99,produce,2026-04-22,2026-04-28
SAMMY'S SRIRACHA LIME SAMMICH SPREAD,Lowes Foods,4.49,produce,2026-09-02,2026-09-08
Simply Lemonade,Lowes Foods,4.0,produce,2026-09-02,2026-09-08
Large Slicing Cucumbers,Lowes Foods,0.89,produce,2026-06-17,2026-06-23
Large Slicing Cucumbers,Lowes Foods,0.99,produce,2026-09-02,2026-09-08
Spice Bazaar Peppercorn Grinders,Lowes Foods,4.79,produce,2026-06-03,2026-06-09
Spice Bazaar Peppercorn Grinders,Lowes Foods,4.79,produce,2026-06-10,2026-06-16
State Fair Corn Dogs,Lowes Foods,6.99,produce,2026-06-03,2026-06-09
Strawberry Rhubarb Pie,Lowes Foods,5.99,produce,2026-04-29,2026-05-05
Strawberry Rhubarb Pie,Lowes Foods,5.99,produce,2026-05-06,2026-05-12
Strawberry Rhubarb Pie,Lowes Foods,5.99,produce,2026-06-03,2026-06-09
Sunkist Cara Cara Red Navel Oranges,Lowes Foods,3.99,produce,2026-05-06,2026-05-12
Sunkist Cara Cara Red Navel Oranges,Lowes Foods,4.99,produce,2026-05-13,2026-05-19
Sunkist Navel Oranges,Lowes Foods,3.99,produce,2026-04-22,2026-04-28
Sunkist Navel Oranges,Lowes Foods,4.99,produce,2026-05-20,2026-05-26
Sunkist Navel Oranges,Lowes Foods,4.99,produce,2026-06-03,2026-06-09
Sunset Hot House Grown Seedless Cucumbers,Lowes Foods,4.0,produce,2026-05-06,2026-05-12
SWEET BABY PEELED CARROTS,Lowes Foods,1.69,produce,2026-07-22,2026-07-28
Sweetpotatoes,Lowes Foods,1.29,produce,2026-05-13,2026-05-19
Sweetpotatoes,Lowes Foods,1.29,produce,2026-05-27,2026-06-02
Tender Yellow or Zucchini SquaSh,Lowes Foods,2.49,produce,2026-04-22,2026-04-28
Tender Yellow or Zucchini SquaSh,Lowes Foods,2.49,produce,2026-05-06,2026-05-12
Tender Yellow or Zucchini SquaSh,Lowes Foods,1.99,produce,2026-05-20,2026-05-26
Tender Yellow or Zucchini SquaSh,Lowes Foods,1.99,produce,2026-05-27,2026-06-02
Tender Yellow or Zucchini SquaSh,Lowes Foods,1.99,produce,2026-07-01,2026-07-07
Wild Wonders Gourmet Medley Tomatoes,Lowes Foods,2.49,produce,2026-04-29,2026-05-05
Angel Sweet Grape Tomatoes,Lowes Foods,2.99,produce,2026-05-06,2026-05-12
Hunts Tomato Sauce,Lowes Foods,3.0,produce,2026-05-06,2026-05-12
Hunt's Tomatoes,Lowes Foods,3.0,produce,2026-05-13,2026-05-19
Ro-Tel Diced Tomatoes,Lowes Foods,3.0,produce,2026-05-20,2026-05-26
Angel Sweet Grape Tomatoes,Lowes Foods,2.99,produce,2026-05-20,2026-05-26
Sunset Hot House Grown Beefsteak Tomatoes,Lowes Foods,2.49,produce,2026-06-03,2026-06-09
Hunt's Tomatoes,Lowes Foods,5.0,produce,2026-06-03,2026-06-09
Sunset Hot House Grown Beefsteak Tomatoes,Lowes Foods,2.49,produce,2026-06-10,2026-06-16
Hunt's Tomato Sauce,Lowes Foods,3.0,produce,2026-06-17,2026-06-23
Sunset Red Ripe Grape Tomatoes,Lowes Foods,2.99,produce,2026-06-17,2026-06-23
Hunt's Tomatoes,Lowes Foods,3.0,produce,2026-07-01,2026-07-07
Hunt's Tomatoes,Lowes Foods,5.0,produce,2026-07-22,2026-07-28
VINE RIPE TOMATOES,Lowes Foods,2.49,produce,2026-09-02,2026-09-08
Heinz Tomato Ketchup,Lowes Foods,2.99,produce,2026-09-02,2026-09-08
Large Tommy Atkins Mangoes,Lowes Foods,5.0,produce,2026-06-03,2026-06-09
Tommy Atkins or Honey Mangoes,Lowes Foods,5.0,produce,2026-06-10,2026-06-16
Tommy Atkins or Honey Mangoes,Lowes Foods,5.0,produce,2026-06-17,2026-06-23
Twizzlers Strawberry,Lowes Foods,8.0,produce,2026-05-20,2026-05-26
Uncle Matt's Organic Lemonade,Lowes Foods,3.99,produce,2026-07-01,2026-07-07
Vidalia Onions,Lowes Foods,3.99,produce,2026-04-29,2026-05-05
Vidalia Onions,Lowes Foods,1.29,produce,2026-05-13,2026-05-19
Vidalia Onions,Lowes Foods,1.49,produce,2026-05-27,2026-06-02
Vidalia Onions,Lowes Foods,1.49,produce,2026-06-03,2026-06-09
Vidalia Onions,Lowes Foods,1.49,produce,2026-06-10,2026-06-16
Vidalia Onions,Lowes Foods,1.49,produce,2026-07-01,2026-07-07
Vidalia Onions,Lowes Foods,3.49,produce,2026-07-22,2026-07-28
Vita Coco Coconut Water,Lowes Foods,19.99,produce,2026-05-27,2026-06-02
Vita Coco Coconut Water,Lowes Foods,19.99,produce,2026-06-03,2026-06-09
Vita Coco Coconut Water,Lowes Foods,9.0,produce,2026-07-22,2026-07-28
WATERMELON,Lowes Foods,5.0,produce,2026-09-02,2026-09-08
Watermelon Chunks,Lowes Foods,8.0,produce,2026-07-01,2026-07-07
WATERMELON 8 SLICES,Lowes Foods,5.0,produce,2026-06-10,2026-06-16
Welch's Grape Jelly or Jam,Lowes Foods,6.0,produce,2026-07-22,2026-07-28
Whole or Sliced White Mushrooms,Lowes Foods,1.99,produce,2026-04-22,2026-04-28
Whole or Sliced White Mushrooms,Lowes Foods,2.29,produce,2026-05-13,2026-05-19
Large Whole Watermelon,Lowes Foods,3.99,produce,2026-07-01,2026-07-07
Large Whole Watermelon,Lowes Foods,3.99,produce,2026-09-02,2026-09-08
Whole Watermelons,Lowes Foods,2.99,produce,2026-05-20,2026-05-26
Yellow Cooking Onions,Lowes Foods,1.49,produce,2026-04-29,2026-05-05
YELLOW KIWI SUNGOLD,Lowes Foods,4.99,produce,2026-09-02,2026-09-08
Yellow Peaches,Lowes Foods,1.99,produce,2026-05-27,2026-06-02
Yellow Peaches,Lowes Foods,1.89,produce,2026-06-03,2026-06-09
Yellow Peaches,Lowes Foods,1.89,produce,2026-06-10,2026-06-16
Yellow Peaches,Lowes Foods,1.89,produce,2026-06-17,2026-06-23
Yellow Peaches,Lowes Foods,1.79,produce,2026-07-01,2026-07-07
Ambrosia Apples,Publix,1.69,produce,2026-04-22,2026-04-28
Arm & Hammer Advance White Clean Mint Toothpaste,Publix,6.99,produce,2026-06-27,2026-07-10
Asparagus,Publix,3.99,produce,2026-05-27,2026-06-03
Asparagus,Publix,3.99,produce,2026-06-03,2026-06-10
Asparagus,Publix,3.99,produce,2026-06-10,2026-06-16
Asparagus,Publix,3.99,produce,2026-06-17,2026-06-23
Asparagus,Publix,3.99,produce,2026-07-01,2026-07-07
Baby Broccoli,Publix,2.99,produce,2026-07-22,2026-07-28
Baby Gold Potatoes,Publix,3.99,produce,2026-06-17,2026-06-23
Baby Seedless Cucumbers,Publix,2.99,produce,2026-07-01,2026-07-07
Bagged Lemons†,Publix,3.99,produce,2026-06-17,2026-06-23
Publix Banana Pudding,Publix,2.99,produce,2026-05-06,2026-05-12
Banana Mini Cream Cheese Pie,Publix,5.99,produce,2026-05-27,2026-06-03
Publix Banana Pudding,Publix,2.99,produce,2026-06-03,2026-06-10
Publix Banana Pudding,Publix,2.99,produce,2026-06-10,2026-06-16
Publix Banana Pudding,Publix,2.99,produce,2026-07-01,2026-07-07
Black or Red Plums,Publix,3.49,produce,2026-04-22,2026-04-28
Black or Red Plums,Publix,2.99,produce,2026-05-27,2026-06-03
"Boar's Head® Havarti, Plain, With Dill, or With Jalapeño Cheese",Publix,12.99,produce,2026-05-27,2026-06-03
Bonne Maman Preserves or Concord Grape Spread,Publix,11.0,produce,2026-05-06,2026-05-12
Broccoli,Publix,6.0,produce,2026-04-22,2026-04-28
Broccoli,Publix,2.99,produce,2026-07-01,2026-07-07
Broccoli,Publix,6.0,produce,2026-07-22,2026-07-28
Broccoli Florets,Publix,5.99,produce,2026-04-22,2026-04-28
Broccoli Florets,Publix,10.0,produce,2026-05-20,2026-05-26
Broccoli Florets,Publix,10.0,produce,2026-07-01,2026-07-07
Broccoli or Brussels Sprouts,Publix,2.99,produce,2026-05-27,2026-06-03
Broccoli or Brussels Sprouts,Publix,2.99,produce,2026-06-03,2026-06-10
Broccoli or Cauliflower,Publix,2.99,produce,2026-06-10,2026-06-16
Broccoli or Cauliflower,Publix,6.0,produce,2026-06-17,2026-06-23
Broccoli or Cauliflower,Publix,6.0,produce,2026-09-02,2026-09-08
Broccoli Slaw,Publix,10.0,produce,2026-07-01,2026-07-07
Brussels Sprouts,Publix,6.0,produce,2026-04-22,2026-04-28
Brussels Sprouts,Publix,2.99,produce,2026-05-06,2026-05-12
Brussels Sprouts,Publix,2.99,produce,2026-05-13,2026-05-19
Brussels Sprouts,Publix,2.99,produce,2026-05-20,2026-05-26
Brussels Sprouts,Publix,6.0,produce,2026-07-22,2026-07-28
Brussels Sprouts,Publix,5.0,produce,2026-09-02,2026-09-08
Brussels Sprouts or Broccoli,Publix,2.99,produce,2026-04-29,2026-05-05
C2O Coconut Water,Publix,9.0,produce,2026-05-02,2026-05-15
C2O Coconut Water,Publix,9.0,produce,2026-07-15,2026-07-28
Celery Hearts,Publix,2.49,produce,2026-04-22,2026-04-28
Dandy Celery Sticks,Publix,5.0,produce,2026-09-02,2026-09-08
Chosen Foods 100% Avocado Oil,Publix,6.49,produce,2026-06-27,2026-07-10
Chosen Foods Organic Avocado Oil,Publix,11.99,produce,2026-05-02,2026-05-15
Cilantro,Publix,0.99,produce,2026-04-29,2026-05-05
Key Lime Cookies Or Oatmeal,Publix,5.99,produce,2026-05-13,2026-05-19
Kellogg's Frosted Flakes Cereal,Publix,10.0,produce,2026-06-03,2026-06-10
Catalina Crunch Granola,Publix,6.99,produce,2026-06-13,2026-06-26
GreenWise Organic Instant Oatmeal,Publix,3.49,produce,2026-09-02,2026-09-08
Kellogg's Frosted Flakes Cereal,Publix,10.0,produce,2026-09-02,2026-09-08
Cosmic Crisp Apples,Publix,2.49,produce,2026-05-27,2026-06-03
Cosmic Crisp Apples,Publix,2.49,produce,2026-06-03,2026-06-10
Cosmic Crisp Apples Or Granny Smith Apples,Publix,2.49,produce,2026-05-27,2026-06-03
Cucumbers,Publix,0.79,produce,2026-06-17,2026-06-23
Glazed Blueberry Fritters,Publix,5.49,produce,2026-06-17,2026-06-23
Green Bell Peppers,Publix,2.49,produce,2026-05-06,2026-05-12
Green Bell Peppers,Publix,1.99,produce,2026-05-20,2026-05-26
GreenWise Organic Applesauce,Publix,3.59,produce,2026-06-10,2026-06-16
GreenWise Organic Baby Bella Mushrooms,Publix,5.0,produce,2026-06-17,2026-06-23
GreenWise Organic Coconut Aminos†,Publix,4.99,produce,2026-06-03,2026-06-10
GreenWise Organic Coconut Flakes,Publix,3.24,produce,2026-09-02,2026-09-08
GreenWise Organic Fuji Apples,Publix,4.99,produce,2026-04-22,2026-04-28
GreenWise Organic Fuji Apples,Publix,4.99,produce,2026-06-17,2026-06-23
GreenWise Organic Gala Apples,Publix,10.0,produce,2026-06-10,2026-06-16
GreenWise Organic Gala or Fuji Apples,Publix,4.99,produce,2026-07-01,2026-07-07
GreenWise Organic Pink Lady Apples,Publix,4.99,produce,2026-04-22,2026-04-28
GreenWise Organic Sliced Portabella Mushrooms†,Publix,7.0,produce,2026-07-01,2026-07-07
GreenWise Organic Sliced Shiitake Mushrooms†,Publix,4.99,produce,2026-05-20,2026-05-26
GreenWise Organic White Mushrooms,Publix,3.49,produce,2026-05-06,2026-05-12
GreenWise Organic White Mushrooms,Publix,6.0,produce,2026-05-20,2026-05-26
GreenWise Organic Whole Carrots†,Publix,1.69,produce,2026-05-20,2026-05-26
GreenWise Organic Yellow Onions†,Publix,4.99,produce,2026-05-20,2026-05-26
GreenWise Organic Yellow Squash†,Publix,2.99,produce,2026-07-01,2026-07-07
GreenWise Organic Zucchini Squash†,Publix,2.99,produce,2026-05-20,2026-05-26
Halved Brussels Sprouts,Publix,5.99,produce,2026-04-22,2026-04-28
Hass Avocados,Publix,5.0,produce,2026-04-22,2026-04-28
Hass Avocados,Publix,5.0,produce,2026-04-29,2026-05-05
Hass Avocados,Publix,5.0,produce,2026-05-06,2026-05-12
Hass Avocados,Publix,5.0,produce,2026-05-20,2026-05-26
Honey Mangos,Publix,5.0,produce,2026-05-06,2026-05-12
Honey Mangos,Publix,5.0,produce,2026-05-13,2026-05-19
Honeycrisp Apples,Publix,2.99,produce,2026-05-06,2026-05-12
Honeycrisp Apples,Publix,2.49,produce,2026-05-13,2026-05-19
Honeycrisp Apples,Publix,2.49,produce,2026-07-01,2026-07-07
Honeycrisp Apples,Publix,2.49,produce,2026-07-22,2026-07-28
Honeycrisp or Cosmic Crisp Apples,Publix,10.0,produce,2026-05-20,2026-05-26
Honeycrisp or Cosmic Crisp Apples,Publix,10.0,produce,2026-05-27,2026-06-03
Honeycrisp or Cosmic Crisp Apples,Publix,2.49,produce,2026-06-17,2026-06-23
Honeydew or Orangedew Melon,Publix,4.99,produce,2026-09-02,2026-09-08
Organic Hot House Cucumbers,Publix,1.0,produce,2026-05-27,2026-06-03
Key Lime Pie,Publix,9.99,produce,2026-05-20,2026-05-26
Key Lime Pie,Publix,9.49,produce,2026-07-01,2026-07-07
Key Lime Pie,Publix,9.99,produce,2026-07-22,2026-07-28
Kiku Apples,Publix,3.99,produce,2026-04-29,2026-05-05
King O' the West Honeydew Melon,Publix,4.99,produce,2026-07-22,2026-07-28
Lemon Cake Donuts,Publix,3.29,produce,2026-05-13,2026-05-19
Lemon Loaf Cake,Publix,10.0,produce,2026-05-27,2026-06-03
Lemon Loaf Cake,Publix,10.0,produce,2026-07-22,2026-07-28
"Garden Life Romaine, Green Leaf, or Red Leaf Leaves",Publix,3.99,produce,2026-05-06,2026-05-12
Iceberg Lettuce,Publix,4.0,produce,2026-07-22,2026-07-28
Mangos or Honey Mangos,Publix,5.0,produce,2026-04-22,2026-04-28
Mangos or Honey Mangos,Publix,5.0,produce,2026-04-29,2026-05-05
Meyer Lemon Cookies,Publix,5.99,produce,2026-06-10,2026-06-16
Navel Oranges,Publix,1.69,produce,2026-05-13,2026-05-19
Navel Oranges,Publix,1.69,produce,2026-05-20,2026-05-26
Navel Oranges,Publix,1.69,produce,2026-05-27,2026-06-03
Navel Oranges,Publix,1.69,produce,2026-06-03,2026-06-10
Navel Oranges,Publix,1.99,produce,2026-09-02,2026-09-08
"On The Border Salsa or Queso, 15.5 or 16 - oz jar; or Utz Creamy Onion Dip 8.5 - oz can",Publix,7.0,produce,2026-07-01,2026-07-07
Mandarins,Publix,4.99,produce,2026-04-22,2026-04-28
Florida's Natural 100% Premium Orange Juice,Publix,7.0,produce,2026-04-22,2026-04-28
"Red, Yellow, or Orange Bell Peppers",Publix,2.99,produce,2026-04-29,2026-05-05
Mandarins,Publix,4.99,produce,2026-04-29,2026-05-05
Tropicana Pure 100% Premium Orange Juice,Publix,8.0,produce,2026-04-29,2026-05-05
Simply Orange 100% Orange Juice,Publix,8.0,produce,2026-05-06,2026-05-12
Mandarins,Publix,4.99,produce,2026-05-06,2026-05-12
Florida's Natural 100% Premium Orange Juice,Publix,7.0,produce,2026-05-13,2026-05-19
Simply Orange 100% Orange Juice,Publix,8.0,produce,2026-06-03,2026-06-10
"Red, Yellow, or Orange Bell Peppers",Publix,2.99,produce,2026-06-17,2026-06-23
Publix Orange Blossom Honey,Publix,5.99,produce,2026-07-01,2026-07-07
"Red, Yellow, or Orange Bell Peppers",Publix,2.99,produce,2026-07-22,2026-07-28
Florida's Natural 100% Premium Orange or Grapefruit Juice,Publix,7.0,produce,2026-09-02,2026-09-08
Large Papaya,Publix,1.49,produce,2026-05-13,2026-05-19
Organic Peaches or Nectarines,Publix,3.99,produce,2026-05-20,2026-05-26
Organic Peaches or Nectarines,Publix,3.49,produce,2026-05-27,2026-06-03
Organic Peaches or Nectarines,Publix,3.49,produce,2026-06-03,2026-06-10
Organic Peaches or Nectarines,Publix,3.49,produce,2026-06-10,2026-06-16
Organic Peaches or Nectarines,Publix,3.49,produce,2026-06-17,2026-06-23
Organic Peaches or Nectarines,Publix,3.49,produce,2026-07-22,2026-07-28
Pero Family Farms Organic Broccoli Florets,Publix,7.0,produce,2026-06-10,2026-06-16
Pero Family Farms Organic Green Beans,Publix,10.0,produce,2026-05-27,2026-06-03
Pero Family Farms Snipped Green Beans,Publix,5.0,produce,2026-05-20,2026-05-26
Persian Limes,Publix,3.99,produce,2026-05-06,2026-05-12
Persian Limes,Publix,3.99,produce,2026-05-20,2026-05-26
"Persian Limes, 2-lb bag",Publix,3.99,produce,2026-04-29,2026-05-05
Petite Strawberry Shortcake,Publix,4.59,produce,2026-05-27,2026-06-03
Plumcots,Publix,3.49,produce,2026-06-17,2026-06-23
Plumcots,Publix,3.49,produce,2026-07-01,2026-07-07
Plumcots,Publix,2.49,produce,2026-07-22,2026-07-28
Organic Plums,Publix,3.49,produce,2026-05-27,2026-06-03
Organic Plums,Publix,3.49,produce,2026-06-03,2026-06-10
Organic Plums,Publix,3.49,produce,2026-06-10,2026-06-16
"Organic Plums, Nectarines, or Peaches",Publix,3.49,produce,2026-07-01,2026-07-07
Pomegranates,Publix,3.99,produce,2026-06-10,2026-06-16
Pomegranates,Publix,10.0,produce,2026-09-02,2026-09-08
Extra Large Russet Potatoes†,Publix,0.99,produce,2026-04-22,2026-04-28
Publix Idaho Russet Potatoes,Publix,3.99,produce,2026-04-29,2026-05-05
GreenWise Organic Russet Potatoes,Publix,5.49,produce,2026-05-06,2026-05-12
Publix Idaho Russet Potatoes†,Publix,3.99,produce,2026-05-06,2026-05-12
Publix Sweet Potatoes With Butter,Publix,6.49,produce,2026-05-06,2026-05-12
Extra Large Russet Potatoes,Publix,0.99,produce,2026-05-13,2026-05-19
Publix Red Potatoes,Publix,4.99,produce,2026-05-13,2026-05-19
Publix Idaho Russet Potatoes†,Publix,3.99,produce,2026-05-20,2026-05-26
Publix Potato Skins†,Publix,8.99,produce,2026-05-20,2026-05-26
Publix Red Potatoes,Publix,3.99,produce,2026-05-27,2026-06-03
Publix Sweet Potatoes With Butter,Publix,6.49,produce,2026-05-27,2026-06-03
Publix Idaho Russet Potatoes,Publix,3.99,produce,2026-06-03,2026-06-10
Publix Red Potatoes†,Publix,3.99,produce,2026-06-10,2026-06-16
Lay's Potato Chips,Publix,7.0,produce,2026-06-10,2026-06-16
Lay's Potato Chips,Publix,6.0,produce,2026-06-17,2026-06-23
Publix Idaho Russet Potatoes,Publix,3.99,produce,2026-06-17,2026-06-23
Siete Potato Chips 5.5-oz or Puff Snacks 4-oz,Publix,7.0,produce,2026-06-13,2026-06-26
Publix Idaho Russet Potatoes†,Publix,3.99,produce,2026-07-01,2026-07-07
Pringles Potato Crisps,Publix,4.0,produce,2026-07-01,2026-07-07
Publix Potato Skins,Publix,8.99,produce,2026-07-01,2026-07-07
Dirty Deli Style Potato Chips,Publix,8.0,produce,2026-06-27,2026-07-10
Publix Idaho Russet Potatoes,Publix,3.99,produce,2026-07-22,2026-07-28
Good Crisps Potato Crisps,Publix,12.49,produce,2026-09-02,2026-09-08
Primal Kitchen Avocado Oil,Publix,11.99,produce,2026-06-13,2026-06-26
Publix Applesauce,Publix,5.0,produce,2026-05-06,2026-05-12
Publix Artichoke & Spinach Dip,Publix,10.0,produce,2026-09-02,2026-09-08
Publix Baby Bella Sliced Mushrooms,Publix,4.0,produce,2026-05-13,2026-05-19
Publix Baby Bella Whole Mushrooms,Publix,4.0,produce,2026-05-20,2026-05-26
Publix Baby Cut Carrots,Publix,5.0,produce,2026-07-01,2026-07-07
Publix Berry Watermelon Fruit Salad,Publix,4.99,produce,2026-05-06,2026-05-12
Publix Berry Watermelon Fruit Salad,Publix,4.99,produce,2026-06-17,2026-06-23
Publix French Fried Onions,Publix,2.99,produce,2026-05-06,2026-05-12
Publix French Fried Onions,Publix,2.99,produce,2026-09-02,2026-09-08
Publix French Fried Potatoes†,Publix,9.0,produce,2026-05-06,2026-05-12
Publix Garlic Bread,Publix,5.0,produce,2026-05-06,2026-05-12
Publix Garlic Bread,Publix,5.0,produce,2026-06-10,2026-06-16
Publix Garlic Bread,Publix,5.0,produce,2026-07-22,2026-07-28
Publix Green Beans,Publix,5.0,produce,2026-04-22,2026-04-28
Publix Green Beans,Publix,5.0,produce,2026-05-06,2026-05-12
Publix Green Beans,Publix,5.0,produce,2026-05-13,2026-05-19
Publix Green Beans,Publix,5.0,produce,2026-05-27,2026-06-03
Publix Lemon Pepper Oven-Roasted Chicken,Publix,7.59,produce,2026-06-17,2026-06-23
Publix Lemonade†,Publix,3.39,produce,2026-06-17,2026-06-23
Publix Mashed Potatoes,Publix,6.49,produce,2026-05-06,2026-05-12
Publix Mashed Potatoes With Gravy,Publix,6.49,produce,2026-05-27,2026-06-03
Publix Peach Iced Tea,Publix,1.99,produce,2026-06-10,2026-06-16
Publix Peach Watermelon Mix,Publix,4.99,produce,2026-07-22,2026-07-28
Publix Original Popcorn Chicken,Publix,5.69,produce,2026-07-22,2026-07-28
Publix Raspberry Iced Tea†,Publix,3.39,produce,2026-06-17,2026-06-23
Publix Red Seedless Watermelon Chunks,Publix,2.99,produce,2026-05-06,2026-05-12
Publix Red Seedless Watermelon Wedge,Publix,1.49,produce,2026-06-17,2026-06-23
Publix Seasoned Asparagus,Publix,6.49,produce,2026-05-06,2026-05-12
Publix Seasoned Asparagus Side†,Publix,6.49,produce,2026-05-27,2026-06-03
Publix Sliced Baby Bella Mushrooms,Publix,4.0,produce,2026-06-10,2026-06-16
Publix Sliced Prewashed White Mushrooms,Publix,6.0,produce,2026-04-29,2026-05-05
Publix Sliced Prewashed White Mushrooms,Publix,6.0,produce,2026-05-27,2026-06-03
Publix Sour Watermelon Gummies,Publix,6.0,produce,2026-06-10,2026-06-16
Publix Spinach Dip,Publix,10.0,produce,2026-05-20,2026-05-26
Publix Strawberry Preserves†,Publix,6.0,produce,2026-06-17,2026-06-23
Publix Traditional Style Mashed Potatoes,Publix,3.59,produce,2026-06-10,2026-06-16
Publix Sweetened Coconut Flakes,Publix,2.99,produce,2026-05-20,2026-05-26
Publix Unsweetened Peach Iced Tea†,Publix,1.99,produce,2026-06-10,2026-06-16
Publix Unsweetened Peach Tea,Publix,2.29,produce,2026-04-22,2026-04-28
Publix Unsweetened Peach Tea,Publix,2.29,produce,2026-05-20,2026-05-26
Publix White Mushrooms,Publix,4.0,produce,2026-06-10,2026-06-16
Publix White Whole Mushrooms,Publix,4.0,produce,2026-06-17,2026-06-23
Publix Yellow Onions,Publix,3.99,produce,2026-09-02,2026-09-08
Red Navel Oranges,Publix,4.99,produce,2026-04-22,2026-04-28
Red Navel Oranges or Minneola Tangelos,Publix,4.99,produce,2026-04-29,2026-05-05
Red or Black Plums,Publix,2.99,produce,2026-06-03,2026-06-10
Red or Black Plums,Publix,2.99,produce,2026-06-10,2026-06-16
Red or Black Plums,Publix,2.99,produce,2026-06-17,2026-06-23
Red or Black Plums,Publix,2.99,produce,2026-07-01,2026-07-07
Red or Black Plums,Publix,1.99,produce,2026-07-22,2026-07-28
Red or Black Plums,Publix,2.99,produce,2026-09-02,2026-09-08
Small Red Seedless Watermelon,Publix,5.99,produce,2026-05-20,2026-05-26
Small Red Seedless Watermelon,Publix,7.99,produce,2026-05-20,2026-05-26
Small Red Seedless Watermelon,Publix,5.99,produce,2026-05-27,2026-06-03
Small Red Seedless Watermelon,Publix,5.99,produce,2026-06-10,2026-06-16
Small Red Seedless Watermelon,Publix,5.99,produce,2026-06-17,2026-06-23
Small Red Seedless Watermelon,Publix,4.99,produce,2026-07-01,2026-07-07
Small Red Seedless Watermelon,Publix,6.99,produce,2026-07-01,2026-07-07
Small Red Seedless Watermelon,Publix,4.99,produce,2026-09-02,2026-09-08
Reser's Potatoes,Publix,1.99,produce,2026-05-20,2026-05-26
River Gold Potatoes†,Publix,3.49,produce,2026-06-03,2026-06-10
Organic Rosemary†,Publix,5.0,produce,2026-06-17,2026-06-23
Simply Juice Drink or Lemonade,Publix,5.0,produce,2026-05-06,2026-05-12
Simply Lemonade,Publix,5.0,produce,2026-05-20,2026-05-26
Simply Lemonade,Publix,5.0,produce,2026-07-01,2026-07-07
Simply Orange,Publix,7.0,produce,2026-07-01,2026-07-07
"Stauffer's Simply Animals Crackers, Ginger Snaps or Lemon Snaps",Publix,6.0,produce,2026-06-13,2026-06-26
Sweet Onions,Publix,3.99,produce,2026-05-27,2026-06-03
Sweet Onions,Publix,3.99,produce,2026-07-01,2026-07-07
Sweet Onions,Publix,3.49,produce,2026-07-22,2026-07-28
Campari Tomatoes†,Publix,7.0,produce,2026-04-29,2026-05-05
Publix Tomatoes†,Publix,1.89,produce,2026-05-06,2026-05-12
Mini San Marzano Tomatoes†,Publix,2.99,produce,2026-05-06,2026-05-12
Publix Brisket Lettuce & Tomato Whole Sub,Publix,12.99,produce,2026-05-06,2026-05-12
Red'n Tasty Tomatoes,Publix,2.49,produce,2026-05-13,2026-05-19
Plum Tomatoes,Publix,2.49,produce,2026-05-13,2026-05-19
Premium Vine-Ripe Tomatoes,Publix,2.49,produce,2026-05-13,2026-05-19
Grape Tomatoes,Publix,5.0,produce,2026-05-13,2026-05-19
Publix Tomatoes,Publix,10.0,produce,2026-05-20,2026-05-26
Red'n Tasty Tomatoes†,Publix,2.49,produce,2026-05-27,2026-06-03
Red'n Tasty Tomatoes,Publix,1.69,produce,2026-06-03,2026-06-10
GreenWise Organic Tomato Ketchup,Publix,2.59,produce,2026-06-17,2026-06-23
Grainger Tomatoes†,Publix,1.99,produce,2026-07-01,2026-07-07
Grape Tomatoes,Publix,5.0,produce,2026-07-01,2026-07-07
Pomi Tomatoes,Publix,5.0,produce,2026-07-15,2026-07-28
Beefsteak Tomato†,Publix,1.99,produce,2026-09-02,2026-09-08
Verry Cherry Plums,Publix,4.99,produce,2026-06-17,2026-06-23
Vidalia Sweet Onions†,Publix,1.49,produce,2026-04-22,2026-04-28
Vidalia Sweet Onions†,Publix,3.99,produce,2026-05-06,2026-05-12
Vidalia Sweet Onions†,Publix,3.99,produce,2026-05-13,2026-05-19
Vidalia Sweet Onions†,Publix,3.99,produce,2026-06-03,2026-06-10
Vidalia Sweet Onions†,Publix,3.99,produce,2026-06-17,2026-06-23
Vigo Artichokes,Publix,5.0,produce,2026-08-26,2026-09-08
Yellow Squash or Zucchini†,Publix,3.49,produce,2026-04-22,2026-04-28
Yellow Squash or Zucchini†,Publix,7.0,produce,2026-06-17,2026-06-23
Zucchini or Yellow Squash,Publix,3.99,produce,2026-05-13,2026-05-19
Zucchini or Yellow Squash,Publix,3.99,produce,2026-05-27,2026-06-03
Ahi Tuna Steaks,ALDI,8.99,seafood,2026-06-17,2026-06-23
Fresh Atlantic Salmon,ALDI,8.99,seafood,2026-06-17,2026-06-23
Fresh Atlantic Salmon,ALDI,8.99,seafood,2026-07-01,2026-07-07
Fresh Atlantic Salmon on a Cedar Plank,ALDI,10.29,seafood,2026-06-17,2026-06-23
Fresh Atlantic Salmon Side,ALDI,8.29,seafood,2026-06-17,2026-06-23
Fresh Atlantic Salmon Side,ALDI,8.29,seafood,2026-07-01,2026-07-07
Fresh Atlantic Salmon Side,ALDI,8.29,seafood,2026-07-22,2026-07-28
Deutsche Küche Herring Fillets in Flavored Sauce,ALDI,1.99,seafood,2026-04-29,2026-05-05
Fremont Fish Market Salmon Burgers,ALDI,5.99,seafood,2026-06-17,2026-06-23
Fremont Fish Market Salmon Burgers,ALDI,5.99,seafood,2026-07-01,2026-07-07
Fremont Fish Market Salmon Burgers Chipotle or Teriyaki,ALDI,5.99,seafood,2026-06-10,2026-06-16
KIRKTON HOUSE Scalloped Storage Basket,ALDI,14.99,seafood,2026-07-01,2026-07-07
KIRKTON HOUSE Scalloped Woven Basket,ALDI,9.99,seafood,2026-07-01,2026-07-07
Northern Catch Assorted Pouch Tuna,ALDI,0.79,seafood,2026-06-03,2026-06-09
Fresh Sweet & Smoky Atlantic Salmon on a Cedar Plank,ALDI,10.99,seafood,2026-05-27,2026-06-02
Fremont Fish Market Shrimp Skewers,ALDI,6.99,seafood,2026-05-27,2026-06-02
Fresh Jumbo Raw Peeled & Deveined Tail-Off Shrimp,ALDI,9.49,seafood,2026-06-17,2026-06-23
Fresh Jumbo Raw Peeled & Deveined Tail-Off Shrimp,ALDI,9.49,seafood,2026-07-01,2026-07-07
Fremont Fish Market Shrimp Skewers,ALDI,6.99,seafood,2026-07-22,2026-07-28
Acme Smoked Salmon,Food Lion,5.99,seafood,2026-04-22,2026-04-28
Acme Smoked Salmon,Food Lion,5.99,seafood,2026-05-13,2026-05-19
"Always Fresh, Never Frozen Atlantic Salmon Side",Food Lion,7.99,seafood,2026-07-01,2026-07-07
Bumble Bee Chunk Light Tuna,Food Lion,5.0,seafood,2026-05-27,2026-06-02
Chicken of the Sea Tuna,Food Lion,3.0,seafood,2026-05-13,2026-05-19
Chicken of the Sea Tuna,Food Lion,1.0,seafood,2026-06-03,2026-06-09
Chicken of the Sea Tuna Pouch,Food Lion,5.0,seafood,2026-04-22,2026-04-28
Cod or Haddock Fillets,Food Lion,7.99,seafood,2026-06-03,2026-06-09
Cold Water Lobster Tail,Food Lion,4.99,seafood,2026-05-06,2026-05-12
Cold Water Lobster Tail,Food Lion,4.99,seafood,2026-06-17,2026-06-23
Luke's Lobster Cakes,Food Lion,4.99,seafood,2026-06-03,2026-06-09
Marinated Salmon,Food Lion,8.99,seafood,2026-04-22,2026-04-28
Marinated Salmon,Food Lion,7.99,seafood,2026-05-13,2026-05-19
Marinated Salmon,Food Lion,8.99,seafood,2026-06-10,2026-06-16
Mrs. Paul's Frozen Seafood,Food Lion,4.99,seafood,2026-06-10,2026-06-16
Quality Foods Seafood,Food Lion,6.99,seafood,2026-05-13,2026-05-19
Quality Foods Seafood,Food Lion,6.99,seafood,2026-06-10,2026-06-16
Sea Cuisine Chef Crafted Seafood,Food Lion,9.99,seafood,2026-07-22,2026-07-28
SeaPak Frozen Seafood,Food Lion,9.99,seafood,2026-05-27,2026-06-02
SeaPak Frozen Seafood,Food Lion,9.99,seafood,2026-06-03,2026-06-09
Snow Crab Clusters,Food Lion,8.99,seafood,2026-05-20,2026-05-26
Snow Crab Clusters,Food Lion,9.99,seafood,2026-07-01,2026-07-07
Snow Crab Clusters,Food Lion,10.99,seafood,2026-07-22,2026-07-28
Snow Crab Clusters,Food Lion,8.99,seafood,2026-09-02,2026-09-08
Starkist Chunk Light or Low Sodium Tuna,Food Lion,5.0,seafood,2026-06-10,2026-06-16
StarKist Tuna Pouch,Food Lion,5.0,seafood,2026-05-27,2026-06-02
StarKist Tuna Pouch,Food Lion,1.0,seafood,2026-06-17,2026-06-23
StarKist Tuna Pouch,Food Lion,5.0,seafood,2026-09-02,2026-09-08
Tastee Choice Seafood Boil,Food Lion,11.99,seafood,2026-05-20,2026-05-26
Tastee Choice Seafood Boil,Food Lion,11.99,seafood,2026-07-22,2026-07-28
Food Lion Cooked Shrimp,Food Lion,8.99,seafood,2026-04-22,2026-04-28
Food Lion Raw Shrimp,Food Lion,7.99,seafood,2026-04-22,2026-04-28
Nature's Promise Wild Caught Flounder Fillets,Food Lion,4.99,seafood,2026-04-22,2026-04-28
Gorton's Haddock Fish Fillets,Food Lion,6.39,seafood,2026-04-29,2026-05-05
Food Lion Raw Shrimp,Food Lion,7.99,seafood,2026-04-29,2026-05-05
Margaritaville Shrimp,Food Lion,6.49,seafood,2026-04-29,2026-05-05
Food Lion Cooked Shrimp,Food Lion,9.99,seafood,2026-04-29,2026-05-05
Tilapia or Flounder Fillets,Food Lion,6.99,seafood,2026-04-29,2026-05-05
Salmon Fillets,Food Lion,7.99,seafood,2026-05-06,2026-05-12
Food Lion Raw Shrimp Peeled and Deveined Tail-Off,Food Lion,7.49,seafood,2026-05-06,2026-05-12
Shrimp Ring,Food Lion,10.99,seafood,2026-05-06,2026-05-12
Food Lion Cooked Shrimp,Food Lion,8.99,seafood,2026-05-13,2026-05-19
Food Lion Raw Shrimp,Food Lion,7.99,seafood,2026-05-13,2026-05-19
Farm Raised Skinless & Boneless Catfish Fillets,Food Lion,10.99,seafood,2026-05-20,2026-05-26
Food Lion Raw Shrimp,Food Lion,8.99,seafood,2026-05-20,2026-05-26
Salmon Fillets or Wild Caught Tuna Steaks,Food Lion,7.99,seafood,2026-05-20,2026-05-26
Food Lion Cooked Shrimp,Food Lion,9.99,seafood,2026-05-20,2026-05-26
Flounder Fillets,Food Lion,6.99,seafood,2026-05-27,2026-06-02
Tilapia Fillets,Food Lion,6.99,seafood,2026-05-27,2026-06-02
Food Lion Raw Shrimp,Food Lion,6.99,seafood,2026-05-27,2026-06-02
Farm Raised Skinless & Boneless Catfish Fillets,Food Lion,9.99,seafood,2026-05-27,2026-06-02
Food Lion Raw Shrimp,Food Lion,7.99,seafood,2026-06-03,2026-06-09
Tastee Choice Shrimp,Food Lion,4.0,seafood,2026-06-03,2026-06-09
Gorton's Fish Fillets,Food Lion,4.0,seafood,2026-06-03,2026-06-09
Nature's Promise Raw Shrimp,Food Lion,6.99,seafood,2026-06-03,2026-06-09
Sea Cuisine Shrimp Skewers,Food Lion,6.99,seafood,2026-06-03,2026-06-09
Tilapia Fillets,Food Lion,10.49,seafood,2026-06-03,2026-06-09
Wild Caught Skinless & Boneless Flounder Fillets,Food Lion,13.99,seafood,2026-06-10,2026-06-16
Food Lion Raw Shrimp,Food Lion,7.99,seafood,2026-06-10,2026-06-16
Shrimp Ring,Food Lion,10.99,seafood,2026-06-17,2026-06-23
Food Lion Raw Shrimp,Food Lion,8.99,seafood,2026-06-17,2026-06-23
Food Lion Raw Shrimp,Food Lion,8.99,seafood,2026-07-01,2026-07-07
BONELESS SKINLESS CATFISH FILLETS,Food Lion,11.99,seafood,2026-07-01,2026-07-07
Shrimp Ring,Food Lion,9.99,seafood,2026-07-01,2026-07-07
Food Lion Raw Shrimp,Food Lion,8.99,seafood,2026-07-22,2026-07-28
Food Lion Tilapia Fillets,Food Lion,5.99,seafood,2026-07-22,2026-07-28
Food Lion Raw Shrimp Peeled and Deveined Tail-Off,Food Lion,7.49,seafood,2026-07-22,2026-07-28
Gorton's Fish Fillets,Food Lion,3.99,seafood,2026-09-02,2026-09-08
Food Lion Cooked Shrimp,Food Lion,10.99,seafood,2026-09-02,2026-09-08
WILD CAUGHT PINK SALMON WHOLE SIDE FILLETS,Food Lion,9.99,seafood,2026-06-17,2026-06-23
Fresh Wild Caught Tuna Steaks,Food Lion,7.99,seafood,2026-05-06,2026-05-12
Fresh Wild Caught Tuna Steaks,Food Lion,7.99,seafood,2026-06-17,2026-06-23
"13 - 14 oz. Cape Cod, 6.5 oz. Kettle or Late July Party Size Chips",Harris Teeter,5.99,seafood,2026-05-27,2026-06-02
30 - 40 ct. Scallops,Harris Teeter,10.0,seafood,2026-06-17,2026-06-23
Big T Hatch Chile Crab Dip,Harris Teeter,6.99,seafood,2026-07-22,2026-07-28
Blue Circle Norwegian Smoked Salmon,Harris Teeter,3.99,seafood,2026-05-27,2026-06-02
"Cape Cod, Kettle, Snyder's Seasoned Pieces & Twists or Family Size Pretzels",Harris Teeter,8.0,seafood,2026-09-02,2026-09-08
Cape Cod or Kettle Variety Packs,Harris Teeter,9.99,seafood,2026-07-01,2026-07-07
"Cape Cod, Waves, Kettle, Air Fried, Avocado Oil or Late July Chips",Harris Teeter,5.0,seafood,2026-07-01,2026-07-07
"6 - 10.1 oz. Cape Cod, Waves, Kettle, Air Fried, Avocado Oil or Late July Tortillas or Cravings or - 06 oz. Snyder's Family Size, Specialty or Seasoned Pieces & Twists",Harris Teeter,5.0,seafood,2026-05-20,2026-05-26
"Cape Cod, Waves, Kettle, Air Fried or Avocado Oil or Late July or Cravings Chips",Harris Teeter,8.0,seafood,2026-05-27,2026-06-02
"Cape Cod, Waves or Kettle",Harris Teeter,7.0,seafood,2026-06-17,2026-06-23
"Cape Cod, Waves or Kettle Chips",Harris Teeter,7.0,seafood,2026-04-22,2026-04-28
"Cape Cod, Waves, Family Size Goldfish, Snyder's Family Size Pretzels, Specialty & Rounds or Pieces & Twists",Harris Teeter,7.0,seafood,2026-05-06,2026-05-12
"Cape Cod, Waves, Family Size Goldfish, Snyder's Family Size Pretzels, Specialty & Rounds or Pieces & Twists",Harris Teeter,7.0,seafood,2026-05-13,2026-05-19
Cedar Plank Salmon,Harris Teeter,12.0,seafood,2026-05-20,2026-05-26
Charleston Style Crab Cakes,Harris Teeter,8.0,seafood,2026-04-22,2026-04-28
Charleston Style Crab Cakes,Harris Teeter,8.0,seafood,2026-05-13,2026-05-19
Charleston Style Crab Cakes,Harris Teeter,8.0,seafood,2026-06-03,2026-06-09
Chicken of the Sea Light Tuna Pouch,Harris Teeter,5.0,seafood,2026-05-20,2026-05-26
Chicken of the Sea Packet Up! Tuna & Crackers Kit,Harris Teeter,2.79,seafood,2026-04-22,2026-04-28
Crab Luscious Signature Crab Cakes,Harris Teeter,8.0,seafood,2026-06-17,2026-06-23
Crab Luscious Signature Crab Cakes,Harris Teeter,8.0,seafood,2026-09-02,2026-09-08
Dressed Snapper,Harris Teeter,9.99,seafood,2026-05-27,2026-06-02
Dumpling Daughter Crab Rangoon,Harris Teeter,5.99,seafood,2026-05-20,2026-05-26
Dungeness Crab Clusters,Harris Teeter,17.99,seafood,2026-05-20,2026-05-26
Eastern Shore Style Crab Cakes,Harris Teeter,7.0,seafood,2026-05-06,2026-05-12
Eastern Shore Style Crab Cakes,Harris Teeter,4.0,seafood,2026-06-10,2026-06-16
Fresh Farm Raised Littleneck Clams,Harris Teeter,5.99,seafood,2026-04-29,2026-05-05
Fresh Farm Raised Salmon Portions,Harris Teeter,6.0,seafood,2026-05-13,2026-05-19
Fresh Farm Raised Whole Dressed Rainbow Trout,Harris Teeter,4.99,seafood,2026-06-10,2026-06-16
Farmers Market Gold Kiwi Clamshell,Harris Teeter,4.99,seafood,2026-09-02,2026-09-08
Firecracker Crab Cakes,Harris Teeter,7.0,seafood,2026-05-20,2026-05-26
Fishermans Market Cajun Crab Dip,Harris Teeter,2.99,seafood,2026-07-01,2026-07-07
Fishermans Market Firecracker Crab Cakes,Harris Teeter,4.0,seafood,2026-05-27,2026-06-02
Fishermans Market Seafood Dips,Harris Teeter,2.99,seafood,2026-05-06,2026-05-12
Fishermans Market Seafood Dips,Harris Teeter,2.99,seafood,2026-05-20,2026-05-26
Gorton's Seafood,Harris Teeter,5.99,seafood,2026-09-02,2026-09-08
Habanero Mango Cedar Plank Salmon,Harris Teeter,12.0,seafood,2026-05-27,2026-06-02
Habanero Mango Salmon Portions,Harris Teeter,6.0,seafood,2026-04-29,2026-05-05
Habanero Mango Salmon Portions,Harris Teeter,6.0,seafood,2026-05-27,2026-06-02
Harris Teeter Chunk Light Tuna,Harris Teeter,2.99,seafood,2026-05-13,2026-05-19
Harris Teeter Chunk Light Tuna,Harris Teeter,0.89,seafood,2026-05-27,2026-06-02
Harris Teeter Crab Rangoons,Harris Teeter,6.79,seafood,2026-06-17,2026-07-14
Harris Teeter Less Sodium Chunk Tuna Pouch,Harris Teeter,0.99,seafood,2026-08-12,2026-09-08
Harris Teeter Pink Salmon Pouch,Harris Teeter,3.0,seafood,2026-05-20,2026-05-26
Hatch Chile Crab Cakes,Harris Teeter,7.0,seafood,2026-04-29,2026-05-05
Hatch Chile Salmon Portions,Harris Teeter,6.0,seafood,2026-07-22,2026-07-28
"La Marca, La Crema, Joel Gott or Oyster Bay",Harris Teeter,14.99,seafood,2026-07-01,2026-07-07
"La Marca, La Crema or Oyster Bay",Harris Teeter,13.99,seafood,2026-09-02,2026-09-08
Littleneck Clams,Harris Teeter,5.99,seafood,2026-06-03,2026-06-09
Littleneck Virgina Clams,Harris Teeter,15.99,seafood,2026-06-17,2026-06-23
Littleneck Virginia Clams,Harris Teeter,15.99,seafood,2026-05-06,2026-05-12
Littleneck Virginia Clams,Harris Teeter,15.99,seafood,2026-07-01,2026-07-07
Littleneck Virginia Clams,Harris Teeter,15.99,seafood,2026-09-02,2026-09-08
Maine Blue Mussels,Harris Teeter,6.99,seafood,2026-07-22,2026-07-28
Maine Mahogany Clams,Harris Teeter,7.99,seafood,2026-05-13,2026-05-19
Maine Mahogany Clams,Harris Teeter,7.99,seafood,2026-05-27,2026-06-02
Morey's Grilled Seafood,Harris Teeter,8.99,seafood,2026-04-22,2026-04-28
North Atlantic Lobster Tails,Harris Teeter,5.0,seafood,2026-05-06,2026-05-12
North Atlantic Lobster Tails,Harris Teeter,8.99,seafood,2026-06-10,2026-06-16
4.2 oz. North Atlantic Lobster Tails or per lb. Farm Raised Peeled & Deveined 16 - 25 ct. White Shrimp,Harris Teeter,7.99,seafood,2026-05-06,2026-05-12
Salmon Steaks,Harris Teeter,8.99,seafood,2026-05-27,2026-06-02
Salmon Steaks,Harris Teeter,8.99,seafood,2026-07-01,2026-07-07
Salmon Steaks,Harris Teeter,8.99,seafood,2026-07-22,2026-07-28
Salmon Steaks,Harris Teeter,8.99,seafood,2026-09-02,2026-09-08
Scallops,Harris Teeter,10.0,seafood,2026-06-03,2026-06-09
20/30 Frozen Sea Scallops,Harris Teeter,24.99,seafood,2026-06-10,2026-06-16
20/30 Frozen Sea Scallops,Harris Teeter,24.99,seafood,2026-07-22,2026-07-28
Seafood Empanadas,Harris Teeter,6.0,seafood,2026-04-29,2026-05-05
Signature Crab Cake,Harris Teeter,8.0,seafood,2026-05-27,2026-06-02
Snapper Fillets,Harris Teeter,12.99,seafood,2026-06-03,2026-06-09
Snapper Fillets,Harris Teeter,11.99,seafood,2026-06-17,2026-06-23
Snow Crab Clusters,Harris Teeter,11.99,seafood,2026-06-17,2026-06-23
Stuffed Salmon,Harris Teeter,9.0,seafood,2026-06-10,2026-06-16
Swordfish Steaks,Harris Teeter,10.99,seafood,2026-05-20,2026-05-26
Swordfish Steaks,Harris Teeter,12.99,seafood,2026-06-03,2026-06-09
Swordfish Steaks,Harris Teeter,13.99,seafood,2026-06-17,2026-06-23
Swordfish Steaks,Harris Teeter,10.99,seafood,2026-07-01,2026-07-07
Wild Caught Flounder Fillets,Harris Teeter,11.99,seafood,2026-04-22,2026-04-28
Farm Raised EZ Peel White Shrimp,Harris Teeter,4.99,seafood,2026-04-22,2026-04-28
Farm Raised Coho Salmon Fillets,Harris Teeter,7.99,seafood,2026-04-22,2026-04-28
per lb. Wild Caught 16-25 ct. Peeled & Deveined Argentine Shrimp or Wild Caught Sockeye Salmon Fillets,Harris Teeter,9.99,seafood,2026-04-22,2026-04-28
Wild Caught White Shrimp,Harris Teeter,12.99,seafood,2026-04-22,2026-04-28
Cooked Shrimp,Harris Teeter,7.99,seafood,2026-04-29,2026-05-05
Wild Caught Peeled & ma Deveined White Shrimp,Harris Teeter,11.99,seafood,2026-04-29,2026-05-05
Argentine Shrimp,Harris Teeter,7.99,seafood,2026-04-29,2026-05-05
Wild Caught Mahi Mahi Fillets,Harris Teeter,11.99,seafood,2026-04-29,2026-05-05
Tilapia Fillets,Harris Teeter,6.99,seafood,2026-04-29,2026-05-05
Catfish Fillets,Harris Teeter,8.99,seafood,2026-05-06,2026-05-12
Fresh Wild Caught White Shrimp,Harris Teeter,12.99,seafood,2026-05-06,2026-05-12
Cooked Shrimp,Harris Teeter,9.99,seafood,2026-05-06,2026-05-12
White Shrimp,Harris Teeter,4.99,seafood,2026-05-06,2026-05-12
Fresh Wild Caught Peeled & Deveined White Shrimp,Harris Teeter,12.99,seafood,2026-05-13,2026-05-19
Wild Caught Alaska Sockeye Salmon Fillet,Harris Teeter,15.99,seafood,2026-05-13,2026-05-19
Farm Raised Tilapia Fillets,Harris Teeter,5.99,seafood,2026-05-13,2026-05-19
EZ Peel White Shrimp,Harris Teeter,7.99,seafood,2026-05-13,2026-05-19
Cooked Shrimp,Harris Teeter,7.99,seafood,2026-05-13,2026-05-19
Farm Raised Salmon Fillets,Harris Teeter,9.99,seafood,2026-05-13,2026-05-19
per lb. Wild Caught Snow Crab Clusters or Peeled & Deveined Farm Raised 16 - 25 ct. Shrimp,Harris Teeter,9.99,seafood,2026-05-20,2026-05-26
Cooked Shrimp Extra - Large,Harris Teeter,8.99,seafood,2026-05-20,2026-05-26
Mahi Mahi Fillets,Harris Teeter,11.99,seafood,2026-05-20,2026-05-26
Wild Caught White Shrimp,Harris Teeter,12.99,seafood,2026-05-20,2026-05-26
Harris Teeter Breaded & Sauced Shrimp,Harris Teeter,8.0,seafood,2026-05-20,2026-05-26
Salmon Fillets,Harris Teeter,14.99,seafood,2026-05-20,2026-05-26
Fishermans Market Small Shrimp Bowl,Harris Teeter,5.0,seafood,2026-05-27,2026-06-02
Firecracker Shrimp,Harris Teeter,9.99,seafood,2026-05-27,2026-06-02
Catfish Fillets,Harris Teeter,6.99,seafood,2026-05-27,2026-06-02
Coho Salmon Fillets,Harris Teeter,7.99,seafood,2026-05-27,2026-06-02
Tilapia Fillets,Harris Teeter,6.99,seafood,2026-05-27,2026-06-02
Fresh Wild Caught White Shrimp,Harris Teeter,12.99,seafood,2026-05-27,2026-06-02
EZ Peel White Shrimp,Harris Teeter,7.99,seafood,2026-05-27,2026-06-02
Fishermans Market Firecracker Small Shrimp Bowl,Harris Teeter,5.0,seafood,2026-05-27,2026-06-02
Fishermans Market Small Shrimp Bowl,Harris Teeter,5.0,seafood,2026-06-03,2026-06-09
White Shrimp,Harris Teeter,12.99,seafood,2026-06-03,2026-06-09
Fishermans Market Peeled & Deveined Shrimp,Harris Teeter,6.99,seafood,2026-06-03,2026-06-09
Cooked Shrimp,Harris Teeter,11.99,seafood,2026-06-03,2026-06-09
Blue Catfish Fillets,Harris Teeter,8.99,seafood,2026-06-10,2026-06-16
16-20 ct. Shell-On White Shrimp,Harris Teeter,7.99,seafood,2026-06-10,2026-06-16
Argentine Shrimp,Harris Teeter,10.99,seafood,2026-06-10,2026-06-16
Harris Teeter Breaded & Sauced Shrimp,Harris Teeter,9.0,seafood,2026-06-10,2026-06-16
Peeled & Deveined White Shrimp,Harris Teeter,12.99,seafood,2026-06-10,2026-06-16
Wild Caught Tuna Steaks or Fresh Farm Raised Salmon Fillets,Harris Teeter,9.99,seafood,2026-06-10,2026-06-16
Fishermans Market Farm Raised 21 — 30 ct. EZ Peel White Shrimp,Harris Teeter,6.99,seafood,2026-06-17,2026-06-23
Alaska Sockeye Salmon Fillets,Harris Teeter,24.99,seafood,2026-06-17,2026-06-23
Cooked Shrimp,Harris Teeter,9.99,seafood,2026-06-17,2026-06-23
Wild Caught Argentine Shrimp,Harris Teeter,13.99,seafood,2026-06-17,2026-06-23
White Shrimp,Harris Teeter,12.99,seafood,2026-06-17,2026-06-23
Wild Caught Mahi Mahi Fillets,Harris Teeter,11.99,seafood,2026-07-01,2026-07-07
8 - 9 oz. Harris Teeter Breaded & Sauced Shrimp or 12 oz. Cheese Curds or Fried Pickles,Harris Teeter,8.0,seafood,2026-07-01,2026-07-07
Alaska Sockeye Salmon Fillets,Harris Teeter,24.99,seafood,2026-07-01,2026-07-07
White Shrimp,Harris Teeter,11.99,seafood,2026-07-01,2026-07-07
Wild Caught Snow Crab Clusters or Farm Raised 16 - 25 ct. Shrimp,Harris Teeter,9.99,seafood,2026-07-01,2026-07-07
Fresh Farm Raised Salmon Fillets,Harris Teeter,9.99,seafood,2026-07-01,2026-07-07
Cooked Shrimp,Harris Teeter,8.99,seafood,2026-07-01,2026-07-07
EZ Peel White Shrimp,Harris Teeter,7.99,seafood,2026-07-01,2026-07-07
Cooked Shrimp,Harris Teeter,6.99,seafood,2026-07-22,2026-07-28
Harris Teeter Breaded & Sauced Shrimp,Harris Teeter,8.0,seafood,2026-07-22,2026-07-28
Farm Raised Coho Salmon Fillets,Harris Teeter,7.99,seafood,2026-07-22,2026-07-28
Farm Raised Catfish Fillets,Harris Teeter,6.99,seafood,2026-07-22,2026-07-28
Snow Crab Clusters Wild Caught or 13 - 15 ct. Argentine Shrimp Wild Caught Peeled & Deveined,Harris Teeter,9.99,seafood,2026-07-22,2026-07-28
Wild Caught Snow Crab Clusters or Wild Caught Alaska Sockeye Salmon Fillets,Harris Teeter,9.99,seafood,2026-09-02,2026-09-08
Wild Caught Mahi Mahi Fillets,Harris Teeter,11.99,seafood,2026-09-02,2026-09-08
Peeled & Deveined Shrimp,Harris Teeter,12.99,seafood,2026-09-02,2026-09-08
Tuna Steaks,Harris Teeter,9.99,seafood,2026-05-20,2026-05-26
Tuna Steaks,Harris Teeter,9.99,seafood,2026-06-17,2026-06-23
Tuna Steaks,Harris Teeter,9.99,seafood,2026-07-01,2026-07-07
Wild Caught Dungeness Crab Clusters,Harris Teeter,17.99,seafood,2026-05-06,2026-05-12
Wild Caught Dungeness Crab Clusters or Wild Caught 16 - 25 ct. Peeled & Deveined Argentine Shrimp,Harris Teeter,9.99,seafood,2026-06-03,2026-06-09
Wild Caught Lobster Tails,Harris Teeter,5.0,seafood,2026-06-17,2026-06-23
Wild Caught Lobster Tails,Harris Teeter,5.0,seafood,2026-09-02,2026-09-08
Fresh Wild Caught Maine Mahogany Clams,Harris Teeter,7.99,seafood,2026-04-22,2026-04-28
Wild Caught North Atlantic Lobster Tails,Harris Teeter,6.99,seafood,2026-06-17,2026-06-23
Wild Caught Patagonian Bay Scallops,Harris Teeter,10.0,seafood,2026-04-22,2026-04-28
Wild Caught Rock Crab Clusters,Harris Teeter,7.99,seafood,2026-05-13,2026-05-19
Wild Caught Rock Crab Clusters,Harris Teeter,2.99,seafood,2026-06-10,2026-06-16
Wild Caught Snapper Fillets,Harris Teeter,11.99,seafood,2026-05-06,2026-05-12
Wild Caught Snow Crab Clusters,Harris Teeter,11.99,seafood,2026-04-29,2026-05-05
Wild Caught Swordfish Steaks,Harris Teeter,10.99,seafood,2026-05-13,2026-05-19
Wild Caught Swordfish Steaks,Harris Teeter,10.99,seafood,2026-09-02,2026-09-08
Wild Caught Tuna Medallions,Harris Teeter,7.99,seafood,2026-07-22,2026-07-28
Fresh Wild Caught Tuna Steaks,Harris Teeter,12.99,seafood,2026-04-22,2026-04-28
Fresh Wild Caught Tuna Steaks,Harris Teeter,10.99,seafood,2026-05-06,2026-05-12
Fresh Wild Caught Tuna Steaks,Harris Teeter,9.99,seafood,2026-09-02,2026-09-08
Cape Cod Kettle Cooked Chips,Lowes Foods,7.0,seafood,2026-07-01,2026-07-07
Cape Cod Kettle Cooked Chips,Lowes Foods,7.0,seafood,2026-09-02,2026-09-08
Center Cut Tuna Steaks,Lowes Foods,9.99,seafood,2026-09-02,2026-09-08
Chef's Net Claw Crabmeat,Lowes Foods,12.99,seafood,2026-04-22,2026-04-28
Chef's Net Claw Crabmeat,Lowes Foods,14.99,seafood,2026-05-27,2026-06-02
Cod Portions,Lowes Foods,3.99,seafood,2026-05-06,2026-05-12
30/40 Dry Sea Scallops,Lowes Foods,24.99,seafood,2026-04-22,2026-04-28
30/40 Dry Sea Scallops,Lowes Foods,24.99,seafood,2026-05-20,2026-05-26
30/40 Dry Sea Scallops,Lowes Foods,24.99,seafood,2026-06-03,2026-06-09
30/40 Dry Sea Scallops,Lowes Foods,24.99,seafood,2026-06-10,2026-06-16
30/40 Dry Sea Scallops,Lowes Foods,23.99,seafood,2026-07-01,2026-07-07
30/40 Dry Sea Scallops,Lowes Foods,23.99,seafood,2026-09-02,2026-09-08
Gorton's Seafood,Lowes Foods,7.49,seafood,2026-06-17,2026-06-23
Gorton's Seafood Value Packs,Lowes Foods,6.49,seafood,2026-04-29,2026-05-05
Jonah Crab Claws,Lowes Foods,7.99,seafood,2026-04-29,2026-05-05
Jonah Crab Claws,Lowes Foods,5.99,seafood,2026-05-20,2026-05-26
Jonah Crab Claws,Lowes Foods,7.99,seafood,2026-06-10,2026-06-16
Jonah Crab Claws,Lowes Foods,7.99,seafood,2026-07-22,2026-07-28
Jonah Crab Claws,Lowes Foods,7.99,seafood,2026-09-02,2026-09-08
"Josh, Oyster Bay, Wente or Riondo",Lowes Foods,11.88,seafood,2026-09-02,2026-09-08
Krimson Mini Saku Sashimi Tuna,Lowes Foods,4.99,seafood,2026-04-29,2026-05-05
Krimson Mini Saku Sashimi Tuna,Lowes Foods,4.99,seafood,2026-06-10,2026-06-16
"La Marca, J. Lohr, Oyster Bay or Boen",Lowes Foods,12.79,seafood,2026-07-22,2026-07-28
Live Lobster,Lowes Foods,19.99,seafood,2026-05-06,2026-05-12
Lobster Tail,Lowes Foods,7.99,seafood,2026-04-22,2026-04-28
Lobster Tail,Lowes Foods,7.99,seafood,2026-05-20,2026-05-26
Lobster Tails,Lowes Foods,4.99,seafood,2026-04-29,2026-05-05
Lobster Tails,Lowes Foods,4.99,seafood,2026-05-27,2026-06-02
Lobster Tails,Lowes Foods,7.99,seafood,2026-06-17,2026-06-23
Lobster Tails,Lowes Foods,4.99,seafood,2026-07-01,2026-07-07
Lobster Tails,Lowes Foods,7.99,seafood,2026-09-02,2026-09-08
Maryland 2 Pack Crab Cakes,Lowes Foods,9.49,seafood,2026-06-17,2026-06-23
Matlaw's Stuffed Scallops,Lowes Foods,7.29,seafood,2026-06-03,2026-06-09
Nature's Best Seafood Surimi Snow Crab Legs,Lowes Foods,14.89,seafood,2026-04-22,2026-04-28
Patagonia Salmon Portions,Lowes Foods,6.99,seafood,2026-06-10,2026-06-16
Pier 33 Blackened Salmon Portion,Lowes Foods,10.99,seafood,2026-05-27,2026-06-02
Pier 33 Gourmet Langostino Lobster,Lowes Foods,12.49,seafood,2026-04-22,2026-04-28
Pier 33 Gourmet Langostino Lobster,Lowes Foods,12.49,seafood,2026-07-22,2026-07-28
Pier 33 Gourmet Mussels in Sauce,Lowes Foods,3.79,seafood,2026-07-22,2026-07-28
Pier 33 Mussels in Sauce,Lowes Foods,3.79,seafood,2026-05-06,2026-05-12
Organic Salmon Portions,Lowes Foods,7.99,seafood,2026-05-13,2026-05-19
Fresh Salmon Stuffed with Seafood,Lowes Foods,8.99,seafood,2026-05-13,2026-05-19
Sea Bass Portion,Lowes Foods,11.99,seafood,2026-09-02,2026-09-08
Sea Bass Portions,Lowes Foods,11.99,seafood,2026-07-01,2026-07-07
Sea Bass Portions,Lowes Foods,11.99,seafood,2026-07-22,2026-07-28
20/30 Frozen Sea Scallops,Lowes Foods,17.99,seafood,2026-04-29,2026-05-05
20/30 Frozen Sea Scallops,Lowes Foods,17.99,seafood,2026-07-22,2026-07-28
Seabass Portions,Lowes Foods,11.99,seafood,2026-05-27,2026-06-02
Seafood Boil Kit,Lowes Foods,12.99,seafood,2026-09-02,2026-09-08
Snapper Portion,Lowes Foods,4.99,seafood,2026-06-17,2026-06-23
Snapper Portions,Lowes Foods,4.99,seafood,2026-04-29,2026-05-05
Snow Crab Clusters,Lowes Foods,12.99,seafood,2026-04-22,2026-04-28
Snow Crab Clusters,Lowes Foods,14.99,seafood,2026-05-06,2026-05-12
Snow Crab Clusters,Lowes Foods,14.99,seafood,2026-05-13,2026-05-19
Snow Crab Clusters,Lowes Foods,12.99,seafood,2026-05-20,2026-05-26
Snow Crab Clusters,Lowes Foods,14.99,seafood,2026-06-03,2026-06-09
Snow Crab Clusters,Lowes Foods,12.99,seafood,2026-06-17,2026-06-23
Snow Crab Clusters,Lowes Foods,14.99,seafood,2026-07-01,2026-07-07
Snow Crab Clusters,Lowes Foods,12.99,seafood,2026-07-22,2026-07-28
Snow Crab Clusters,Lowes Foods,14.99,seafood,2026-09-02,2026-09-08
Snyder's of Hanover Pretzels or Cape Cod Kettle Chips,Lowes Foods,7.0,seafood,2026-06-10,2026-06-16
Snyder's of Hanover Pretzels or Cape Cod Kettle Cooked,Lowes Foods,7.0,seafood,2026-06-03,2026-06-09
Frozen Sockeye Salmon Portions,Lowes Foods,7.99,seafood,2026-05-13,2026-05-19
Starkist Chunk White Tuna,Lowes Foods,5.0,seafood,2026-06-03,2026-06-09
StarKist Tuna Pouches or Smart Bowls,Lowes Foods,5.0,seafood,2026-05-20,2026-05-26
Swordfish Portions,Lowes Foods,3.99,seafood,2026-05-06,2026-05-12
That's Smart! Oyster Crackers,Lowes Foods,1.19,seafood,2026-04-29,2026-05-05
That's Smart! Oyster Crackers,Lowes Foods,1.19,seafood,2026-05-13,2026-05-19
That's Smart! Oyster Crackers,Lowes Foods,1.19,seafood,2026-06-10,2026-06-16
That's Smart! Oyster Crackers,Lowes Foods,1.19,seafood,2026-09-02,2026-09-08
Trans Ocean Crab Classics,Lowes Foods,5.0,seafood,2026-06-03,2026-06-09
SeaPak Shrimp,Lowes Foods,5.99,seafood,2026-04-22,2026-04-28
Mahi Mahi Portions,Lowes Foods,3.99,seafood,2026-04-22,2026-04-28
Fresh Atlantic Salmon Fillets,Lowes Foods,10.99,seafood,2026-04-22,2026-04-28
Coho Salmon Fillets,Lowes Foods,8.99,seafood,2026-04-22,2026-04-28
Fresh Atlantic Salmon Fillets,Lowes Foods,10.99,seafood,2026-04-29,2026-05-05
Cod Fillets,Lowes Foods,11.99,seafood,2026-04-29,2026-05-05
Lowes Foods Shrimp Ring,Lowes Foods,10.99,seafood,2026-04-29,2026-05-05
Fresh Atlantic Salmon Fillets,Lowes Foods,9.99,seafood,2026-05-06,2026-05-12
Catfish Fillets,Lowes Foods,5.99,seafood,2026-05-06,2026-05-12
Grouper Fillets,Lowes Foods,17.99,seafood,2026-05-06,2026-05-12
Fresh Atlantic Salmon Fillets,Lowes Foods,10.99,seafood,2026-05-13,2026-05-19
Flounder Fillet,Lowes Foods,17.99,seafood,2026-05-13,2026-05-19
Fresh Atlantic Salmon Fillets,Lowes Foods,10.99,seafood,2026-05-20,2026-05-26
Grouper Portions,Lowes Foods,6.99,seafood,2026-05-20,2026-05-26
Golden Harvest Shrimp Skewers,Lowes Foods,8.99,seafood,2026-05-20,2026-05-26
Catfish Fillets,Lowes Foods,5.99,seafood,2026-05-27,2026-06-02
Cod Fillets,Lowes Foods,11.99,seafood,2026-05-27,2026-06-02
Fresh Atlantic Salmon Fillets,Lowes Foods,8.99,seafood,2026-05-27,2026-06-02
Legacy Shrimp Steam Meals,Lowes Foods,11.99,seafood,2026-05-27,2026-06-02
Golden Harvest Shrimp Skewers,Lowes Foods,8.99,seafood,2026-06-03,2026-06-09
Norwegian Salmon Fillets,Lowes Foods,13.99,seafood,2026-06-03,2026-06-09
Grouper Fillets,Lowes Foods,17.99,seafood,2026-06-03,2026-06-09
Fresh Atlantic Salmon Fillets,Lowes Foods,10.99,seafood,2026-06-03,2026-06-09
Fresh Atlantic Salmon Fillets,Lowes Foods,10.99,seafood,2026-06-10,2026-06-16
Mahi Mahi Fillets,Lowes Foods,8.99,seafood,2026-06-10,2026-06-16
Fresh Atlantic Salmon Fillets,Lowes Foods,10.99,seafood,2026-06-17,2026-06-23
Cod Fillets,Lowes Foods,11.99,seafood,2026-06-17,2026-06-23
Lowes Foods Shrimp Ring,Lowes Foods,7.0,seafood,2026-06-17,2026-06-23
FRESH ATLANTIC SALMON FILLETS,Lowes Foods,9.99,seafood,2026-07-01,2026-07-07
Cod Fillets,Lowes Foods,11.99,seafood,2026-07-01,2026-07-07
Grouper Portion,Lowes Foods,6.99,seafood,2026-07-01,2026-07-07
Tuna Steaks Mahi Mahi Portions,Lowes Foods,3.99,seafood,2026-07-01,2026-07-07
Cod Fillets,Lowes Foods,11.99,seafood,2026-07-22,2026-07-28
FRESH ATLANTIC SALMON FILLETS,Lowes Foods,10.99,seafood,2026-07-22,2026-07-28
Cod Fillets,Lowes Foods,11.99,seafood,2026-09-02,2026-09-08
Mahi Mahi Portions,Lowes Foods,3.99,seafood,2026-09-02,2026-09-08
Fresh Atlantic Salmon Fillets,Lowes Foods,9.99,seafood,2026-09-02,2026-09-08
Tuna Steaks,Lowes Foods,9.99,seafood,2026-04-22,2026-04-28
Tuna Steaks,Lowes Foods,9.99,seafood,2026-04-29,2026-05-05
Tuna Steaks,Lowes Foods,9.99,seafood,2026-05-06,2026-05-12
Tuna Steaks,Lowes Foods,9.99,seafood,2026-05-13,2026-05-19
Tuna Steaks,Lowes Foods,9.99,seafood,2026-05-20,2026-05-26
Tuna Steaks,Lowes Foods,9.99,seafood,2026-05-27,2026-06-02
Tuna Steaks,Lowes Foods,9.99,seafood,2026-06-03,2026-06-09
Tuna Steaks,Lowes Foods,9.99,seafood,2026-06-10,2026-06-16
Tuna Steaks,Lowes Foods,9.99,seafood,2026-06-17,2026-06-23
Tuna Steaks,Lowes Foods,9.99,seafood,2026-07-01,2026-07-07
Tuna Steaks,Lowes Foods,9.99,seafood,2026-07-22,2026-07-28
Twin Pack Lobster Tails,Lowes Foods,11.99,seafood,2026-05-06,2026-05-12
Twin Pack Lobster Tails,Lowes Foods,11.99,seafood,2026-06-03,2026-06-09
Whole Cooked Lobster,Lowes Foods,14.99,seafood,2026-05-13,2026-05-19
Annasea Ahi Tuna Poke Kit,Publix,8.99,seafood,2026-05-06,2026-05-12
"Cape Cod, Late July or Kettle Brand 13-15-oz OR Snyder's of Hanover 18-oz or Gluten Free 14-oz",Publix,10.0,seafood,2026-05-16,2026-05-29
"Cape Cod, Late July or Kettle Brand 13-15-oz OR Snyder's of Hanover 18-oz or Gluten Free 14-oz",Publix,10.0,seafood,2026-07-15,2026-07-28
Cedar Bay Cedar Planked Atlantic Salmon,Publix,7.99,seafood,2026-04-29,2026-05-05
Cedar Bay Cedar Planked Atlantic Salmon,Publix,9.99,seafood,2026-05-20,2026-05-26
Chicken of the Sea Chunk Light Tuna in Water,Publix,2.99,seafood,2026-04-18,2026-05-01
Ducktrap Smoked Atlantic Salmon,Publix,5.99,seafood,2026-05-27,2026-06-03
Eat Fresco Salmon Baked,Publix,8.79,seafood,2026-07-22,2026-07-28
Echo Falls Smoked Salmon,Publix,9.99,seafood,2026-04-29,2026-05-05
GreenWise Sea Scallops,Publix,23.99,seafood,2026-05-13,2026-05-19
GreenWise Snow Crab Clusters,Publix,13.99,seafood,2026-06-10,2026-06-16
GreenWise Snow Crab Clusters,Publix,13.99,seafood,2026-06-17,2026-06-23
GreenWise Snow Crab Clusters,Publix,13.99,seafood,2026-07-22,2026-07-28
Lobster Tails,Publix,5.99,seafood,2026-04-29,2026-05-05
Lobster Tails,Publix,5.99,seafood,2026-05-06,2026-05-12
Lobster Tails,Publix,6.99,seafood,2026-06-03,2026-06-10
Lobster Tails,Publix,6.99,seafood,2026-06-10,2026-06-16
Lobster Tails,Publix,6.99,seafood,2026-06-17,2026-06-23
Lobster Tails,Publix,5.99,seafood,2026-07-22,2026-07-28
Publix Mini Crab Cakes,Publix,7.99,seafood,2026-05-27,2026-06-03
Publix Mini Crab Cakes,Publix,7.99,seafood,2026-06-17,2026-06-23
Publix Salmon Entrées,Publix,7.99,seafood,2026-05-06,2026-05-12
Publix Salmon Meal for One,Publix,7.99,seafood,2026-07-01,2026-07-07
Publix Salmon Meal for One,Publix,7.99,seafood,2026-07-22,2026-07-28
Publix Salmon Meals for One,Publix,7.99,seafood,2026-06-03,2026-06-10
Publix Snapper Fillets,Publix,13.99,seafood,2026-06-10,2026-06-16
Publix Wild Caught Salmon Salad,Publix,8.99,seafood,2026-05-27,2026-06-03
Salmon Select Cuts,Publix,7.99,seafood,2026-04-22,2026-04-28
Salmon Select Cuts,Publix,6.99,seafood,2026-04-29,2026-05-05
Salmon Select Cuts,Publix,7.99,seafood,2026-05-13,2026-05-19
Salmon Select Cuts,Publix,6.99,seafood,2026-05-20,2026-05-26
Salmon Select Cuts,Publix,6.99,seafood,2026-06-10,2026-06-16
Salmon Select Cuts,Publix,7.99,seafood,2026-06-10,2026-06-16
Salmon Select Cuts,Publix,6.99,seafood,2026-07-01,2026-07-07
Salmon Select Cuts,Publix,7.99,seafood,2026-07-01,2026-07-07
Salmon Select Cuts,Publix,7.99,seafood,2026-07-22,2026-07-28
Salmon Select Cuts,Publix,6.99,seafood,2026-07-22,2026-07-28
Salmon Select Cuts,Publix,6.99,seafood,2026-09-02,2026-09-08
Starkist Solid White Albacore Tuna,Publix,10.0,seafood,2026-06-10,2026-06-16
"StarKist Tuna or Chicken Creations, Wild Caught Light Tuna 2.6-oz pouch or Chunk White Albacore Tuna 5-oz can",Publix,5.0,seafood,2026-04-18,2026-05-01
Starkist Wild Caught Light Tuna,Publix,10.0,seafood,2026-06-10,2026-06-16
Tanner Crab Clusters,Publix,19.99,seafood,2026-04-22,2026-04-28
Tanner Crab Clusters,Publix,19.99,seafood,2026-05-06,2026-05-12
Publix Tender and Shrimp Combo Meal,Publix,9.49,seafood,2026-04-22,2026-04-28
Publix Wing and Shrimp Combo Meal,Publix,9.49,seafood,2026-04-22,2026-04-28
Publix Cod and Shrimp Combo Meal,Publix,9.49,seafood,2026-04-22,2026-04-28
Publix Catfish and Shrimp Combo Meal,Publix,9.49,seafood,2026-04-22,2026-04-28
Argentine Red Shrimp,Publix,9.99,seafood,2026-04-22,2026-04-28
Argentine Red Shrimp,Publix,11.99,seafood,2026-04-22,2026-04-28
White Shrimp,Publix,7.99,seafood,2026-04-22,2026-04-28
"White Shrimp, Peeled & Deveined",Publix,8.99,seafood,2026-04-22,2026-04-28
Salmon Fillets,Publix,11.99,seafood,2026-04-22,2026-04-28
GreenWise Sockeye Salmon Fillets,Publix,14.99,seafood,2026-04-22,2026-04-28
"White Shrimp, Peeled & Deveined",Publix,8.99,seafood,2026-04-29,2026-05-05
White Shrimp,Publix,7.99,seafood,2026-04-29,2026-05-05
Publix Asian Shrimp Stir,Publix,8.99,seafood,2026-04-29,2026-05-05
Shrimp Snack Pack,Publix,10.0,seafood,2026-05-06,2026-05-12
White Shrimp,Publix,9.99,seafood,2026-05-06,2026-05-12
Cooked Shrimp,Publix,12.99,seafood,2026-05-06,2026-05-12
Publix Tilapia Fillets,Publix,10.99,seafood,2026-05-06,2026-05-12
GreenWise Flounder Fillets,Publix,7.99,seafood,2026-05-06,2026-05-12
Salmon Fillets,Publix,11.99,seafood,2026-05-06,2026-05-12
GreenWise Coho Salmon Fillets,Publix,13.99,seafood,2026-05-13,2026-05-19
Florida Pink Shrimp,Publix,12.99,seafood,2026-05-13,2026-05-19
Bluehouse Atlantic Salmon Fillets,Publix,13.99,seafood,2026-05-13,2026-05-19
Catfish Fillets,Publix,8.99,seafood,2026-05-13,2026-05-19
Cooked Shrimp Extra - Large,Publix,11.99,seafood,2026-05-20,2026-05-26
Tilapia Fillets,Publix,6.59,seafood,2026-05-20,2026-05-26
GreenWise Sockeye Salmon Fillets,Publix,15.99,seafood,2026-05-20,2026-05-26
White Shrimp,Publix,9.99,seafood,2026-05-20,2026-05-26
Publix Atlantic Salmon Fillets,Publix,9.99,seafood,2026-05-27,2026-06-03
Salmon Fillets,Publix,11.99,seafood,2026-05-27,2026-06-03
White Shrimp,Publix,8.99,seafood,2026-05-27,2026-06-03
White Shrimp,Publix,6.99,seafood,2026-05-27,2026-06-03
Cooked Shrimp,Publix,12.99,seafood,2026-05-27,2026-06-03
Publix Peeled & Deveined White Shrimp†,Publix,14.99,seafood,2026-06-03,2026-06-10
Bluehouse Atlantic Salmon Fillets,Publix,14.99,seafood,2026-06-03,2026-06-10
White Shrimp,Publix,7.99,seafood,2026-06-03,2026-06-10
Catfish Fillets,Publix,8.99,seafood,2026-06-03,2026-06-10
"White Shrimp, Peeled & Deveined,",Publix,9.99,seafood,2026-06-03,2026-06-10
"White Shrimp, Peeled and Deveined",Publix,8.99,seafood,2026-06-10,2026-06-16
GreenWise White Shrimp,Publix,12.99,seafood,2026-06-10,2026-06-16
White Shrimp,Publix,9.99,seafood,2026-06-10,2026-06-16
"White Shrimp, Peeled and Deveined",Publix,9.99,seafood,2026-06-03,2026-06-10
"White Shrimp, Peeled & Deveined, Large",Publix,9.99,seafood,2026-06-17,2026-06-23
Bluehouse Atlantic Salmon Fillets†,Publix,14.99,seafood,2026-06-17,2026-06-23
Shrimp Snack Pack,Publix,10.0,seafood,2026-06-17,2026-06-23
White Shrimp,Publix,7.99,seafood,2026-06-17,2026-06-23
GreenWise Sockeye Salmon Fillets,Publix,15.99,seafood,2026-06-17,2026-06-23
White Shrimp,Publix,9.99,seafood,2026-07-01,2026-07-07
"Argentine Red Shrimp, Peeled",Publix,11.99,seafood,2026-07-01,2026-07-07
GreenWise Sockeye Salmon Fillets,Publix,17.99,seafood,2026-07-01,2026-07-07
White Shrimp,Publix,9.99,seafood,2026-07-22,2026-07-28
Publix Grouper Fillets,Publix,11.99,seafood,2026-07-22,2026-07-28
Cooked Shrimp,Publix,11.99,seafood,2026-07-22,2026-07-28
GreenWise Sockeye Salmon Fillets,Publix,17.99,seafood,2026-07-22,2026-07-28
Publix Medium Shrimp Platter,Publix,13.99,seafood,2026-09-02,2026-09-08
White Shrimp,Publix,9.99,seafood,2026-09-02,2026-09-08
Argentine Red Shrimp,Publix,12.99,seafood,2026-09-02,2026-09-08
Publix Hand-Breaded Panko Shrimp,Publix,5.99,seafood,2026-09-02,2026-09-08
Vita Classic Smoked Atlantic Salmon,Publix,6.99,seafood,2026-06-03,2026-06-10
ALDI Guacamole,ALDI,4.29,snacks,2026-04-29,2026-05-05
ALDI Guacamole,ALDI,4.29,snacks,2026-06-10,2026-06-16
Barissimo Caramel Macchiato Creamer,ALDI,2.69,snacks,2026-07-22,2026-07-28
Barissimo Caramel Macchiato Creamer,ALDI,2.69,snacks,2026-09-02,2026-09-08
Barissimo Sweet Vanilla or Caramel Macchiato Barista Cold Foam,ALDI,3.29,snacks,2026-05-06,2026-05-12
Benton's Honey Graham Crackers,ALDI,1.99,snacks,2026-05-20,2026-05-26
Benton's Honey Graham Crackers,ALDI,1.99,snacks,2026-06-03,2026-06-09
Casa Mamita Medium Salsa,ALDI,2.59,snacks,2026-09-02,2026-09-08
Casa Mamita Salsa Con Queso,ALDI,2.19,snacks,2026-04-29,2026-05-05
Casa Mamita Salsa Con Queso,ALDI,2.29,snacks,2026-09-02,2026-09-08
Clancy's Kettle Chips,ALDI,1.95,snacks,2026-05-20,2026-05-26
Clancy's Kettle Chips,ALDI,1.89,snacks,2026-07-22,2026-07-28
Clancy's Kettle Chips,ALDI,1.89,snacks,2026-09-02,2026-09-08
Clancy's Original or Jalapeño Kettle Chips,ALDI,1.89,snacks,2026-06-17,2026-06-23
Clancy's Original or Jalapeño Kettle Chips,ALDI,1.89,snacks,2026-09-02,2026-09-08
Frozen Cotton Candy Grapes,ALDI,3.89,snacks,2026-04-22,2026-04-28
Frozen Cotton Candy Grapes,ALDI,6.99,snacks,2026-04-22,2026-04-28
Frozen Cotton Candy Grapes,ALDI,6.99,snacks,2026-05-06,2026-05-12
Frozen Cotton Candy Grapes,ALDI,4.99,snacks,2026-07-01,2026-07-07
Crane Golf Chipping Game,ALDI,39.99,snacks,2026-06-10,2026-06-16
Crofton Condiment or Dip Containers,ALDI,3.99,snacks,2026-05-13,2026-05-19
Deutsche Küche Bavarian Soft Pretzels or Pretzel Sticks,ALDI,4.29,snacks,2026-04-29,2026-05-05
Deutsche Küche Peanut Puffs,ALDI,2.49,snacks,2026-04-29,2026-05-05
Elevation Functional Protein Bars,ALDI,3.69,snacks,2026-07-22,2026-07-28
Elevation Functional Protein Bars,ALDI,3.69,snacks,2026-09-02,2026-09-08
Elevation Protein Energy Bars,ALDI,4.99,snacks,2026-06-03,2026-06-09
Savoritz Six Cracker Assortment,ALDI,3.79,snacks,2026-05-20,2026-05-26
Simply Nature Organic Fruit Snacks,ALDI,4.95,snacks,2026-07-22,2026-07-28
Simply Nature Organic Fruit Snacks,ALDI,4.95,snacks,2026-09-02,2026-09-08
Simply Nature Organic Hummus,ALDI,2.59,snacks,2026-06-10,2026-06-16
Simply Nature Organic Hummus,ALDI,2.59,snacks,2026-07-01,2026-07-07
Southern Grove Almonds,ALDI,5.95,snacks,2026-06-03,2026-06-09
Southern Grove Dry Roasted Peanuts with Sea Salt,ALDI,2.29,snacks,2026-09-02,2026-09-08
Southern Grove Mixed Nuts with Peanuts,ALDI,5.29,snacks,2026-07-01,2026-07-07
Specially Selected Premium Flavored Salsa,ALDI,3.79,snacks,2026-05-20,2026-05-26
Specially Selected Summer Salsa,ALDI,3.79,snacks,2026-07-01,2026-07-07
Specially Selected Summer Salsa,ALDI,3.79,snacks,2026-07-22,2026-07-28
Sundae Shoppe Fudge or Caramel Sundae Nut Cones Variety Pack,ALDI,5.45,snacks,2026-07-22,2026-07-28
Albanese Gummies,Food Lion,2.99,snacks,2026-07-22,2026-07-28
Angie's Boomchickapop Popcorn,Food Lion,2.79,snacks,2026-04-22,2026-04-28
Angie's Boomchickapop Popcorn,Food Lion,3.49,snacks,2026-06-17,2026-06-23
Angie's Boomchickapop Popcorn,Food Lion,3.49,snacks,2026-07-22,2026-07-28
Atkins Protein Bars,Food Lion,6.99,snacks,2026-04-29,2026-05-05
Atkins Protein Bars,Food Lion,5.99,snacks,2026-09-02,2026-09-08
Betty Crocker or Mott's Fruit Snacks,Food Lion,5.0,snacks,2026-04-29,2026-05-05
Betty Crocker or Mott's Fruit Snacks,Food Lion,5.0,snacks,2026-07-01,2026-07-07
Betty Crocker or Mott's Fruit Snacks,Food Lion,4.99,snacks,2026-07-22,2026-07-28
Betty Crocker or Mott's Fruit Snacks,Food Lion,4.99,snacks,2026-09-02,2026-09-08
Betty Crocker or Motts Fruit Snacks,Food Lion,4.99,snacks,2026-05-20,2026-05-26
Blue Diamond Almonds or Nut Thins,Food Lion,6.0,snacks,2026-07-01,2026-07-07
BRACH'S CANDY CORN,Food Lion,2.99,snacks,2026-09-02,2026-09-08
Candy Bar Novelties,Food Lion,3.99,snacks,2026-05-13,2026-05-19
Candy Bar Novelties,Food Lion,4.49,snacks,2026-07-01,2026-07-07
Chad's Carolina Chad's Mix Gourmet Popcorn,Food Lion,4.99,snacks,2026-04-29,2026-05-05
Chex Mix or Bugles,Food Lion,5.0,snacks,2026-05-13,2026-05-19
COCINA FRESCA SALSA,Food Lion,3.49,snacks,2026-06-17,2026-06-23
COCINA FRESCA SALSA,Food Lion,3.49,snacks,2026-09-02,2026-09-08
Cracker Barrel Cubes or Sticks,Food Lion,3.0,snacks,2026-05-27,2026-06-02
Dot's Pretzels,Food Lion,5.59,snacks,2026-04-22,2026-04-28
Dot's Pretzels,Food Lion,5.99,snacks,2026-05-27,2026-06-02
Food Lion Gelatin Mix,Food Lion,1.0,snacks,2026-05-13,2026-05-19
Food Lion Graham Crackers,Food Lion,2.29,snacks,2026-05-06,2026-05-12
Frito Lay Party Size Chips or Snacks,Food Lion,2.99,snacks,2026-04-29,2026-05-05
Frito Lay Party Size Chips or Snacks,Food Lion,2.99,snacks,2026-05-20,2026-05-26
Frito Lay Party Size Chips or Snacks,Food Lion,2.99,snacks,2026-09-02,2026-09-08
General Mills Cinnamon Toast Crunch or Honey Nut Cheerios,Food Lion,3.99,snacks,2026-04-22,2026-04-28
General Mills Cinnamon Toast Crunch or Honey Nut Cheerios,Food Lion,4.99,snacks,2026-09-02,2026-09-08
Gourmetnut Power Up Trail Mix,Food Lion,5.49,snacks,2026-06-10,2026-06-16
Hampton Farms Peanuts,Food Lion,5.0,snacks,2026-05-20,2026-05-26
"Haribo Gold Red, White And Blue Gummies",Food Lion,2.5,snacks,2026-07-01,2026-07-07
Haribo Gummies,Food Lion,5.0,snacks,2026-06-10,2026-06-16
Hershey's Baking Chips,Food Lion,4.49,snacks,2026-07-01,2026-07-07
Jack's Special Garden Fresh Gourmet Salsa,Food Lion,2.99,snacks,2026-04-29,2026-05-05
Kar's Trail Mix,Food Lion,6.99,snacks,2026-05-06,2026-05-12
Keebler Sandwich Crackers,Food Lion,3.49,snacks,2026-04-29,2026-05-05
Kind Bar,Food Lion,1.0,snacks,2026-06-10,2026-06-16
Kind bars,Food Lion,6.99,snacks,2026-04-22,2026-04-28
Kozy Shack Pudding,Food Lion,7.0,snacks,2026-05-27,2026-06-02
Kraft Jet-Puffed Regular Marsh- Mallows,Food Lion,1.79,snacks,2026-05-06,2026-05-12
Kraft Jet-Puffed Regular Marsh-Mallows,Food Lion,1.69,snacks,2026-07-22,2026-07-28
Kraft Jet-Puffed Regular Marshmallows,Food Lion,1.69,snacks,2026-05-20,2026-05-26
Lance Crackers,Food Lion,7.0,snacks,2026-06-10,2026-06-16
Lance Crackers,Food Lion,3.99,snacks,2026-06-17,2026-06-23
Lipton Recipe Secrets Soup & Dip Mixes,Food Lion,1.99,snacks,2026-05-06,2026-05-12
Mateo's Gourmet Salsa,Food Lion,3.59,snacks,2026-04-22,2026-04-28
Miss Vickie's Kettle Or Ruffles Chips,Food Lion,6.0,snacks,2026-04-22,2026-04-28
Mt. Olive Pickle Chips,Food Lion,2.5,snacks,2026-07-01,2026-07-07
Nabisco Chips Ahoy! or Oreo Party Size,Food Lion,5.99,snacks,2026-04-22,2026-04-28
Nabisco Chips Ahoy! or Oreo Party Size,Food Lion,5.99,snacks,2026-06-03,2026-06-09
Nabisco Graham Crackers,Food Lion,3.49,snacks,2026-05-13,2026-05-19
Nabisco Graham Crackers,Food Lion,3.99,snacks,2026-07-01,2026-07-07
Nabisco Graham Crackers,Food Lion,3.99,snacks,2026-07-22,2026-07-28
Nabisco Graham Crackers,Food Lion,3.99,snacks,2026-09-02,2026-09-08
Nature's Garden Probiotic Yoggies Trail Mix,Food Lion,4.99,snacks,2026-05-27,2026-06-02
Nature Made Multivitamin Gummies,Food Lion,11.89,snacks,2026-05-06,2026-05-12
Nerds Clusters or Black Forest Gummies,Food Lion,3.99,snacks,2026-06-10,2026-06-16
Nutella Peanut Spread,Food Lion,3.99,snacks,2026-04-22,2026-04-28
Pace Salsa,Food Lion,2.99,snacks,2026-06-03,2026-06-09
Pace Salsa or Picante Sauce,Food Lion,2.99,snacks,2026-06-10,2026-06-16
Planters Dry Roasted or Cocktail Peanuts,Food Lion,4.0,snacks,2026-05-13,2026-05-19
Quest Protein Bar,Food Lion,2.79,snacks,2026-05-20,2026-05-26
Quest Protein Bar,Food Lion,2.79,snacks,2026-07-22,2026-07-28
REESE'S SNACK SIZE CANDY,Food Lion,5.49,snacks,2026-09-02,2026-09-08
Ritz Sandwich Crackers,Food Lion,6.0,snacks,2026-05-27,2026-06-02
Sabra Classic Hummus,Food Lion,3.99,snacks,2026-05-27,2026-06-02
Sabra Smart Snackers Hummus with Pretzels,Food Lion,1.99,snacks,2026-07-22,2026-07-28
Simple Mills Gluten Free Crackers,Food Lion,4.49,snacks,2026-05-13,2026-05-19
Family Size Cheez-It Crackers,Food Lion,4.99,snacks,2026-04-22,2026-04-28
Family Size Cheez-It Crackers,Food Lion,4.99,snacks,2026-05-06,2026-05-12
Family Size Cheez-It Crackers,Food Lion,4.99,snacks,2026-06-03,2026-06-09
Skinny Pop Popcorn,Food Lion,3.0,snacks,2026-06-10,2026-06-16
SKITTLES ORIGINAL OR M&M'S POP'D FREEZE DRIED CANDY,Food Lion,5.19,snacks,2026-04-29,2026-05-05
Snack Pack Pudding or Gels,Food Lion,5.0,snacks,2026-05-06,2026-05-12
Snack Pack Pudding or Gels,Food Lion,1.39,snacks,2026-09-02,2026-09-08
Snickers or M&M's Fun Size Candy,Food Lion,5.99,snacks,2026-09-02,2026-09-08
Starburst or Sunkist Drink Mix,Food Lion,1.0,snacks,2026-07-22,2026-07-28
SuperPretzel Snacks,Food Lion,5.0,snacks,2026-04-29,2026-05-05
SuperPretzel Snacks,Food Lion,5.0,snacks,2026-07-01,2026-07-07
Taste of Inspirations Guacamole Snack Pack,Food Lion,3.49,snacks,2026-04-22,2026-04-28
Taste Of Inspirations Hummus,Food Lion,2.99,snacks,2026-05-06,2026-05-12
Taste Of Inspirations Hummus,Food Lion,2.99,snacks,2026-06-10,2026-06-16
Taste Of Inspirations Hummus,Food Lion,2.99,snacks,2026-06-17,2026-06-23
Taste Of Inspirations Pico de Gallo Or Salsa,Food Lion,3.49,snacks,2026-04-22,2026-04-28
Taste Of Inspirations Pico de Gallo Or Salsa,Food Lion,3.49,snacks,2026-06-10,2026-06-16
TASTYKAKE DIPP'N STICKS OR PECAN SWIRLS,Food Lion,4.0,snacks,2026-06-17,2026-06-23
Texas Pete Medium Salsa,Food Lion,3.69,snacks,2026-04-29,2026-05-05
Tostitos Dips or Salsa,Food Lion,7.0,snacks,2026-05-13,2026-05-19
Triscuit Snack Mix,Food Lion,4.49,snacks,2026-04-22,2026-04-28
Twizzlers Candy,Food Lion,3.49,snacks,2026-05-27,2026-06-02
Twizzlers Candy,Food Lion,3.99,snacks,2026-06-10,2026-06-16
Welch's Fruit Snacks,Food Lion,7.99,snacks,2026-05-27,2026-06-02
WERTHER'S PUMPKIN SPICE SOFT CARAMELS,Food Lion,4.99,snacks,2026-09-02,2026-09-08
Wise Cheez Doodles Or Popcorn,Food Lion,6.0,snacks,2026-06-03,2026-06-09
Wise Cheez Doodles Or Popcorn,Food Lion,2.5,snacks,2026-07-01,2026-07-07
Yadkin Valley Popcorn,Food Lion,2.99,snacks,2026-05-20,2026-05-26
"10 - 16 oz. Snyder's Family Size Pretzels, Specialty & Rounds or Seasoned Pieces & Twists",Harris Teeter,5.0,snacks,2026-07-01,2026-07-07
"10-12 OZ. Tostitos, 6.25 -7.63 oz. Baked Lay's or 15 oz. Tostitos Salsa",Harris Teeter,7.0,snacks,2026-07-01,2026-07-07
"9.25 - 10 OZ. Fritos, 7-8.5 Oz. Cheetos or 6.25 - 7.75 OZ. Smartfood Popcorn",Harris Teeter,6.0,snacks,2026-05-27,2026-06-02
"36 - 137 oz. Nabisco Snack Crackers, Ritz or Toasted Chips",Harris Teeter,2.99,snacks,2026-05-20,2026-05-26
7-9 Harris Teeter Almonds or 10.3 Mixed Nuts,Harris Teeter,4.99,snacks,2026-04-29,2026-05-05
M&M's Americana Candy,Harris Teeter,6.49,snacks,2026-05-20,2026-05-26
Annie's Grahams or Snack Mix,Harris Teeter,8.0,snacks,2026-06-10,2026-06-16
Archer Jerky Sticks,Harris Teeter,12.99,snacks,2026-07-15,2026-08-11
Archer Mini Jerky Sticks,Harris Teeter,13.99,snacks,2026-05-20,2026-06-16
Auntie Anne's Soft Pretzels,Harris Teeter,3.99,snacks,2026-05-20,2026-05-26
Barebells Protein Bars,Harris Teeter,2.99,snacks,2026-06-10,2026-06-16
Betty Crocker Fruit Snacks,Harris Teeter,6.0,snacks,2026-05-06,2026-05-12
Betty Crocker Fruit Snacks,Harris Teeter,5.0,snacks,2026-05-27,2026-06-02
Betty Crocker Fruit Snacks,Harris Teeter,5.0,snacks,2026-06-10,2026-06-16
"Betty Crocker Red, White Blue Fruit Snacks",Harris Teeter,8.99,snacks,2026-06-10,2026-06-16
Blue Diamond Almonds,Harris Teeter,7.0,snacks,2026-04-22,2026-04-28
Blue Diamond Almonds,Harris Teeter,10.0,snacks,2026-06-03,2026-06-09
Blue Diamond Nut•Thins,Harris Teeter,6.0,snacks,2026-04-29,2026-05-05
Blue Diamond Nut Thins Crackers,Harris Teeter,6.0,snacks,2026-07-01,2026-07-07
Brooklyn Biltong Jerky,Harris Teeter,6.49,snacks,2026-04-29,2026-05-05
Chex Mix Family Size Snack Mix,Harris Teeter,7.0,snacks,2026-05-20,2026-05-26
Chex Mix Family Size Snack Mix,Harris Teeter,7.0,snacks,2026-06-17,2026-06-23
Chex Mix Snack Mix,Harris Teeter,7.0,snacks,2026-04-29,2026-05-05
Chex Mix Snack Mix,Harris Teeter,5.0,snacks,2026-06-03,2026-06-09
Chomps Mini Jerky Sticks,Harris Teeter,8.99,snacks,2026-05-20,2026-06-16
Cracker Barrel Cubes or Snack Cheese,Harris Teeter,6.0,snacks,2026-05-20,2026-05-26
Cretors Popcorn,Harris Teeter,6.0,snacks,2026-05-20,2026-05-26
Fresh Cuts Salsa,Harris Teeter,3.99,snacks,2026-09-02,2026-09-08
Dot's Homestyle Pretzels,Harris Teeter,5.99,snacks,2026-09-02,2026-09-08
Dot's Pretzels,Harris Teeter,5.99,snacks,2026-05-13,2026-05-19
Elan Organic Brazil Nuts,Harris Teeter,9.0,snacks,2026-05-20,2026-06-16
Farmers Market Hand Smashed Guacamole,Harris Teeter,5.99,snacks,2026-05-20,2026-05-26
Farmers Market Hand Smashed Guacamole,Harris Teeter,5.99,snacks,2026-06-17,2026-06-23
Farmers Market Pecan Pieces or Walnut Meats,Harris Teeter,10.0,snacks,2026-09-02,2026-09-08
34 oz. Farmers Market Fresh Salsa or 12 oz. Hand Smashed Guacamole,Harris Teeter,5.99,snacks,2026-04-29,2026-05-05
Farmers Market Smokehouse Almonds or Hot & Spicy Border Mix,Harris Teeter,7.0,snacks,2026-05-13,2026-05-19
Firecracker Pub Burgers,Harris Teeter,6.99,snacks,2026-05-27,2026-06-02
Firecracker Wings,Harris Teeter,6.0,snacks,2026-05-27,2026-06-02
Flipz Pretzels,Harris Teeter,8.0,snacks,2026-05-13,2026-05-19
Fresh Foods Market Fresh Salsa,Harris Teeter,7.0,snacks,2026-05-20,2026-05-26
Friskies Party Mix Cat Treats,Harris Teeter,3.0,snacks,2026-05-20,2026-05-26
Frito Lay Chips,Harris Teeter,0.99,snacks,2026-05-13,2026-05-19
Frito Lay Party Size Chips or Tostitos,Harris Teeter,3.49,snacks,2026-04-22,2026-04-28
Fry Daddy's Party Mix,Harris Teeter,4.99,snacks,2026-06-17,2026-07-14
Garden Fresh Jack's Salsa,Harris Teeter,2.5,snacks,2026-07-01,2026-07-07
"Goldfish, Crisps or Pretzels",Harris Teeter,4.0,snacks,2026-09-02,2026-09-08
GoMacro Protein Bars,Harris Teeter,6.0,snacks,2026-06-17,2026-06-23
Gusher Fruit Snacks,Harris Teeter,5.0,snacks,2026-07-01,2026-07-07
Haribo Gummies,Harris Teeter,4.0,snacks,2026-06-10,2026-06-16
Haribo Gummies,Harris Teeter,2.29,snacks,2026-07-22,2026-07-28
Harris Teeter Almonds,Harris Teeter,4.99,snacks,2026-06-03,2026-06-09
Harris Teeter Almonds,Harris Teeter,4.99,snacks,2026-06-17,2026-06-23
Harris Teeter Almonds or 10.3 oz. Mixed Nuts,Harris Teeter,4.99,snacks,2026-06-10,2026-06-16
Harris Teeter Baking Nuts,Harris Teeter,6.0,snacks,2026-05-06,2026-05-12
8 oz. Harris Teeter Baking Nuts or 10 - 12 oz. Nestle Morsels,Harris Teeter,10.0,snacks,2026-04-29,2026-05-05
Harris Teeter Dry Roasted Peanuts,Harris Teeter,5.0,snacks,2026-05-20,2026-05-26
Harris Teeter Graham Crackers,Harris Teeter,5.0,snacks,2026-06-03,2026-06-09
Harris Teeter Gummi Candy,Harris Teeter,2.59,snacks,2026-06-03,2026-06-09
Harris Teeter Gummi Candy,Harris Teeter,2.59,snacks,2026-06-10,2026-06-16
Harris Teeter Gummi Candy,Harris Teeter,2.59,snacks,2026-07-01,2026-07-07
Harris Teeter Gummy Candy,Harris Teeter,2.59,snacks,2026-05-06,2026-05-12
Harris Teeter Gummy Candy,Harris Teeter,2.59,snacks,2026-05-27,2026-06-02
Harris Teeter Gummy Candy,Harris Teeter,2.59,snacks,2026-07-22,2026-07-28
Harris Teeter Hickory Wood Chips,Harris Teeter,7.0,snacks,2026-07-01,2026-07-07
Harris Teeter Honey Graham Crackers,Harris Teeter,5.0,snacks,2026-07-22,2026-07-28
6.5 - 8 oz. Harris Teeter Kettle Chips or 6 oz. HT Traders Popcorn,Harris Teeter,5.0,snacks,2026-05-06,2026-05-12
6.5 - 8 oz. Harris Teeter Kettle Chips or 6 oz. HT Traders Popcorn,Harris Teeter,5.0,snacks,2026-06-10,2026-06-16
Harris Teeter Kettle Hatch Chile Chips,Harris Teeter,5.0,snacks,2026-05-13,2026-05-19
Harris Teeter Microwave Popcorn,Harris Teeter,6.0,snacks,2026-04-22,2026-04-28
Harris Teeter Microwave Popcorn,Harris Teeter,6.0,snacks,2026-06-10,2026-06-16
Harris Teeter Microwave Popcorn,Harris Teeter,5.0,snacks,2026-06-10,2026-06-16
Harris Teeter Mild Salsa,Harris Teeter,4.99,snacks,2026-04-22,2026-04-28
Harris Teeter Mixed Nuts or Cashews,Harris Teeter,13.99,snacks,2026-06-03,2026-06-09
Harris Teeter Protein Bars or Sweet & Salty Bars,Harris Teeter,5.0,snacks,2026-07-22,2026-07-28
Harris Teeter Salsa,Harris Teeter,4.0,snacks,2026-06-10,2026-06-16
Harris Teeter Snack Crackers,Harris Teeter,5.0,snacks,2026-06-03,2026-06-09
Harris Teeter Snack Crackers,Harris Teeter,5.0,snacks,2026-07-01,2026-07-07
Harris Teeter Thick & Chunky Salsa,Harris Teeter,4.0,snacks,2026-05-27,2026-06-02
Harris Teeter Toffee Bars,Harris Teeter,4.49,snacks,2026-05-20,2026-06-16
Herdez Guacamole or Roasted Salsa,Harris Teeter,3.79,snacks,2026-09-02,2026-09-08
Herdez Salsa,Harris Teeter,3.99,snacks,2026-04-29,2026-05-05
Herdez Salsa,Harris Teeter,3.79,snacks,2026-05-20,2026-05-26
Hi-Chew Candy,Harris Teeter,7.99,snacks,2026-06-03,2026-06-09
Hi-Chew Candy Sticks,Harris Teeter,5.0,snacks,2026-06-03,2026-06-09
Hidden Valley Ranch Dip Mix or Dressing Mix,Harris Teeter,5.0,snacks,2026-05-13,2026-05-19
HT Traders Cracker Cuts,Harris Teeter,7.0,snacks,2026-05-06,2026-05-12
HT Traders Cracker Cuts,Harris Teeter,7.0,snacks,2026-06-17,2026-06-23
HT Traders Cracker Cuts,Harris Teeter,3.99,snacks,2026-07-01,2026-07-07
HT Traders Crackers Cut Cheese,Harris Teeter,7.0,snacks,2026-07-22,2026-07-28
HT Traders Pine Nuts,Harris Teeter,6.99,snacks,2026-04-29,2026-05-05
HT Traders Popcorn,Harris Teeter,2.99,snacks,2026-04-29,2026-05-05
HT Traders Salsa,Harris Teeter,3.99,snacks,2026-04-22,2026-04-28
HT Traders Salsa,Harris Teeter,3.99,snacks,2026-07-22,2026-07-28
HT Traders Virginia Peanuts,Harris Teeter,5.49,snacks,2026-04-29,2026-05-05
HT Traders Virginia Peanuts,Harris Teeter,8.99,snacks,2026-06-17,2026-06-23
HT Traders Virginia Peanuts,Harris Teeter,5.49,snacks,2026-07-01,2026-07-07
HT Traders Virginia Peanuts,Harris Teeter,5.49,snacks,2026-07-22,2026-07-28
HT Traders Virginia Peanuts,Harris Teeter,8.99,snacks,2026-09-02,2026-09-08
Jet-Puffed Marshmallows,Harris Teeter,3.0,snacks,2026-05-20,2026-05-26
Jet-Puffed Marshmallows,Harris Teeter,4.0,snacks,2026-05-27,2026-06-02
Jet-Puffed Marshmallows,Harris Teeter,3.0,snacks,2026-06-17,2026-06-23
Jet-Puffed Marshmallows,Harris Teeter,3.0,snacks,2026-07-01,2026-07-07
Jet-Puffed Marshmallows,Harris Teeter,4.0,snacks,2026-09-02,2026-09-08
Jet-Puffed S'mores Marshmallow,Harris Teeter,6.0,snacks,2026-06-03,2026-06-09
3.5 oz. Junior Mints or 6.5 oz. Dots Theater Box Candy,Harris Teeter,5.0,snacks,2026-06-03,2026-06-09
Kar's Trail Mix,Harris Teeter,7.99,snacks,2026-06-17,2026-06-23
Keebler Cracker Packs,Harris Teeter,5.0,snacks,2026-05-27,2026-06-02
Keebler Cracker Packs,Harris Teeter,5.0,snacks,2026-06-03,2026-06-09
Kensington's Chipotle Mayonnaise,Harris Teeter,6.49,snacks,2026-06-17,2026-07-14
Kind bars,Harris Teeter,10.0,snacks,2026-04-22,2026-04-28
Kindling Snacks Protein Pretzels,Harris Teeter,6.49,snacks,2026-07-15,2026-08-11
Lance Crackers,Harris Teeter,6.0,snacks,2026-05-20,2026-05-26
Lance Sandwich Crackers,Harris Teeter,9.0,snacks,2026-05-27,2026-06-02
Lance Sandwich Crackers,Harris Teeter,9.0,snacks,2026-06-10,2026-06-16
Lance Family Size Crackers,Harris Teeter,5.99,snacks,2026-06-17,2026-06-23
LaraBar Fruit & Nut Bars,Harris Teeter,10.0,snacks,2026-05-06,2026-05-12
Late July Salsa,Harris Teeter,3.99,snacks,2026-04-29,2026-05-05
5 - 8 oz. Lay's 7 - 8 oz. Lay's Kettle 8 - 11 oz. Tostitos Cantina or 15.5 oz. Tostitos Queso or Lay's Dips,Harris Teeter,1.97,snacks,2026-06-17,2026-06-23
Lay's or Lay's Kettle Chips,Harris Teeter,1.97,snacks,2026-06-03,2026-06-09
Lesser Evil Organic Popcorn,Harris Teeter,8.0,snacks,2026-05-20,2026-06-16
Lesser Evil Organic Popcorn,Harris Teeter,7.0,snacks,2026-05-20,2026-06-16
Lesser Evil Organic Popcorn,Harris Teeter,7.0,snacks,2026-06-17,2026-07-14
"Lifesavers, Skittles or Starburst Sharing Size",Harris Teeter,4.99,snacks,2026-06-10,2026-06-16
Milton's Gluten Free Crackers,Harris Teeter,5.0,snacks,2026-04-22,2026-04-28
Milton's Gluten Free Crackers,Harris Teeter,5.0,snacks,2026-09-02,2026-09-08
Miss Vickie's 8 oz. or PopCorners 7 oz.,Harris Teeter,6.0,snacks,2026-06-10,2026-06-16
8 oz. Miss Vickie's 7 oz PopCorners or Simply Baked Lay's or SunChips,Harris Teeter,6.0,snacks,2026-04-22,2026-04-28
Nabisco Oreo or Chips Ahoy!,Harris Teeter,7.0,snacks,2026-05-06,2026-05-12
"Nabisco Family Size Crackers, Ritz or Toasted Chips",Harris Teeter,8.0,snacks,2026-05-13,2026-05-19
"Nabisco Family Size Crackers, Ritz or Toasted Chips",Harris Teeter,8.0,snacks,2026-06-03,2026-06-09
Nabisco Family Size Oreo or Chips Ahoy!,Harris Teeter,3.99,snacks,2026-07-01,2026-07-07
Nabisco Family Size Snack Crackers,Harris Teeter,8.0,snacks,2026-05-27,2026-06-02
"Nabisco Snack Crackers, Ritz or Toasted Chips",Harris Teeter,7.0,snacks,2026-04-22,2026-04-28
"Nabisco Snack Crackers, Ritz or Toasted Chips",Harris Teeter,7.0,snacks,2026-05-06,2026-05-12
"Nabisco Snack Crackers, Ritz or Toasted Chips",Harris Teeter,7.0,snacks,2026-07-22,2026-07-28
"Nabisco Triscuit, Wheat Thins, Good Thins, Ritz or Toasted Chips",Harris Teeter,7.0,snacks,2026-06-17,2026-06-23
"Nabisco Wheat Thins, Good Thins, Triscuit, Ritz or Toasted Chips",Harris Teeter,2.99,snacks,2026-07-01,2026-07-07
Nut pods Dairy-Free Creamer,Harris Teeter,6.0,snacks,2026-05-20,2026-06-16
Oreo Frozen Dairy Dessert Mini Cones or Sandwiches,Harris Teeter,3.99,snacks,2026-07-01,2026-07-07
Oreo or Nestle Toll House Mini Sandwiches,Harris Teeter,6.99,snacks,2026-07-01,2026-07-07
Pace Salsa,Harris Teeter,5.0,snacks,2026-09-02,2026-09-08
Pepperidge Farm Goldfish Crackers,Harris Teeter,5.0,snacks,2026-06-10,2026-06-16
Pepperidge Farm Goldfish Crackers,Harris Teeter,5.0,snacks,2026-06-17,2026-06-23
"Pepperidge Farm Goldfish, Crisps or Pretzels",Harris Teeter,6.0,snacks,2026-05-20,2026-05-26
Pepperidge Farm Goldfish Crisps or Seasoned Pretzels,Harris Teeter,3.29,snacks,2026-04-22,2026-04-28
Pepperidge Farm Family Size Goldfish Crackers,Harris Teeter,7.0,snacks,2026-06-03,2026-06-09
Perfect Bar Protein Bars,Harris Teeter,4.0,snacks,2026-06-03,2026-06-09
Perfect Bar Protein Bars,Harris Teeter,8.99,snacks,2026-07-01,2026-07-07
Planters Deluxe Mixed Nuts or Whole Cashews,Harris Teeter,7.49,snacks,2026-05-20,2026-05-26
Planters Flavored Cashews,Harris Teeter,9.0,snacks,2026-05-20,2026-05-26
Planters Mixed Nuts or Cashew Halves & Pieces,Harris Teeter,5.99,snacks,2026-06-10,2026-06-16
Planters Nut Duos,Harris Teeter,9.0,snacks,2026-05-20,2026-05-26
Planters Peanuts,Harris Teeter,5.0,snacks,2026-04-22,2026-04-28
Planters Peanuts,Harris Teeter,5.0,snacks,2026-05-06,2026-05-12
Planters Peanuts,Harris Teeter,4.0,snacks,2026-07-22,2026-07-28
Planters Trail Mix,Harris Teeter,5.0,snacks,2026-05-20,2026-05-26
Pop Daddy Kettle Popcorn,Harris Teeter,6.0,snacks,2026-05-20,2026-06-16
Pop Daddy Kettle Popcorn,Harris Teeter,6.0,snacks,2026-07-15,2026-08-11
"7 oz PopCorners, 6.25 - 7.23 OZ Baked Lay's or 5.25 - 8.25 oz Simply Chips",Harris Teeter,7.0,snacks,2026-07-22,2026-07-28
Power Up Nut Mix,Harris Teeter,8.99,snacks,2026-06-17,2026-07-14
Power Up Nut Mix,Harris Teeter,8.99,snacks,2026-07-01,2026-07-07
Power Up Stars & Stripes Premium Trail Mix,Harris Teeter,6.99,snacks,2026-06-17,2026-07-14
Power Up Premium Trail Mix,Harris Teeter,6.99,snacks,2026-05-20,2026-06-16
Power Up Premium Trail Mix,Harris Teeter,5.99,snacks,2026-07-15,2026-08-11
The New Primal Jerky Sticks,Harris Teeter,8.99,snacks,2026-06-17,2026-07-14
Private Selection Caramels or Truffles,Harris Teeter,4.99,snacks,2026-05-06,2026-05-12
Private Selection Caramels or Truffles,Harris Teeter,4.99,snacks,2026-06-10,2026-06-16
Private Selection Classic Crackers,Harris Teeter,4.0,snacks,2026-05-06,2026-05-12
Private Selection Entertainment Crackers,Harris Teeter,4.0,snacks,2026-06-17,2026-06-23
Private Selection Entertainment Crackers,Harris Teeter,4.0,snacks,2026-09-02,2026-09-08
Private Selection Classic Watercrisp Crackers,Harris Teeter,5.0,snacks,2026-04-22,2026-04-28
Quest Protein Bars or 11-1.12 oz Protein Chips,Harris Teeter,5.0,snacks,2026-07-22,2026-07-28
Quinn Pretzel Nuggets,Harris Teeter,3.99,snacks,2026-06-17,2026-07-14
"Ritz Fresh Stacks, Everything Crackers or Travel Snacks or 8 oz. Drizzled Minis Fudge Crackers or or Party Snacks",Harris Teeter,2.99,snacks,2026-07-01,2026-07-07
Rotten Sour Gummy Worms,Harris Teeter,7.0,snacks,2026-07-15,2026-08-11
Sabra Classic Hummus,Harris Teeter,6.0,snacks,2026-07-22,2026-07-28
Saladitas Saltine Crackers,Harris Teeter,3.99,snacks,2026-09-02,2026-09-08
Simple Mill Crackers,Harris Teeter,9.0,snacks,2026-05-20,2026-06-16
Simple Mills Crackers,Harris Teeter,9.0,snacks,2026-06-03,2026-06-09
Simple Truth Almond Crackers,Harris Teeter,5.0,snacks,2026-04-22,2026-04-28
Simple Truth Animal Crackers,Harris Teeter,5.0,snacks,2026-05-13,2026-05-19
12 ct. Simple Truth Organic Baked Energy Bars or 24 oz. HT Traders Raw Honey,Harris Teeter,6.99,snacks,2026-04-22,2026-04-28
Simple Truth Gluten Free Animal Crackers,Harris Teeter,5.0,snacks,2026-07-01,2026-07-07
Simple Truth Organic Hummus,Harris Teeter,2.99,snacks,2026-07-22,2026-07-28
Simple Truth Organic Microwave Popcorn,Harris Teeter,3.99,snacks,2026-04-22,2026-04-28
Simple Truth Protein Bars,Harris Teeter,8.99,snacks,2026-08-12,2026-09-08
Simple Truth Protein Crisp Crackers,Harris Teeter,8.0,snacks,2026-04-22,2026-04-28
Simple Truth Protein Crisp Crackers,Harris Teeter,8.0,snacks,2026-06-10,2026-06-16
Simple Truth Organic Snack Crackers,Harris Teeter,3.49,snacks,2026-04-29,2026-05-05
Skinny Pop Popcorn,Harris Teeter,6.0,snacks,2026-06-03,2026-06-09
Skittles Gummies Fuego,Harris Teeter,2.49,snacks,2026-05-27,2026-06-02
Smartsweets Gummy Candy,Harris Teeter,6.0,snacks,2026-05-20,2026-06-16
Snyder's Gluten Free Pretzels,Harris Teeter,8.0,snacks,2026-06-10,2026-06-16
Snyder's Seasoned Pieces or Twist Pretzels,Harris Teeter,7.0,snacks,2026-06-03,2026-06-09
"Snyder's Family Size Pretzels, Specialty & Rounds or Seasoned Pieces & Twists",Harris Teeter,7.0,snacks,2026-06-17,2026-06-23
"Snyder's Family Size, Specialty or Braided Twists & Sandwich Pretzels",Harris Teeter,8.0,snacks,2026-05-27,2026-06-02
Special K Protein Bars,Harris Teeter,5.99,snacks,2026-06-03,2026-06-09
"Sun Chips, Baked or Simply",Harris Teeter,6.0,snacks,2026-06-03,2026-06-09
6 - 7 oz. SunChips or 9.25 - 10.75 oz. Doritos,Harris Teeter,7.0,snacks,2026-06-17,2026-06-23
Supreme Source Jerky Cuts,Harris Teeter,6.99,snacks,2026-04-29,2026-05-05
Supreme Source Jerky Cuts,Harris Teeter,6.99,snacks,2026-05-13,2026-05-19
Terra Vegetable Chips,Harris Teeter,7.0,snacks,2026-04-22,2026-04-28
Theater Box Candy,Harris Teeter,5.0,snacks,2026-06-03,2026-06-09
Theater Box Candy,Harris Teeter,3.0,snacks,2026-09-02,2026-09-08
Tostitos Salsa,Harris Teeter,6.0,snacks,2026-05-20,2026-05-26
Tostitos Salsa,Harris Teeter,7.0,snacks,2026-09-02,2026-09-08
Utz Ripple Chips,Harris Teeter,7.0,snacks,2026-07-01,2026-07-07
Welch's Fruit Snacks,Harris Teeter,4.0,snacks,2026-07-22,2026-07-28
"Wheat Thins, Triscuit, Good Thins, Ritz or Toasted Chip",Harris Teeter,2.99,snacks,2026-09-02,2026-09-08
Wilde Protein Chips,Harris Teeter,4.99,snacks,2026-05-27,2026-06-02
Wilde Protein Chips,Harris Teeter,5.99,snacks,2026-07-22,2026-07-28
Xochitl Chips,Harris Teeter,8.0,snacks,2026-05-13,2026-05-19
Almond Breeze,Lowes Foods,2.99,snacks,2026-07-01,2026-07-07
Blue Diamond Almonds,Lowes Foods,9.49,snacks,2026-04-29,2026-05-05
Blue Diamond Almonds,Lowes Foods,7.0,snacks,2026-06-03,2026-06-09
Blue Diamond Almonds,Lowes Foods,7.99,snacks,2026-09-02,2026-09-08
Boulder Canyon Kettle Chips,Lowes Foods,6.0,snacks,2026-04-22,2026-04-28
Boulder Canyon Kettle Chips,Lowes Foods,7.0,snacks,2026-07-22,2026-07-28
Boulder Canyon Kettle Chips,Lowes Foods,7.0,snacks,2026-09-02,2026-09-08
Bubs Tutti Frutti Candy,Lowes Foods,2.99,snacks,2026-05-20,2026-05-26
Built Puff Protein Bar,Lowes Foods,5.0,snacks,2026-05-06,2026-05-12
Cabot Block or Cracker Cut Cheese,Lowes Foods,5.0,snacks,2026-06-17,2026-06-23
Cabot Block or Cracker Cut Cheese,Lowes Foods,4.0,snacks,2026-07-01,2026-07-07
Carr's or Toasteds Crackers,Lowes Foods,7.0,snacks,2026-05-06,2026-05-12
Carr's or Toasteds Crackers,Lowes Foods,8.0,snacks,2026-09-02,2026-09-08
Chi-Chi's Salsa,Lowes Foods,4.0,snacks,2026-04-29,2026-05-05
Cholula Salsa,Lowes Foods,5.0,snacks,2026-04-29,2026-05-05
Clif Builders Protein Bar,Lowes Foods,9.99,snacks,2026-05-06,2026-05-12
Clif Protein Bar,Lowes Foods,5.99,snacks,2026-05-27,2026-06-02
Clif Protein Bars,Lowes Foods,5.99,snacks,2026-07-01,2026-07-07
Clif Zbar Protein Bar,Lowes Foods,4.99,snacks,2026-05-27,2026-06-02
Clif ZBar Protein Bars,Lowes Foods,4.99,snacks,2026-07-01,2026-07-07
Crav'n Graham Crackers,Lowes Foods,5.0,snacks,2026-04-29,2026-05-05
Crav'n Graham Crackers,Lowes Foods,5.0,snacks,2026-05-13,2026-05-19
Crav'n Graham Crackers,Lowes Foods,5.0,snacks,2026-05-27,2026-06-02
Crav'n Graham Crackers,Lowes Foods,5.0,snacks,2026-06-10,2026-06-16
Crav'n Graham Crackers,Lowes Foods,5.0,snacks,2026-07-22,2026-07-28
Crav'n Graham Crackers,Lowes Foods,5.0,snacks,2026-09-02,2026-09-08
Crav'n Pretzel Nuggets,Lowes Foods,5.99,snacks,2026-04-29,2026-05-05
Crav'n Pretzel Nuggets,Lowes Foods,5.99,snacks,2026-05-13,2026-05-19
Crav'n Pretzel Nuggets,Lowes Foods,5.99,snacks,2026-05-27,2026-06-02
Crav'n Pretzel Nuggets,Lowes Foods,5.99,snacks,2026-06-10,2026-06-16
Crav'n Pretzel Nuggets,Lowes Foods,5.99,snacks,2026-07-22,2026-07-28
Crav'n Saltine Crackers,Lowes Foods,5.0,snacks,2026-04-22,2026-04-28
Crav'n Saltine Crackers,Lowes Foods,5.0,snacks,2026-05-20,2026-05-26
Crav'n Saltine Crackers,Lowes Foods,5.0,snacks,2026-06-03,2026-06-09
Crav'n Saltine Crackers,Lowes Foods,5.0,snacks,2026-06-17,2026-06-23
Crav'n Saltine Crackers,Lowes Foods,5.0,snacks,2026-07-01,2026-07-07
Crav'n Saltines,Lowes Foods,5.0,snacks,2026-05-06,2026-05-12
Crav'n Snack Crackers,Lowes Foods,2.99,snacks,2026-04-22,2026-04-28
Crav'n Snack Crackers,Lowes Foods,5.0,snacks,2026-05-06,2026-05-12
Crav'n Snack Crackers,Lowes Foods,5.0,snacks,2026-05-20,2026-05-26
Crav'n Snack Crackers,Lowes Foods,5.0,snacks,2026-06-03,2026-06-09
Crav'n Snack Crackers,Lowes Foods,5.0,snacks,2026-06-17,2026-06-23
Crav'n Snack Crackers,Lowes Foods,5.0,snacks,2026-07-01,2026-07-07
Crav'n Thin Wheat Crackers,Lowes Foods,1.99,snacks,2026-05-27,2026-06-02
Crav'n Thin Wheat Crackers,Lowes Foods,1.99,snacks,2026-06-10,2026-06-16
Crav'n Thin Wheat Crackers,Lowes Foods,1.99,snacks,2026-09-02,2026-09-08
Crav'n Wheat Thin Crackers,Lowes Foods,1.99,snacks,2026-04-29,2026-05-05
Crav'n Wheat Thin Crackers,Lowes Foods,1.99,snacks,2026-05-13,2026-05-19
Crav'n Wheat Thin Crackers,Lowes Foods,1.99,snacks,2026-07-22,2026-07-28
Cretors Popcorn,Lowes Foods,7.0,snacks,2026-07-01,2026-07-07
Dot's Pretzels,Lowes Foods,5.99,snacks,2026-05-27,2026-06-02
Dot's Pretzels,Lowes Foods,5.99,snacks,2026-06-03,2026-06-09
Dot's Pretzels selected 16 oz Snack Mix selected 14 oz,Lowes Foods,5.99,snacks,2026-06-10,2026-06-16
El Viajero Queso,Lowes Foods,5.0,snacks,2026-04-29,2026-05-05
Emerald Nuts,Lowes Foods,7.0,snacks,2026-07-01,2026-07-07
Frito Lay Doritos or Sunchips,Lowes Foods,3.95,snacks,2026-07-22,2026-07-28
Green Mountain Gringo Salsa,Lowes Foods,3.99,snacks,2026-07-01,2026-07-07
Gummy Fuzions,Lowes Foods,2.99,snacks,2026-05-20,2026-05-26
"Gushers, Fruit by the Foot or Fruit Snacks",Lowes Foods,5.0,snacks,2026-05-20,2026-05-26
Herdez Salsa,Lowes Foods,5.0,snacks,2026-04-22,2026-04-28
Honey Maid Graham Crackers,Lowes Foods,3.99,snacks,2026-04-22,2026-04-28
Honey Maid Graham Crackers,Lowes Foods,7.0,snacks,2026-05-20,2026-05-26
Honey Maid Graham Crackers,Lowes Foods,7.0,snacks,2026-07-01,2026-07-07
Honey Maid Graham Crackers,Lowes Foods,7.0,snacks,2026-07-22,2026-07-28
Ithaca Hummus,Lowes Foods,3.99,snacks,2026-04-29,2026-05-05
Jet-Puffed Marshmallows,Lowes Foods,4.0,snacks,2026-05-06,2026-05-12
Jet-Puffed Marshmallows,Lowes Foods,3.0,snacks,2026-05-06,2026-05-12
Jet-Puffed Marshmallows,Lowes Foods,1.96,snacks,2026-07-01,2026-07-07
Jet-Puffed Marshmallows,Lowes Foods,1.92,snacks,2026-09-02,2026-09-08
Jet-Puffed Mini Marshmallows,Lowes Foods,3.0,snacks,2026-07-01,2026-07-07
Jolly Rancher Hard Candy,Lowes Foods,5.49,snacks,2026-05-20,2026-05-26
Kar's Trail Mix,Lowes Foods,6.99,snacks,2026-05-20,2026-05-26
Katjes Plant Based Sour Gummies,Lowes Foods,3.49,snacks,2026-05-20,2026-05-26
Kind Energy Bars,Lowes Foods,3.99,snacks,2026-05-06,2026-05-12
King's Hawaiian Pretzel Bites,Lowes Foods,7.99,snacks,2026-05-20,2026-05-26
Lance Crackers,Lowes Foods,8.0,snacks,2026-06-10,2026-06-16
Lance Crackers,Lowes Foods,8.0,snacks,2026-06-17,2026-06-23
Lowes Foods Almonds,Lowes Foods,10.99,snacks,2026-04-22,2026-04-28
Lowes Foods Almonds,Lowes Foods,6.99,snacks,2026-05-20,2026-05-26
Lowes Foods Almonds,Lowes Foods,15.99,snacks,2026-05-27,2026-06-02
Lowes Foods Almonds,Lowes Foods,7.99,snacks,2026-06-03,2026-06-09
Lowes Foods Almonds,Lowes Foods,15.99,snacks,2026-07-01,2026-07-07
Lowes Foods Baking Chips,Lowes Foods,3.29,snacks,2026-05-06,2026-05-12
Lowes Foods Canned Almonds,Lowes Foods,4.99,snacks,2026-06-10,2026-06-16
Lowes Foods Canned Cashews,Lowes Foods,5.99,snacks,2026-06-03,2026-06-09
LOWES FOODS CASHEW TUB,Lowes Foods,7.99,snacks,2026-07-01,2026-07-07
Lowes Foods Cashews,Lowes Foods,7.99,snacks,2026-05-27,2026-06-02
Lowes Foods Cashews,Lowes Foods,7.99,snacks,2026-06-10,2026-06-16
Lowes Foods Cashews,Lowes Foods,16.99,snacks,2026-06-17,2026-06-23
Lowes Foods Cashews or Deluxe Mixed Nuts,Lowes Foods,16.99,snacks,2026-05-13,2026-05-19
Lowes Foods Cracker Cuts,Lowes Foods,3.49,snacks,2026-05-06,2026-05-12
Lowes Foods Deluxe Mixed Nuts,Lowes Foods,17.99,snacks,2026-05-27,2026-06-02
Lowes Foods Deluxe Mixed Nuts,Lowes Foods,6.99,snacks,2026-06-10,2026-06-16
Lowes Foods Deluxe Mixed Nuts,Lowes Foods,17.99,snacks,2026-07-01,2026-07-07
Lowes Foods Dry Roasted Peanuts,Lowes Foods,2.99,snacks,2026-05-27,2026-06-02
Lowes Foods Dry Roasted Peanuts,Lowes Foods,2.99,snacks,2026-07-01,2026-07-07
Lowes Foods Honey Roasted Peanuts,Lowes Foods,7.0,snacks,2026-06-10,2026-06-16
Lowes Foods Jones Gap Falls Trail Mix,Lowes Foods,13.99,snacks,2026-05-13,2026-05-19
Lowes Foods Jones Gap Falls Trail Mix,Lowes Foods,12.99,snacks,2026-06-03,2026-06-09
Lowes Foods Kettle Chips,Lowes Foods,5.0,snacks,2026-04-22,2026-04-28
Lowes Foods Kettle Chips,Lowes Foods,6.0,snacks,2026-05-13,2026-05-19
Lowes Foods Kettle Chips,Lowes Foods,6.0,snacks,2026-06-03,2026-06-09
Lowes Foods Kettle Chips,Lowes Foods,6.0,snacks,2026-06-17,2026-06-23
Lowes Foods Kettle Chips,Lowes Foods,6.0,snacks,2026-07-01,2026-07-07
Lowes Foods Macadamia Nuts,Lowes Foods,9.99,snacks,2026-05-27,2026-06-02
Lowes Foods Macadamia Nuts,Lowes Foods,9.99,snacks,2026-07-01,2026-07-07
Lowes Foods Mixed Nuts,Lowes Foods,4.99,snacks,2026-06-03,2026-06-09
Lowes Foods Peanuts,Lowes Foods,6.99,snacks,2026-05-20,2026-05-26
Lowes Foods Peanuts,Lowes Foods,4.99,snacks,2026-06-03,2026-06-09
Lowes Foods Pecans,Lowes Foods,7.99,snacks,2026-05-20,2026-05-26
Lowes Foods Pistachios,Lowes Foods,5.99,snacks,2026-05-13,2026-05-19
Lowes Foods Pistachios,Lowes Foods,10.99,snacks,2026-05-20,2026-05-26
Lowes Foods Pistachios,Lowes Foods,5.99,snacks,2026-06-17,2026-06-23
Lowes Foods Popcorn,Lowes Foods,4.0,snacks,2026-04-29,2026-05-05
Lowes Foods Popcorn,Lowes Foods,5.0,snacks,2026-05-13,2026-05-19
Lowes Foods Popcorn,Lowes Foods,5.0,snacks,2026-05-27,2026-06-02
Lowes Foods Popcorn,Lowes Foods,5.0,snacks,2026-06-10,2026-06-16
Lowes Foods Popcorn,Lowes Foods,5.0,snacks,2026-07-22,2026-07-28
Lowes Foods Popcorn,Lowes Foods,5.0,snacks,2026-09-02,2026-09-08
Lowes Foods Pretzels,Lowes Foods,4.0,snacks,2026-04-29,2026-05-05
Lowes Foods Pretzels,Lowes Foods,5.0,snacks,2026-05-13,2026-05-19
Lowes Foods Pretzels,Lowes Foods,5.0,snacks,2026-05-27,2026-06-02
Lowes Foods Pretzels,Lowes Foods,5.0,snacks,2026-06-10,2026-06-16
Lowes Foods Pretzels,Lowes Foods,5.0,snacks,2026-07-22,2026-07-28
Lowes Foods Pretzels,Lowes Foods,5.0,snacks,2026-09-02,2026-09-08
Lowes Foods Roasted & Salted Cashews,Lowes Foods,16.99,snacks,2026-07-22,2026-07-28
Lowes Foods Roasted & Salted Pecans,Lowes Foods,7.99,snacks,2026-04-29,2026-05-05
Lowes Foods Roasted & Salted Pistachios,Lowes Foods,5.99,snacks,2026-07-22,2026-07-28
Lowes Foods Premium Salsa,Lowes Foods,6.0,snacks,2026-04-29,2026-05-05
Lowes Foods Premium Salsa,Lowes Foods,7.0,snacks,2026-05-27,2026-06-02
Lowes Foods Premium Salsa,Lowes Foods,4.49,snacks,2026-09-02,2026-09-08
Lowes Foods Snack Nuts Single Serve,Lowes Foods,3.0,snacks,2026-05-20,2026-05-26
Lowes Foods Trail Mix,Lowes Foods,4.99,snacks,2026-04-22,2026-04-28
Lowes Foods Trail Mix,Lowes Foods,5.99,snacks,2026-05-06,2026-05-12
Lowes Foods Trail Mix,Lowes Foods,5.99,snacks,2026-05-13,2026-05-19
Lowes Foods Trail Mix,Lowes Foods,5.99,snacks,2026-05-20,2026-05-26
Lowes Foods Trail Mix,Lowes Foods,6.99,snacks,2026-05-20,2026-05-26
Lowes Foods Trail Mix,Lowes Foods,5.99,snacks,2026-06-17,2026-06-23
Lowes Foods Trail Mix,Lowes Foods,5.99,snacks,2026-07-22,2026-07-28
Lowes Foods Walnuts,Lowes Foods,5.99,snacks,2026-06-03,2026-06-09
Lowes Foods Whole Almonds,Lowes Foods,12.99,snacks,2026-05-20,2026-05-26
Margaritaville Salsa,Lowes Foods,4.99,snacks,2026-04-29,2026-05-05
Mary's Gone Crackers,Lowes Foods,9.0,snacks,2026-04-29,2026-05-05
Nabisco Chips Ahoy!,Lowes Foods,2.99,snacks,2026-05-20,2026-05-26
Nabisco Oreo or Chips Ahoy! Fresh Snacks,Lowes Foods,6.0,snacks,2026-07-22,2026-07-28
Nabisco Ritz Crackers Family Size,Lowes Foods,3.99,snacks,2026-04-29,2026-05-05
Nabisco Ritz or Snack Crackers,Lowes Foods,5.49,snacks,2026-05-13,2026-05-19
Nabisco Snack Crackers,Lowes Foods,8.0,snacks,2026-05-20,2026-05-26
Nerds Gummy Clusters,Lowes Foods,4.99,snacks,2026-05-20,2026-05-26
Old Trapper Jerky,Lowes Foods,14.99,snacks,2026-05-27,2026-06-02
Olly Metabolism Support Gummies,Lowes Foods,17.99,snacks,2026-05-13,2026-05-19
One Brand Protein Bar,Lowes Foods,5.0,snacks,2026-05-06,2026-05-12
Orville Redenbacher's Microwave Popcorn,Lowes Foods,5.0,snacks,2026-05-27,2026-06-02
Orville Redenbacher's Microwave Popcorn,Lowes Foods,5.0,snacks,2026-06-03,2026-06-09
Orville Redenbacher's Popcorn,Lowes Foods,3.99,snacks,2026-05-13,2026-05-19
Orville Redenbacher's Popcorn,Lowes Foods,3.99,snacks,2026-07-01,2026-07-07
Pace Queso Bowls,Lowes Foods,4.0,snacks,2026-04-29,2026-05-05
Pace Queso Bowls,Lowes Foods,5.0,snacks,2026-05-20,2026-05-26
Pace Salsa,Lowes Foods,4.0,snacks,2026-04-29,2026-05-05
Pace Salsa,Lowes Foods,5.0,snacks,2026-05-20,2026-05-26
Pace Salsa,Lowes Foods,5.0,snacks,2026-07-01,2026-07-07
Pepperidge Farm Goldfish Crackers or Crisps,Lowes Foods,7.0,snacks,2026-05-06,2026-05-12
Perfect Bar Protein Bar,Lowes Foods,5.0,snacks,2026-04-29,2026-05-05
Pirate's Booty Popcorn,Lowes Foods,2.99,snacks,2026-07-01,2026-07-07
Pretzel Crisps snack factory,Lowes Foods,7.99,snacks,2026-05-20,2026-05-26
Pringles Chips,Lowes Foods,5.0,snacks,2026-05-13,2026-05-19
Quest Protein Bars,Lowes Foods,5.0,snacks,2026-05-27,2026-06-02
Reese's Oreo Cups,Lowes Foods,1.49,snacks,2026-05-20,2026-05-26
Righteous Felon Craft Jerky,Lowes Foods,10.99,snacks,2026-05-27,2026-06-02
Ritz Crackers,Lowes Foods,8.0,snacks,2026-05-20,2026-05-26
Ritz Sandwich Crackers,Lowes Foods,7.0,snacks,2026-05-27,2026-06-02
SkinnyPop Popcorn,Lowes Foods,5.49,snacks,2026-04-29,2026-05-05
SkinnyPop Popcorn,Lowes Foods,7.0,snacks,2026-05-06,2026-05-12
Skittles Pop'd,Lowes Foods,5.99,snacks,2026-05-20,2026-05-26
Snack Factory Pretzel Crisps,Lowes Foods,7.0,snacks,2026-07-01,2026-07-07
Snack Pack Pudding,Lowes Foods,3.0,snacks,2026-05-27,2026-06-02
Spice Bazaar Dip Mixes,Lowes Foods,2.0,snacks,2026-04-22,2026-04-28
Spice Bazaar Seasoning or Dip Mixes,Lowes Foods,2.0,snacks,2026-04-29,2026-05-05
Spice Bazaar Seasoning or Dip Mixes,Lowes Foods,2.0,snacks,2026-09-02,2026-09-08
Fresh Stacks Oreo or Chips Ahoy!,Lowes Foods,6.0,snacks,2026-06-03,2026-06-09
Starburst Original Fruit Chews,Lowes Foods,4.99,snacks,2026-05-20,2026-05-26
Stauffer's Animal Crackers,Lowes Foods,5.0,snacks,2026-09-02,2026-09-08
SUPERPRETZEL SOFT PRETZELS,Lowes Foods,6.0,snacks,2026-09-02,2026-09-08
Town House or Club Crackers,Lowes Foods,5.0,snacks,2026-05-20,2026-05-26
Town House or Club Crackers,Lowes Foods,5.0,snacks,2026-07-22,2026-07-28
Town House or Club Crackers,Lowes Foods,6.0,snacks,2026-09-02,2026-09-08
Utz Party Size Chips,Lowes Foods,4.49,snacks,2026-04-29,2026-05-05
Vicks' Pure Zzz Gummies,Lowes Foods,5.99,snacks,2026-04-29,2026-05-05
Wholly Guacamole,Lowes Foods,2.49,snacks,2026-04-29,2026-05-05
Wilde Chips,Lowes Foods,8.0,snacks,2026-04-29,2026-05-05
Wilde Protein Chips,Lowes Foods,9.0,snacks,2026-04-22,2026-04-28
Yo Quiero Guacamole,Lowes Foods,4.99,snacks,2026-05-20,2026-05-26
Aloha Organic Protein Bars,Publix,9.99,snacks,2026-04-29,2026-05-05
Barebells Protein Bar,Publix,9.49,snacks,2026-04-22,2026-04-28
Barebells Protein Bar,Publix,5.0,snacks,2026-04-29,2026-05-05
Barebells Protein Bar,Publix,9.49,snacks,2026-05-20,2026-05-26
Barebells Protein Bar,Publix,5.0,snacks,2026-06-17,2026-06-23
Barebells Protein Bar,Publix,5.0,snacks,2026-07-01,2026-07-07
Barebells Protein Bar,Publix,5.0,snacks,2026-09-02,2026-09-08
Barnana Chips,Publix,7.0,snacks,2026-05-16,2026-05-29
Built Puff Protein Bar,Publix,8.99,snacks,2026-05-13,2026-05-19
Built Puff Protein Bar,Publix,8.99,snacks,2026-07-22,2026-07-28
Candy Hearts Grapes,Publix,3.99,snacks,2026-04-22,2026-04-28
Casa Martinez Salsa,Publix,9.0,snacks,2026-05-02,2026-05-15
Chomps Chomplings Mini Sticks,Publix,16.99,snacks,2026-05-06,2026-05-12
Frozen Cotton Candy Grapes,Publix,4.99,snacks,2026-04-29,2026-05-05
Frozen Cotton Candy Grapes,Publix,4.99,snacks,2026-05-06,2026-05-12
Frozen Cotton Candy Grapes,Publix,4.99,snacks,2026-05-13,2026-05-19
Frozen Cotton Candy Grapes,Publix,4.99,snacks,2026-06-03,2026-06-10
Frozen Cotton Candy Grapes,Publix,4.99,snacks,2026-06-10,2026-06-16
Frozen Cotton Candy Grapes,Publix,4.99,snacks,2026-09-02,2026-09-08
Organic Cotton Candy or Gummy Berries Grapes,Publix,3.99,snacks,2026-06-17,2026-06-23
Cowboy Smoking Wood Chips,Publix,3.99,snacks,2026-06-17,2026-06-23
Diamond Original Glazed Walnuts or Pecans,Publix,3.19,snacks,2026-04-18,2026-05-01
Ghost Protein Bar,Publix,7.99,snacks,2026-07-22,2026-07-28
Grüns Superfoods Greens Gummies,Publix,15.99,snacks,2026-05-30,2026-06-12
GreenWise Organic Cranberry Nut Mix,Publix,6.99,snacks,2026-09-02,2026-09-08
GreenWise Popcorn,Publix,2.49,snacks,2026-05-06,2026-05-12
GreenWise Popcorn,Publix,2.49,snacks,2026-05-20,2026-05-26
GreenWise Popcorn,Publix,2.49,snacks,2026-06-10,2026-06-16
GreenWise Popcorn,Publix,2.49,snacks,2026-06-17,2026-06-23
GreenWise Organic Salsa,Publix,6.0,snacks,2026-05-06,2026-05-12
Organic Gummy or Jelly Berries Grapes,Publix,3.99,snacks,2026-05-27,2026-06-03
Organic Gummy or Jelly Berries Grapes,Publix,3.99,snacks,2026-06-10,2026-06-16
Ithaca Hummus,Publix,3.99,snacks,2026-05-27,2026-06-03
King's Hawaiian Soft Pretzel Bites,Publix,5.0,snacks,2026-07-15,2026-07-28
Lance Sandwich Crackers,Publix,8.0,snacks,2026-05-13,2026-05-19
Lance Sandwich Crackers,Publix,6.99,snacks,2026-05-30,2026-06-12
Lance Sandwich Crackers,Publix,8.0,snacks,2026-07-01,2026-07-07
Lily's Baking Chips,Publix,5.99,snacks,2026-06-03,2026-06-10
Nabisco Family Size Oreo,Publix,9.0,snacks,2026-05-20,2026-05-26
On The Border Salsa or Queso,Publix,6.0,snacks,2026-05-06,2026-05-12
On The Border Salsa or Queso,Publix,6.0,snacks,2026-06-03,2026-06-10
Orchard and Almond Snack Box,Publix,4.79,snacks,2026-05-13,2026-05-19
Power Crunch Protein Energy Bar,Publix,6.99,snacks,2026-06-03,2026-06-10
Publix Guacamole With Pico,Publix,5.99,snacks,2026-06-10,2026-06-16
Publix Kettle Chips,Publix,7.0,snacks,2026-05-13,2026-05-19
Publix Kettle Chips,Publix,7.0,snacks,2026-06-10,2026-06-16
Publix Microwave Popcorn,Publix,6.0,snacks,2026-05-06,2026-05-12
Publix Microwave Popcorn,Publix,6.0,snacks,2026-07-01,2026-07-07
Publix Party Rounds Snack Crackers†,Publix,7.0,snacks,2026-05-27,2026-06-03
Publix Pistachio-Crusted Cod,Publix,9.99,snacks,2026-04-29,2026-05-05
Publix Salsa,Publix,2.29,snacks,2026-09-02,2026-09-08
Publix Salsa Con Queso Dip,Publix,7.0,snacks,2026-06-10,2026-06-16
Rxbar Protein Bar,Publix,7.99,snacks,2026-04-29,2026-05-05
Rxbar Protein Bar,Publix,7.99,snacks,2026-06-10,2026-06-16
Rxbar Protein Bar,Publix,4.0,snacks,2026-07-01,2026-07-07
Simple Mills Crackers,Publix,7.0,snacks,2026-06-03,2026-06-10
Tostitos Salsa,Publix,7.0,snacks,2026-07-22,2026-07-28
Town House Crackers,Publix,7.0,snacks,2026-06-17,2026-06-23
Town House Crackers Or Club,Publix,7.0,snacks,2026-05-06,2026-05-12
"Tums Extra Large 140 & 160-ct., Chewy Bites 54 & 60-ct., Gummies 45 & 50-ct., Nexium 14-ct. or Benefiber 5.1-oz",Publix,9.99,snacks,2026-04-18,2026-05-01
Wonderful Pistachios,Publix,10.99,snacks,2026-06-10,2026-06-16
